date,ticker,open,high,low,close,volume,daily_return,realized_volatility_5d,realized_volatility_20d,high_volatility_next_5d
2020-01-02,SYNTH_MKT,3007.43,3032.89,2974.61,3000.0,1449602,0.008981,,,0
2020-01-03,SYNTH_MKT,2994.01,3045.96,2978.06,3029.81,924078,0.009938,,,0
2020-01-06,SYNTH_MKT,3038.33,3065.93,2999.26,3026.74,1005140,-0.001013,,,0
2020-01-07,SYNTH_MKT,3019.62,3038.7,2957.32,2976.11,1208865,-0.016728,,,1
2020-01-08,SYNTH_MKT,2992.42,3007.44,2976.83,2991.85,1005983,0.005288,0.010953,,1
2020-01-09,SYNTH_MKT,2981.68,3042.43,2961.43,3021.91,1577988,0.010046,0.011148,,1
2020-01-10,SYNTH_MKT,3033.95,3071.91,3000.99,3038.89,1687287,0.005619,0.010479,,1
2020-01-13,SYNTH_MKT,3032.91,3137.78,2988.72,3092.73,2125661,0.017717,0.012824,,1
2020-01-14,SYNTH_MKT,3111.41,3141.03,2999.21,3028.04,1440391,-0.020917,0.014567,,1
2020-01-15,SYNTH_MKT,3033.41,3207.91,2965.52,3137.68,1647187,0.036208,0.020743,,1
2020-01-16,SYNTH_MKT,3128.11,3177.67,3034.79,3083.65,1704377,-0.01722,0.023973,,1
2020-01-17,SYNTH_MKT,3078.82,3180.14,3024.88,3125.39,2110182,0.013536,0.024342,,1
2020-01-20,SYNTH_MKT,3132.71,3181.21,2983.7,3030.62,1658090,-0.030322,0.027738,,1
2020-01-21,SYNTH_MKT,3040.19,3100.12,2921.28,2980.02,2671668,-0.016695,0.027143,,0
2020-01-22,SYNTH_MKT,2979.39,3089.53,2952.12,3061.51,1634756,0.027345,0.024065,,0
2020-01-23,SYNTH_MKT,3061.92,3094.2,3015.16,3047.29,1601927,-0.004646,0.023062,,0
2020-01-24,SYNTH_MKT,3054.22,3126.04,3022.1,3093.51,1628843,0.015169,0.02335,,0
2020-01-27,SYNTH_MKT,3094.73,3134.66,3060.59,3100.46,719527,0.002246,0.017128,,0
2020-01-28,SYNTH_MKT,3088.43,3128.09,3059.38,3098.94,771682,-0.00049,0.01314,,0
2020-01-29,SYNTH_MKT,3091.38,3164.87,3060.77,3133.84,875756,0.011261,0.008261,0.016764,0
2020-01-30,SYNTH_MKT,3136.05,3180.21,3084.93,3129.0,1328376,-0.001543,0.00746,0.016724,0
2020-01-31,SYNTH_MKT,3140.41,3172.84,3053.65,3085.52,991752,-0.013896,0.009033,0.016993,0
2020-02-03,SYNTH_MKT,3100.48,3137.67,3029.98,3066.77,885891,-0.006076,0.00917,0.017063,0
2020-02-04,SYNTH_MKT,3073.94,3096.9,3058.45,3081.37,1358843,0.00476,0.009693,0.016571,0
2020-02-05,SYNTH_MKT,3084.02,3105.86,3070.4,3092.2,1473726,0.003514,0.007621,0.016557,0
2020-02-06,SYNTH_MKT,3099.14,3146.42,3007.91,3054.51,1368678,-0.012186,0.008652,0.016718,0
2020-02-07,SYNTH_MKT,3048.4,3076.46,3009.92,3037.88,807935,-0.005445,0.007114,0.016729,0
2020-02-10,SYNTH_MKT,3036.49,3055.64,3005.73,3024.81,883545,-0.004304,0.006971,0.016226,0
2020-02-11,SYNTH_MKT,3017.33,3036.38,2997.97,3017.02,1573707,-0.002574,0.005646,0.015544,0
2020-02-12,SYNTH_MKT,3005.72,3024.37,2966.35,2984.87,1062139,-0.010657,0.00417,0.013134,0
2020-02-13,SYNTH_MKT,2987.86,3005.68,2953.19,2970.91,935282,-0.004677,0.003052,0.012681,0
2020-02-14,SYNTH_MKT,2972.56,2983.46,2943.8,2954.63,1196723,-0.005479,0.003052,0.012175,0
2020-02-17,SYNTH_MKT,2960.73,2982.23,2952.43,2973.9,1286370,0.006522,0.00628,0.010445,0
2020-02-18,SYNTH_MKT,2978.78,3018.21,2954.89,2994.19,866873,0.006823,0.007801,0.009881,0
2020-02-19,SYNTH_MKT,2996.37,3015.63,2972.52,2991.75,1056392,-0.000816,0.005927,0.007555,0
2020-02-20,SYNTH_MKT,2996.74,3036.39,2943.95,2983.41,1260665,-0.002786,0.005566,0.00752,0
2020-02-21,SYNTH_MKT,2983.03,3017.59,2953.28,2987.8,748209,0.001469,0.004317,0.006525,0
2020-02-24,SYNTH_MKT,2991.5,3021.0,2940.04,2969.32,1003091,-0.006183,0.004871,0.006528,0
2020-02-25,SYNTH_MKT,2962.86,2980.12,2925.97,2943.12,756844,-0.008825,0.004121,0.006681,0
2020-02-26,SYNTH_MKT,2946.39,2970.89,2897.71,2922.01,782004,-0.007172,0.004094,0.005901,0
2020-02-27,SYNTH_MKT,2927.87,2957.87,2878.41,2908.2,868684,-0.004729,0.003957,0.005889,0
2020-02-28,SYNTH_MKT,2902.35,2936.21,2848.53,2882.15,1126685,-0.008958,0.001794,0.005529,0
2020-03-02,SYNTH_MKT,2882.59,2911.21,2858.31,2886.89,922649,0.001646,0.004399,0.005601,0
2020-03-03,SYNTH_MKT,2881.49,2942.85,2843.7,2904.75,850352,0.006188,0.006346,0.005713,0
2020-03-04,SYNTH_MKT,2900.17,2925.78,2843.55,2868.89,1012972,-0.012347,0.00758,0.00587,0
2020-03-05,SYNTH_MKT,2859.21,2904.83,2824.98,2870.47,750706,0.000551,0.007756,0.005587,0
2020-03-06,SYNTH_MKT,2881.37,2901.08,2846.82,2866.43,1113157,-0.001409,0.006891,0.005571,0
2020-03-09,SYNTH_MKT,2875.59,2887.24,2863.61,2875.26,1326901,0.003082,0.007061,0.005715,0
2020-03-10,SYNTH_MKT,2879.9,2908.33,2847.57,2875.97,980393,0.000246,0.006016,0.005748,0
2020-03-11,SYNTH_MKT,2892.98,2926.84,2810.26,2843.53,950599,-0.011279,0.005557,0.005796,0
2020-03-12,SYNTH_MKT,2841.92,2873.47,2784.55,2815.81,1097856,-0.009749,0.00634,0.006008,0
2020-03-13,SYNTH_MKT,2841.42,2871.22,2787.91,2817.46,602229,0.000585,0.006588,0.006011,0
2020-03-16,SYNTH_MKT,2815.53,2862.68,2794.68,2841.63,1143626,0.00858,0.008205,0.006186,0
2020-03-17,SYNTH_MKT,2843.81,2859.66,2776.73,2792.29,2171615,-0.017363,0.010331,0.006664,0
2020-03-18,SYNTH_MKT,2788.96,2831.82,2758.26,2800.99,969796,0.003116,0.010443,0.006803,0
2020-03-19,SYNTH_MKT,2804.12,2858.35,2774.66,2828.63,970657,0.009867,0.010931,0.007411,0
2020-03-20,SYNTH_MKT,2835.72,2854.31,2807.63,2826.16,1204303,-0.000874,0.010963,0.007361,0
2020-03-23,SYNTH_MKT,2825.19,2877.17,2787.79,2839.58,1508827,0.004752,0.01039,0.007498,0
2020-03-24,SYNTH_MKT,2854.72,2869.76,2809.73,2824.61,1276015,-0.005275,0.005731,0.007374,0
2020-03-25,SYNTH_MKT,2826.63,2844.91,2804.65,2822.9,583388,-0.000605,0.005842,0.007278,0
2020-03-26,SYNTH_MKT,2825.19,2868.54,2744.51,2787.28,1151251,-0.012617,0.00648,0.007655,0
2020-03-27,SYNTH_MKT,2779.68,2813.8,2702.4,2735.98,1902145,-0.018405,0.009246,0.00836,0
2020-03-30,SYNTH_MKT,2739.42,2777.89,2719.23,2757.57,1168370,0.007892,0.010248,0.008638,0
2020-03-31,SYNTH_MKT,2756.47,2783.89,2709.58,2736.81,749274,-0.00753,0.010269,0.008475,0
2020-04-01,SYNTH_MKT,2731.82,2757.55,2702.1,2727.79,1072998,-0.003294,0.009965,0.008183,0
2020-04-02,SYNTH_MKT,2721.44,2742.62,2677.49,2698.49,726024,-0.010742,0.009723,0.00835,0
2020-04-03,SYNTH_MKT,2720.12,2734.2,2655.19,2669.0,1360974,-0.01093,0.007804,0.008521,0
2020-04-06,SYNTH_MKT,2666.89,2689.82,2643.3,2666.22,787437,-0.001041,0.004431,0.008402,0
2020-04-07,SYNTH_MKT,2654.57,2674.14,2632.04,2651.59,1018734,-0.005487,0.004431,0.008357,0
2020-04-08,SYNTH_MKT,2646.04,2686.58,2620.14,2660.54,806989,0.003374,0.006208,0.008329,0
2020-04-09,SYNTH_MKT,2660.13,2706.68,2624.7,2671.1,872308,0.00397,0.006272,0.008334,0
2020-04-10,SYNTH_MKT,2675.48,2699.02,2655.38,2678.89,1449962,0.002917,0.004002,0.008397,0
2020-04-13,SYNTH_MKT,2683.35,2697.21,2671.09,2684.95,1026201,0.002259,0.003904,0.008071,0
2020-04-14,SYNTH_MKT,2690.4,2747.24,2663.22,2719.77,869531,0.012972,0.004446,0.008041,0
2020-04-15,SYNTH_MKT,2714.51,2734.85,2677.28,2697.5,751032,-0.008191,0.007516,0.008112,0
2020-04-16,SYNTH_MKT,2700.25,2722.33,2675.2,2697.26,626300,-8.9e-05,0.007575,0.007648,0
2020-04-17,SYNTH_MKT,2690.17,2743.42,2669.63,2722.64,731381,0.009412,0.008299,0.008085,0
2020-04-20,SYNTH_MKT,2717.58,2800.02,2669.3,2751.14,1028385,0.010466,0.008842,0.008424,0
2020-04-21,SYNTH_MKT,2743.56,2759.37,2705.13,2720.81,1277695,-0.011024,0.009832,0.008653,0
2020-04-22,SYNTH_MKT,2711.11,2734.64,2691.46,2714.96,869281,-0.002149,0.008882,0.008648,0
2020-04-23,SYNTH_MKT,2723.63,2769.53,2699.7,2745.41,1480879,0.011215,0.009821,0.008737,0
2020-04-24,SYNTH_MKT,2751.08,2773.18,2735.47,2757.53,835792,0.004415,0.009321,0.007739,0
2020-04-27,SYNTH_MKT,2765.61,2799.9,2728.55,2762.8,942232,0.001912,0.008235,0.007548,0
2020-04-28,SYNTH_MKT,2763.13,2796.43,2725.7,2758.96,763460,-0.001391,0.005391,0.007343,0
2020-04-29,SYNTH_MKT,2765.39,2789.2,2727.77,2751.45,1281063,-0.00272,0.005527,0.007329,0
2020-04-30,SYNTH_MKT,2736.91,2780.05,2715.79,2758.76,1689407,0.002656,0.002949,0.006848,0
2020-05-01,SYNTH_MKT,2765.9,2789.0,2731.15,2754.16,643743,-0.001669,0.002374,0.006279,0
2020-05-04,SYNTH_MKT,2755.62,2778.71,2731.1,2754.18,917098,9e-06,0.002076,0.00626,0
2020-05-05,SYNTH_MKT,2759.36,2782.78,2733.48,2756.88,1371897,0.000979,0.002126,0.006036,0
2020-05-06,SYNTH_MKT,2760.02,2782.23,2720.81,2742.89,696465,-0.005075,0.002942,0.006225,1
2020-05-07,SYNTH_MKT,2734.77,2782.56,2707.94,2755.52,1152197,0.004607,0.003552,0.006239,1
2020-05-08,SYNTH_MKT,2743.14,2854.05,2710.74,2820.73,1357124,0.023664,0.011079,0.007961,0
2020-05-11,SYNTH_MKT,2814.71,2825.62,2770.83,2781.62,1019749,-0.013866,0.013955,0.008774,0
2020-05-12,SYNTH_MKT,2786.33,2802.63,2773.52,2789.8,1147477,0.002942,0.013944,0.00838,0
2020-05-13,SYNTH_MKT,2795.58,2806.18,2763.29,2773.81,1553057,-0.005732,0.014036,0.00825,0
2020-05-14,SYNTH_MKT,2762.43,2821.79,2728.55,2787.6,1627600,0.004969,0.014051,0.008279,0
2020-05-15,SYNTH_MKT,2779.39,2816.95,2752.15,2789.61,984627,0.000722,0.007664,0.008077,0
2020-05-18,SYNTH_MKT,2783.56,2837.97,2753.44,2807.59,875382,0.006445,0.004764,0.007883,0
2020-05-19,SYNTH_MKT,2804.58,2843.71,2795.94,2834.97,794537,0.009754,0.005969,0.007572,0
2020-05-20,SYNTH_MKT,2823.39,2885.61,2778.39,2840.33,1276652,0.001889,0.003618,0.007507,0
2020-05-21,SYNTH_MKT,2828.21,2885.3,2810.21,2867.05,709678,0.009406,0.004184,0.007404,0
2020-05-22,SYNTH_MKT,2859.98,2887.07,2787.62,2814.28,938808,-0.018404,0.011736,0.00869,0
2020-05-25,SYNTH_MKT,2815.01,2885.91,2780.62,2851.07,1026004,0.013074,0.012722,0.009097,0
2020-05-26,SYNTH_MKT,2840.98,2874.51,2827.19,2860.63,881834,0.00335,0.012202,0.009077,0
2020-05-27,SYNTH_MKT,2859.63,2905.39,2840.72,2886.29,1072459,0.008973,0.01261,0.009143,0
2020-05-28,SYNTH_MKT,2895.46,2923.02,2831.93,2859.14,1898621,-0.009409,0.013122,0.009518,0
2020-05-29,SYNTH_MKT,2847.97,2905.59,2783.66,2841.14,970057,-0.006296,0.009644,0.009663,0
2020-06-01,SYNTH_MKT,2839.38,2873.91,2810.97,2845.45,896863,0.001518,0.007442,0.009655,0
2020-06-02,SYNTH_MKT,2854.2,2897.65,2802.72,2846.06,1288956,0.000214,0.007177,0.00966,0
2020-06-03,SYNTH_MKT,2842.48,2892.37,2803.76,2853.5,1061726,0.002615,0.005281,0.009531,0
2020-06-04,SYNTH_MKT,2848.59,2908.83,2819.33,2879.25,1433091,0.009026,0.005484,0.009644,0
2020-06-05,SYNTH_MKT,2889.3,2903.3,2825.85,2839.6,1042031,-0.013772,0.008371,0.00887,0
2020-06-08,SYNTH_MKT,2836.99,2900.04,2800.0,2862.72,939783,0.008141,0.009172,0.008361,0
2020-06-09,SYNTH_MKT,2872.2,2880.27,2855.87,2863.91,640227,0.000416,0.009167,0.008357,0
2020-06-10,SYNTH_MKT,2867.59,2911.19,2816.76,2860.24,667021,-0.00128,0.009191,0.008217,0
2020-06-11,SYNTH_MKT,2857.3,2884.73,2800.44,2827.58,631962,-0.011419,0.008999,0.008664,0
2020-06-12,SYNTH_MKT,2831.65,2860.97,2810.69,2839.95,1099477,0.004374,0.007376,0.008702,0
2020-06-15,SYNTH_MKT,2842.68,2863.82,2765.37,2786.1,711370,-0.018963,0.009572,0.009657,0
2020-06-16,SYNTH_MKT,2794.63,2833.5,2762.73,2801.52,1368745,0.005537,0.010569,0.009469,0
2020-06-17,SYNTH_MKT,2796.91,2818.88,2747.32,2769.06,1007590,-0.011587,0.010822,0.009762,0
2020-06-18,SYNTH_MKT,2769.4,2803.53,2737.11,2771.22,940779,0.000778,0.010786,0.009453,0
2020-06-19,SYNTH_MKT,2770.7,2785.67,2754.59,2769.54,809803,-0.000603,0.010026,0.008592,0
2020-06-22,SYNTH_MKT,2775.39,2806.43,2765.47,2796.43,1168317,0.009706,0.008018,0.008335,0
2020-06-23,SYNTH_MKT,2787.83,2817.19,2764.09,2793.41,817810,-0.001079,0.007567,0.008274,0
2020-06-24,SYNTH_MKT,2801.93,2826.94,2754.07,2778.87,781652,-0.005203,0.005496,0.007962,0
2020-06-25,SYNTH_MKT,2782.76,2803.37,2748.08,2768.58,1345933,-0.003703,0.005839,0.007778,0
2020-06-26,SYNTH_MKT,2757.65,2836.1,2719.84,2797.75,1092703,0.010533,0.007518,0.008142,0
2020-06-29,SYNTH_MKT,2807.89,2825.9,2792.73,2810.73,942959,0.00464,0.006501,0.008217,0
2020-06-30,SYNTH_MKT,2829.57,2858.01,2774.86,2803.04,1173931,-0.002735,0.006675,0.008229,0
2020-07-01,SYNTH_MKT,2811.46,2836.97,2773.33,2798.72,1002235,-0.001542,0.006035,0.008192,0
2020-07-02,SYNTH_MKT,2810.7,2819.21,2756.24,2764.61,1100487,-0.012187,0.008523,0.008208,0
2020-07-03,SYNTH_MKT,2765.32,2783.95,2755.57,2774.17,815289,0.003458,0.006669,0.007801,0
2020-07-06,SYNTH_MKT,2760.34,2784.76,2711.88,2736.08,1677995,-0.013729,0.007346,0.007963,0
2020-07-07,SYNTH_MKT,2720.95,2799.55,2675.44,2753.5,865104,0.006364,0.009078,0.008176,0
2020-07-08,SYNTH_MKT,2755.6,2787.95,2724.97,2757.29,1475510,0.001379,0.009328,0.008208,0
2020-07-09,SYNTH_MKT,2752.4,2821.32,2742.21,2810.91,953880,0.019446,0.011871,0.009152,0
2020-07-10,SYNTH_MKT,2803.2,2829.11,2761.4,2787.16,1223571,-0.008451,0.012994,0.009259,0
2020-07-13,SYNTH_MKT,2786.63,2819.33,2753.16,2785.84,1201482,-0.000471,0.010313,0.008225,0
2020-07-14,SYNTH_MKT,2790.99,2850.68,2767.5,2826.9,1332041,0.014736,0.011477,0.008788,0
2020-07-15,SYNTH_MKT,2814.58,2892.98,2776.96,2854.83,810457,0.009881,0.011375,0.008543,0
2020-07-16,SYNTH_MKT,2850.98,2866.03,2824.94,2839.93,1308535,-0.00522,0.009896,0.008676,0
2020-07-17,SYNTH_MKT,2852.79,2881.89,2816.98,2846.01,1586626,0.002142,0.008032,0.008667,0
2020-07-20,SYNTH_MKT,2836.83,2881.74,2802.26,2847.05,937373,0.000366,0.007918,0.008444,0
2020-07-21,SYNTH_MKT,2854.48,2874.49,2834.46,2854.47,1008714,0.002606,0.005415,0.008438,0
2020-07-22,SYNTH_MKT,2850.32,2870.54,2819.37,2839.51,877339,-0.005239,0.003889,0.00844,0
2020-07-23,SYNTH_MKT,2844.16,2869.48,2813.21,2838.48,917035,-0.000365,0.003124,0.008372,0
2020-07-24,SYNTH_MKT,2847.82,2879.07,2772.43,2803.18,1533964,-0.012434,0.005994,0.008608,0
2020-07-27,SYNTH_MKT,2809.42,2833.98,2782.65,2807.2,777976,0.001431,0.006161,0.008549,0
2020-07-28,SYNTH_MKT,2814.85,2854.07,2779.11,2818.28,790152,0.00395,0.006477,0.008569,0
2020-07-29,SYNTH_MKT,2808.55,2833.71,2789.02,2814.14,1495895,-0.001469,0.0063,0.008568,0
2020-07-30,SYNTH_MKT,2823.55,2833.39,2769.08,2778.77,1168986,-0.01257,0.007802,0.008598,0
2020-07-31,SYNTH_MKT,2771.66,2848.53,2725.35,2801.72,1699089,0.008258,0.007842,0.008756,0
2020-08-03,SYNTH_MKT,2803.9,2828.8,2786.0,2810.87,893499,0.003266,0.007972,0.0081,0
2020-08-04,SYNTH_MKT,2813.04,2831.4,2777.28,2795.53,1032073,-0.005458,0.008002,0.008148,0
2020-08-05,SYNTH_MKT,2799.59,2823.49,2766.41,2790.23,847750,-0.001895,0.008002,0.008169,0
2020-08-06,SYNTH_MKT,2793.05,2818.38,2732.7,2757.71,1036474,-0.011655,0.007696,0.007313,0
2020-08-07,SYNTH_MKT,2750.73,2770.68,2716.2,2736.05,641770,-0.007853,0.005706,0.007281,0
2020-08-10,SYNTH_MKT,2724.97,2749.03,2701.18,2725.24,1186773,-0.003952,0.003762,0.007312,0
2020-08-11,SYNTH_MKT,2732.37,2776.76,2708.76,2752.97,1084228,0.010177,0.00828,0.00685,0
2020-08-12,SYNTH_MKT,2754.51,2780.67,2713.82,2739.85,985714,-0.004766,0.008281,0.006357,0
2020-08-13,SYNTH_MKT,2749.3,2772.01,2732.17,2754.84,907019,0.005472,0.007638,0.006522,0
2020-08-14,SYNTH_MKT,2754.47,2799.44,2699.15,2743.94,799564,-0.003957,0.006814,0.006485,0
2020-08-17,SYNTH_MKT,2732.38,2772.93,2709.94,2750.35,1199528,0.002334,0.006328,0.006535,0
2020-08-18,SYNTH_MKT,2758.32,2789.0,2717.63,2748.2,746191,-0.000781,0.004295,0.00646,0
2020-08-19,SYNTH_MKT,2745.14,2777.46,2736.12,2768.35,1136523,0.007334,0.004577,0.006722,0
2020-08-20,SYNTH_MKT,2771.19,2790.36,2738.41,2757.48,1679696,-0.003928,0.004763,0.006745,0
2020-08-21,SYNTH_MKT,2752.12,2768.94,2707.11,2723.75,1449734,-0.01223,0.007319,0.006728,0
2020-08-24,SYNTH_MKT,2737.19,2777.37,2655.04,2694.59,686408,-0.010706,0.00793,0.006999,0
2020-08-25,SYNTH_MKT,2687.51,2704.86,2666.74,2684.07,874428,-0.003905,0.007727,0.006866,0
2020-08-26,SYNTH_MKT,2681.36,2713.08,2626.74,2658.19,1111113,-0.009642,0.003912,0.007047,0
2020-08-27,SYNTH_MKT,2659.05,2684.38,2642.57,2667.84,982582,0.003632,0.006515,0.006794,0
2020-08-28,SYNTH_MKT,2659.1,2677.69,2640.25,2658.84,704792,-0.003376,0.00575,0.006353,0
2020-08-31,SYNTH_MKT,2661.47,2731.47,2640.67,2710.28,1101121,0.019347,0.011178,0.00795,0
2020-09-01,SYNTH_MKT,2723.38,2761.34,2636.29,2673.55,997498,-0.013552,0.01297,0.008343,1
2020-09-02,SYNTH_MKT,2669.62,2690.52,2657.98,2678.84,1613783,0.001979,0.011975,0.008395,1
2020-09-03,SYNTH_MKT,2682.02,2691.5,2646.21,2655.6,938655,-0.008674,0.012697,0.00824,1
2020-09-04,SYNTH_MKT,2633.7,2658.2,2621.61,2646.05,1339104,-0.003597,0.012708,0.008131,1
2020-09-07,SYNTH_MKT,2645.74,2674.01,2624.71,2652.92,1238444,0.002596,0.006931,0.008164,1
2020-09-08,SYNTH_MKT,2650.43,2674.42,2519.0,2542.01,1314722,-0.041807,0.018415,0.011786,1
2020-09-09,SYNTH_MKT,2535.77,2570.23,2518.63,2552.97,2036115,0.004313,0.018817,0.011925,1
2020-09-10,SYNTH_MKT,2561.26,2665.27,2537.27,2640.55,2229017,0.034302,0.027199,0.014521,0
2020-09-11,SYNTH_MKT,2637.96,2660.01,2597.23,2619.13,1338139,-0.008112,0.027388,0.01458,1
2020-09-14,SYNTH_MKT,2617.73,2653.16,2596.19,2631.51,1710263,0.004727,0.027489,0.014629,1
2020-09-15,SYNTH_MKT,2628.53,2726.02,2583.58,2680.19,1203499,0.018499,0.016188,0.015339,1
2020-09-16,SYNTH_MKT,2664.77,2709.59,2627.69,2672.41,1624700,-0.002901,0.017195,0.015212,1
2020-09-17,SYNTH_MKT,2663.33,2698.09,2610.09,2644.6,2095639,-0.010407,0.011688,0.015331,1
2020-09-18,SYNTH_MKT,2652.22,2674.21,2515.37,2536.4,1524838,-0.040913,0.022153,0.017525,0
2020-09-21,SYNTH_MKT,2520.34,2557.8,2512.92,2550.29,939639,0.005478,0.022248,0.017544,0
2020-09-22,SYNTH_MKT,2544.43,2559.69,2533.63,2548.88,753935,-0.000555,0.018268,0.017547,0
2020-09-23,SYNTH_MKT,2545.82,2567.78,2507.3,2529.12,850365,-0.007751,0.017932,0.017511,0
2020-09-24,SYNTH_MKT,2542.35,2573.55,2501.48,2532.57,1551974,0.001363,0.018755,0.017478,0
2020-09-25,SYNTH_MKT,2538.4,2569.91,2490.33,2521.63,1018398,-0.004319,0.005104,0.017482,0
2020-09-28,SYNTH_MKT,2517.41,2545.91,2483.41,2511.85,778351,-0.003877,0.003539,0.016709,0
2020-09-29,SYNTH_MKT,2521.68,2539.68,2506.93,2524.91,924323,0.0052,0.005125,0.016651,0
2020-09-30,SYNTH_MKT,2519.3,2541.72,2476.53,2498.76,670751,-0.010357,0.005939,0.016696,0
2020-10-01,SYNTH_MKT,2506.32,2539.51,2487.49,2520.57,776048,0.008729,0.007745,0.016856,0
2020-10-02,SYNTH_MKT,2510.3,2530.37,2473.33,2493.27,1405066,-0.010831,0.008917,0.016958,0
2020-10-05,SYNTH_MKT,2501.3,2543.69,2438.88,2480.92,965006,-0.004952,0.008979,0.016915,0
2020-10-06,SYNTH_MKT,2477.9,2529.65,2468.37,2519.96,1604292,0.015734,0.011961,0.014761,0
2020-10-07,SYNTH_MKT,2512.18,2563.56,2492.43,2543.57,976444,0.009369,0.011048,0.014887,0
2020-10-08,SYNTH_MKT,2541.91,2581.19,2507.22,2546.44,991045,0.001131,0.010684,0.012514,0
2020-10-09,SYNTH_MKT,2548.56,2556.05,2520.75,2528.17,1173773,-0.007174,0.009654,0.012491,0
2020-10-12,SYNTH_MKT,2524.42,2540.14,2502.68,2518.35,512657,-0.003884,0.009449,0.012406,0
2020-10-13,SYNTH_MKT,2522.54,2539.4,2503.86,2520.71,1052570,0.000936,0.006254,0.011455,0
2020-10-14,SYNTH_MKT,2516.3,2542.29,2496.41,2522.35,987828,0.00065,0.003715,0.011484,0
2020-10-15,SYNTH_MKT,2527.05,2535.09,2513.37,2521.4,1449921,-0.000377,0.003486,0.011353,0
2020-10-16,SYNTH_MKT,2524.74,2552.97,2493.47,2521.66,1272737,0.000103,0.00195,0.006811,0
2020-10-19,SYNTH_MKT,2521.2,2550.11,2489.35,2518.22,753201,-0.001365,0.00091,0.006678,0
2020-10-20,SYNTH_MKT,2514.88,2542.13,2463.07,2490.05,1364154,-0.011186,0.004948,0.007084,0
2020-10-21,SYNTH_MKT,2491.18,2504.43,2467.44,2480.63,936525,-0.003782,0.004645,0.006943,0
2020-10-22,SYNTH_MKT,2484.73,2522.51,2462.0,2499.65,797627,0.007667,0.006808,0.007192,0
2020-10-23,SYNTH_MKT,2515.11,2528.2,2460.3,2473.16,1050510,-0.010597,0.007716,0.007492,0
2020-10-26,SYNTH_MKT,2480.13,2498.66,2451.83,2470.28,950571,-0.001166,0.007733,0.007461,0
2020-10-27,SYNTH_MKT,2477.51,2520.65,2412.19,2454.94,1469050,-0.006208,0.006812,0.007413,0
2020-10-28,SYNTH_MKT,2477.69,2500.44,2435.42,2457.99,1088886,0.001241,0.007001,0.007122,0
2020-10-29,SYNTH_MKT,2461.79,2471.76,2441.28,2451.21,1052759,-0.002759,0.00462,0.006768,0
2020-10-30,SYNTH_MKT,2454.77,2504.66,2431.4,2481.04,1252525,0.012169,0.006982,0.007025,0
2020-11-02,SYNTH_MKT,2486.28,2500.41,2477.84,2491.96,1314186,0.004403,0.007062,0.007005,0
2020-11-03,SYNTH_MKT,2484.42,2494.36,2456.8,2466.68,1216406,-0.010144,0.008287,0.006353,0
2020-11-04,SYNTH_MKT,2463.4,2492.29,2451.98,2480.79,1425989,0.00572,0.00856,0.006085,0
2020-11-05,SYNTH_MKT,2477.02,2494.42,2448.96,2466.28,1164358,-0.005847,0.009074,0.006142,0
2020-11-06,SYNTH_MKT,2471.07,2502.08,2424.95,2455.76,1042803,-0.004266,0.006835,0.006036,0
2020-11-09,SYNTH_MKT,2454.48,2490.16,2427.2,2462.79,1363142,0.002861,0.006499,0.00608,0
2020-11-10,SYNTH_MKT,2463.81,2490.64,2427.23,2453.96,977532,-0.003584,0.005022,0.006085,0
2020-11-11,SYNTH_MKT,2461.97,2483.24,2451.12,2472.35,1008346,0.007493,0.005642,0.006387,0
2020-11-12,SYNTH_MKT,2478.75,2495.2,2441.59,2457.89,1537863,-0.005846,0.005642,0.006476,0
2020-11-13,SYNTH_MKT,2456.7,2480.99,2422.39,2446.58,1500023,-0.004602,0.005697,0.006509,0
2020-11-16,SYNTH_MKT,2441.67,2457.02,2419.29,2434.59,997958,-0.004901,0.005527,0.006553,0
2020-11-17,SYNTH_MKT,2442.89,2461.66,2405.79,2424.43,892804,-0.004175,0.005568,0.006195,0
2020-11-18,SYNTH_MKT,2430.06,2472.45,2404.38,2446.6,1441657,0.009144,0.006302,0.006586,0
2020-11-19,SYNTH_MKT,2434.81,2477.97,2416.78,2459.76,1221530,0.00538,0.006615,0.006452,0
2020-11-20,SYNTH_MKT,2457.45,2518.47,2433.6,2494.27,1082091,0.01403,0.008291,0.006821,0
2020-11-23,SYNTH_MKT,2495.51,2578.93,2457.65,2540.39,922684,0.018491,0.008677,0.007906,0
2020-11-24,SYNTH_MKT,2546.33,2566.98,2499.89,2520.33,1086459,-0.007896,0.010089,0.008,0
2020-11-25,SYNTH_MKT,2527.21,2561.38,2488.54,2522.64,994587,0.000913,0.010484,0.008001,0
2020-11-26,SYNTH_MKT,2524.78,2552.65,2472.19,2499.78,846974,-0.00906,0.012547,0.008289,0
2020-11-27,SYNTH_MKT,2504.17,2511.51,2477.82,2485.11,1032786,-0.005871,0.011394,0.007987,0
2020-11-30,SYNTH_MKT,2485.58,2496.5,2462.59,2473.45,1068607,-0.004691,0.003879,0.007989,0
2020-12-01,SYNTH_MKT,2468.45,2481.94,2439.99,2453.4,910420,-0.008107,0.003915,0.00787,0
2020-12-02,SYNTH_MKT,2451.47,2464.66,2420.51,2433.61,1253521,-0.008065,0.001809,0.007924,0
2020-12-03,SYNTH_MKT,2433.75,2454.29,2411.13,2431.65,1380171,-0.000804,0.003009,0.007839,0
2020-12-04,SYNTH_MKT,2431.4,2458.77,2381.71,2408.83,1274398,-0.009384,0.003487,0.008043,0
2020-12-07,SYNTH_MKT,2395.21,2459.43,2362.1,2425.9,933268,0.007087,0.006989,0.008202,0
2020-12-08,SYNTH_MKT,2423.01,2447.32,2384.77,2408.94,1207987,-0.006992,0.006836,0.008299,0
2020-12-09,SYNTH_MKT,2409.35,2481.22,2392.44,2463.93,1019681,0.022827,0.013004,0.009704,0
2020-12-10,SYNTH_MKT,2461.85,2474.48,2443.3,2455.9,734227,-0.003261,0.013207,0.009641,0
2020-12-11,SYNTH_MKT,2454.08,2480.5,2431.79,2458.17,1183152,0.000926,0.011693,0.009581,0
2020-12-14,SYNTH_MKT,2461.77,2483.69,2411.89,2433.56,1037208,-0.010013,0.013031,0.009792,0
2020-12-15,SYNTH_MKT,2425.68,2491.14,2402.56,2467.62,1912453,0.013999,0.013313,0.010216,0
2020-12-16,SYNTH_MKT,2455.57,2533.49,2413.27,2490.59,1439531,0.009306,0.009622,0.010223,0
2020-12-17,SYNTH_MKT,2487.99,2531.75,2453.75,2497.38,1194571,0.002725,0.009134,0.010179,0
2020-12-18,SYNTH_MKT,2503.1,2532.99,2441.83,2471.34,1064273,-0.010424,0.011098,0.009974,0
2020-12-21,SYNTH_MKT,2483.85,2496.15,2464.11,2476.37,1041779,0.002035,0.009227,0.00896,0
2020-12-22,SYNTH_MKT,2482.18,2498.93,2438.46,2455.02,778082,-0.008621,0.00831,0.00899,0
2020-12-23,SYNTH_MKT,2444.21,2505.52,2423.63,2484.6,647428,0.012049,0.009202,0.009465,0
2020-12-24,SYNTH_MKT,2482.87,2515.81,2468.72,2501.56,804013,0.006824,0.009723,0.009394,0
2020-12-25,SYNTH_MKT,2503.48,2531.39,2476.44,2504.34,988141,0.001114,0.007674,0.00929,0
2020-12-28,SYNTH_MKT,2505.68,2531.3,2431.28,2456.41,590736,-0.019141,0.012466,0.010224,0
2020-12-29,SYNTH_MKT,2460.38,2471.32,2427.1,2437.94,872772,-0.007517,0.012318,0.010201,0
2020-12-30,SYNTH_MKT,2431.23,2485.53,2398.2,2452.21,939973,0.005852,0.010861,0.010116,0
2020-12-31,SYNTH_MKT,2452.68,2499.67,2430.1,2476.86,947567,0.010053,0.011628,0.010335,0
2021-01-01,SYNTH_MKT,2479.98,2508.99,2470.77,2499.7,847528,0.009223,0.012677,0.01019,0
2021-01-04,SYNTH_MKT,2505.9,2527.43,2447.52,2468.74,918164,-0.012386,0.010306,0.010591,0
2021-01-05,SYNTH_MKT,2462.78,2500.13,2438.33,2475.56,1538754,0.002762,0.009129,0.01043,0
2021-01-06,SYNTH_MKT,2473.0,2528.22,2441.61,2496.54,1180025,0.008474,0.009398,0.009314,0
2021-01-07,SYNTH_MKT,2476.29,2494.74,2445.93,2464.29,869292,-0.012917,0.010955,0.009769,0
2021-01-08,SYNTH_MKT,2459.7,2494.86,2429.91,2465.0,983058,0.000287,0.009511,0.009768,0
2021-01-11,SYNTH_MKT,2461.12,2494.86,2437.62,2471.26,992946,0.002541,0.007946,0.009477,0
2021-01-12,SYNTH_MKT,2463.7,2474.91,2454.98,2466.18,825316,-0.002056,0.007854,0.008967,0
2021-01-13,SYNTH_MKT,2467.41,2475.15,2422.87,2430.5,825073,-0.014467,0.00783,0.009242,0
2021-01-14,SYNTH_MKT,2430.09,2462.39,2392.79,2425.02,1287408,-0.002256,0.0066,0.009198,0
2021-01-15,SYNTH_MKT,2408.58,2452.39,2375.87,2419.52,900373,-0.002268,0.006358,0.008956,0
2021-01-18,SYNTH_MKT,2421.08,2445.52,2393.1,2417.5,760579,-0.000835,0.005672,0.008927,0
2021-01-19,SYNTH_MKT,2410.77,2446.41,2371.86,2407.45,989272,-0.004158,0.005533,0.008785,0
2021-01-20,SYNTH_MKT,2410.96,2442.36,2368.5,2399.76,1029941,-0.003194,0.001236,0.008244,0
2021-01-21,SYNTH_MKT,2390.53,2427.52,2362.96,2399.84,610683,3.2e-05,0.001703,0.008011,0
2021-01-22,SYNTH_MKT,2400.05,2421.59,2387.68,2409.17,989865,0.00389,0.00315,0.008092,0
2021-01-25,SYNTH_MKT,2407.12,2444.98,2366.34,2404.15,1242337,-0.002085,0.003197,0.007005,0
2021-01-26,SYNTH_MKT,2406.33,2432.67,2370.87,2397.11,1119416,-0.002927,0.00294,0.006856,0
2021-01-27,SYNTH_MKT,2398.01,2417.13,2380.61,2399.72,1746211,0.001089,0.002703,0.006693,0
2021-01-28,SYNTH_MKT,2397.88,2412.57,2349.2,2363.68,1367217,-0.015017,0.007236,0.006848,0
2021-01-29,SYNTH_MKT,2352.79,2396.86,2329.67,2373.53,1436534,0.004166,0.007303,0.006483,0
2021-02-01,SYNTH_MKT,2363.01,2382.62,2354.78,2374.35,2013795,0.000345,0.007454,0.006081,0
2021-02-02,SYNTH_MKT,2370.19,2403.49,2342.7,2375.94,1208692,0.000668,0.007572,0.006013,0
2021-02-03,SYNTH_MKT,2375.88,2406.97,2364.03,2395.03,1041609,0.008036,0.008766,0.005974,0
2021-02-04,SYNTH_MKT,2390.66,2415.24,2334.2,2358.45,1275623,-0.015273,0.008873,0.006217,0
2021-02-05,SYNTH_MKT,2362.87,2378.74,2306.44,2322.03,869524,-0.015441,0.010523,0.006852,0
2021-02-08,SYNTH_MKT,2320.09,2345.96,2302.13,2327.93,1027287,0.00254,0.010809,0.006852,0
2021-02-09,SYNTH_MKT,2321.19,2342.06,2307.79,2328.62,850499,0.000293,0.010771,0.006888,0
2021-02-10,SYNTH_MKT,2326.67,2351.62,2307.7,2332.6,1104614,0.001711,0.009276,0.006383,0
2021-02-11,SYNTH_MKT,2334.18,2372.36,2286.77,2324.79,849610,-0.003347,0.007391,0.006389,0
2021-02-12,SYNTH_MKT,2327.06,2371.49,2293.69,2337.96,842204,0.005665,0.003292,0.00662,0
2021-02-15,SYNTH_MKT,2351.14,2380.3,2327.11,2356.22,1108899,0.007811,0.004412,0.006953,1
2021-02-16,SYNTH_MKT,2351.5,2386.76,2331.04,2366.17,966158,0.004222,0.004285,0.007021,1
2021-02-17,SYNTH_MKT,2365.65,2394.46,2333.3,2362.06,617620,-0.001737,0.00483,0.007003,1
2021-02-18,SYNTH_MKT,2365.08,2396.59,2292.12,2323.06,694968,-0.016512,0.00983,0.007831,1
2021-02-19,SYNTH_MKT,2322.9,2376.5,2302.04,2355.34,1276103,0.013896,0.011574,0.008492,1
2021-02-22,SYNTH_MKT,2351.81,2436.12,2323.61,2407.26,1363268,0.022041,0.014802,0.009935,1
2021-02-23,SYNTH_MKT,2396.07,2453.79,2377.89,2435.31,1885577,0.011652,0.015151,0.010231,1
2021-02-24,SYNTH_MKT,2431.58,2472.41,2356.62,2396.87,1795642,-0.015784,0.017956,0.010884,1
2021-02-25,SYNTH_MKT,2389.15,2475.94,2340.03,2426.06,2218759,0.012178,0.014363,0.010605,1
2021-02-26,SYNTH_MKT,2413.49,2494.85,2383.03,2463.76,2052028,0.01554,0.014527,0.011058,1
2021-03-01,SYNTH_MKT,2457.88,2555.3,2436.25,2533.01,2222436,0.028109,0.016049,0.012499,0
2021-03-02,SYNTH_MKT,2525.06,2562.26,2456.46,2493.19,1979268,-0.01572,0.019735,0.013199,0
2021-03-03,SYNTH_MKT,2497.56,2519.25,2461.59,2483.16,1791490,-0.004026,0.017196,0.013208,0
2021-03-04,SYNTH_MKT,2487.63,2540.96,2463.64,2516.68,2237739,0.013501,0.017302,0.012801,0
2021-03-05,SYNTH_MKT,2509.86,2556.71,2472.69,2519.41,2139305,0.001083,0.016819,0.012036,0
2021-03-08,SYNTH_MKT,2517.44,2550.97,2435.98,2468.86,1867596,-0.020062,0.013435,0.0132,0
2021-03-09,SYNTH_MKT,2455.1,2513.15,2429.7,2487.41,2335897,0.007513,0.012824,0.01322,0
2021-03-10,SYNTH_MKT,2483.72,2537.83,2459.63,2513.44,945710,0.010466,0.013422,0.013306,1
2021-03-11,SYNTH_MKT,2516.45,2549.78,2484.23,2517.55,1580928,0.001633,0.011961,0.013211,1
2021-03-12,SYNTH_MKT,2523.78,2554.58,2496.87,2527.63,1574882,0.004003,0.01209,0.013206,1
2021-03-15,SYNTH_MKT,2522.22,2542.05,2496.2,2515.98,2267774,-0.004607,0.00578,0.013309,1
2021-03-16,SYNTH_MKT,2523.92,2611.39,2496.24,2583.06,2518030,0.026659,0.011927,0.014293,1
2021-03-17,SYNTH_MKT,2571.31,2606.43,2506.6,2541.31,1183035,-0.016162,0.015695,0.014972,1
2021-03-18,SYNTH_MKT,2531.8,2561.13,2485.43,2514.57,2419159,-0.010522,0.016732,0.0146,1
2021-03-19,SYNTH_MKT,2519.92,2536.67,2498.48,2515.19,1268413,0.000248,0.016584,0.014435,1
2021-03-22,SYNTH_MKT,2527.8,2596.65,2486.71,2555.11,1278035,0.015871,0.017908,0.014077,0
2021-03-23,SYNTH_MKT,2558.89,2587.69,2458.39,2486.37,1603288,-0.026903,0.016332,0.015417,1
2021-03-24,SYNTH_MKT,2486.07,2512.21,2402.33,2427.85,1570001,-0.023535,0.017594,0.015953,1
2021-03-25,SYNTH_MKT,2411.86,2435.55,2315.96,2338.92,1151452,-0.036629,0.02159,0.017747,0
2021-03-26,SYNTH_MKT,2324.73,2370.59,2294.76,2340.42,1999901,0.000639,0.021656,0.017294,0
2021-03-29,SYNTH_MKT,2341.33,2375.38,2260.06,2293.42,2014717,-0.02008,0.013731,0.016134,0
2021-03-30,SYNTH_MKT,2290.96,2329.46,2239.38,2277.66,2212534,-0.006872,0.014584,0.01594,0
2021-03-31,SYNTH_MKT,2270.11,2326.67,2248.65,2304.89,1525411,0.011955,0.018811,0.016354,0
2021-04-01,SYNTH_MKT,2305.34,2339.11,2245.02,2278.39,1683260,-0.011498,0.012168,0.015929,0
2021-04-02,SYNTH_MKT,2279.18,2317.92,2249.36,2287.99,1687117,0.004213,0.012688,0.016005,0
2021-04-05,SYNTH_MKT,2294.47,2310.87,2259.51,2275.78,2592511,-0.005338,0.00945,0.015594,0
2021-04-06,SYNTH_MKT,2276.71,2349.27,2231.4,2303.42,836998,0.012148,0.010519,0.015806,0
2021-04-07,SYNTH_MKT,2311.91,2338.44,2296.78,2323.24,1338289,0.008602,0.009834,0.015724,1
2021-04-08,SYNTH_MKT,2323.29,2355.77,2262.35,2294.42,1702356,-0.012405,0.01014,0.015781,1
2021-04-09,SYNTH_MKT,2293.62,2325.41,2255.86,2287.57,1295939,-0.002986,0.01016,0.01566,1
2021-04-12,SYNTH_MKT,2294.87,2361.9,2264.11,2330.66,1593683,0.018837,0.012471,0.016533,1
2021-04-13,SYNTH_MKT,2323.82,2371.51,2299.83,2347.28,1647253,0.007131,0.011926,0.015166,1
2021-04-14,SYNTH_MKT,2367.1,2404.05,2252.65,2288.37,1442253,-0.025095,0.017001,0.015647,0
2021-04-15,SYNTH_MKT,2290.95,2330.64,2275.96,2315.49,1727621,0.011851,0.017072,0.016035,0
2021-04-16,SYNTH_MKT,2318.14,2337.93,2276.61,2296.21,1170039,-0.008327,0.017617,0.01603,0
2021-04-19,SYNTH_MKT,2299.83,2338.17,2284.78,2322.96,942643,0.01165,0.016005,0.015774,0
2021-04-20,SYNTH_MKT,2336.04,2357.08,2321.82,2342.81,892883,0.008543,0.016186,0.015118,0
2021-04-21,SYNTH_MKT,2348.38,2373.76,2323.68,2349.06,959405,0.002669,0.008461,0.014348,0
2021-04-22,SYNTH_MKT,2337.75,2383.68,2307.1,2352.84,998142,0.001608,0.007675,0.011737,0
2021-04-23,SYNTH_MKT,2362.74,2380.29,2332.27,2349.73,647212,-0.001322,0.005315,0.011743,0
2021-04-26,SYNTH_MKT,2347.32,2391.48,2319.34,2363.3,1122309,0.005778,0.003812,0.010769,0
2021-04-27,SYNTH_MKT,2364.06,2385.34,2335.91,2357.12,893373,-0.002616,0.003324,0.010634,0
2021-04-28,SYNTH_MKT,2348.07,2374.74,2335.8,2362.39,1370785,0.002235,0.003283,0.010363,0
2021-04-29,SYNTH_MKT,2366.12,2398.18,2347.74,2379.69,1159238,0.007325,0.00432,0.009989,0
2021-04-30,SYNTH_MKT,2375.04,2393.1,2351.81,2369.83,1339794,-0.004144,0.005034,0.010076,0
2021-05-03,SYNTH_MKT,2370.54,2384.8,2344.79,2358.98,776661,-0.00458,0.005075,0.010049,0
2021-05-04,SYNTH_MKT,2356.97,2381.75,2312.69,2337.26,911333,-0.009205,0.006472,0.010031,0
2021-05-05,SYNTH_MKT,2350.76,2373.65,2295.6,2318.18,732996,-0.008166,0.006572,0.010044,0
2021-05-06,SYNTH_MKT,2331.96,2339.34,2277.85,2285.08,838368,-0.014277,0.004105,0.010173,0
2021-05-07,SYNTH_MKT,2285.4,2307.05,2277.62,2299.22,1367557,0.006189,0.007649,0.010245,0
2021-05-10,SYNTH_MKT,2299.66,2357.8,2275.52,2333.3,1450448,0.014821,0.012151,0.009896,0
2021-05-11,SYNTH_MKT,2330.69,2373.8,2317.78,2360.72,750486,0.011753,0.012702,0.01012,0
2021-05-12,SYNTH_MKT,2368.56,2392.26,2307.51,2330.84,891750,-0.012659,0.013724,0.008767,0
2021-05-13,SYNTH_MKT,2328.54,2373.13,2300.77,2345.17,981131,0.006149,0.010681,0.008482,0
2021-05-14,SYNTH_MKT,2342.21,2381.49,2333.5,2372.67,1157660,0.011727,0.011082,0.008547,0
2021-05-17,SYNTH_MKT,2379.64,2387.14,2357.37,2364.83,644066,-0.003304,0.010574,0.008279,0
2021-05-18,SYNTH_MKT,2361.01,2404.27,2324.42,2367.58,669817,0.001162,0.0093,0.008083,0
2021-05-19,SYNTH_MKT,2367.31,2391.47,2306.59,2330.38,1130213,-0.015713,0.010422,0.00884,0
2021-05-20,SYNTH_MKT,2319.32,2352.81,2302.8,2336.17,614307,0.002484,0.010003,0.008853,0
2021-05-21,SYNTH_MKT,2341.1,2352.96,2305.37,2317.11,894313,-0.008158,0.007436,0.009024,0
2021-05-24,SYNTH_MKT,2330.6,2346.35,2305.93,2321.62,1041355,0.001947,0.00803,0.00892,0
2021-05-25,SYNTH_MKT,2326.64,2336.03,2284.17,2293.43,1109507,-0.01214,0.008236,0.009267,0
2021-05-26,SYNTH_MKT,2303.49,2332.62,2275.08,2304.2,965190,0.004693,0.007432,0.009332,0
2021-05-27,SYNTH_MKT,2298.35,2337.12,2285.26,2323.89,912616,0.008546,0.008769,0.009395,0
2021-05-28,SYNTH_MKT,2325.54,2356.17,2279.71,2310.14,1235088,-0.005915,0.00836,0.009433,0
2021-05-31,SYNTH_MKT,2303.6,2320.19,2273.46,2289.94,1073904,-0.008745,0.008904,0.009556,0
2021-06-01,SYNTH_MKT,2288.37,2298.96,2240.83,2251.24,850650,-0.016898,0.010307,0.010028,0
2021-06-02,SYNTH_MKT,2256.46,2272.47,2231.29,2247.23,1009475,-0.001781,0.009358,0.009917,0
2021-06-03,SYNTH_MKT,2247.92,2264.32,2221.24,2237.56,1100530,-0.004303,0.005816,0.009482,0
2021-06-04,SYNTH_MKT,2228.08,2246.61,2192.2,2210.58,1536580,-0.012058,0.006035,0.00963,0
2021-06-07,SYNTH_MKT,2201.86,2237.39,2183.98,2219.37,1217233,0.003974,0.008298,0.008916,0
2021-06-08,SYNTH_MKT,2210.17,2238.92,2183.43,2212.15,1354780,-0.00325,0.005761,0.008265,0
2021-06-09,SYNTH_MKT,2215.42,2225.04,2184.36,2193.89,858428,-0.008256,0.006005,0.008056,0
2021-06-10,SYNTH_MKT,2207.48,2237.16,2155.54,2184.93,877177,-0.004087,0.00601,0.007764,0
2021-06-11,SYNTH_MKT,2193.86,2231.05,2167.35,2204.42,942852,0.00892,0.00688,0.007495,0
2021-06-14,SYNTH_MKT,2191.88,2246.42,2161.61,2215.82,964743,0.005173,0.007094,0.007751,0
2021-06-15,SYNTH_MKT,2225.27,2244.38,2195.27,2214.29,777239,-0.00069,0.006918,0.007707,0
2021-06-16,SYNTH_MKT,2220.51,2254.65,2191.97,2226.03,1372293,0.005303,0.005217,0.007352,0
2021-06-17,SYNTH_MKT,2215.71,2222.17,2199.71,2206.14,1247121,-0.008937,0.006995,0.007407,0
2021-06-18,SYNTH_MKT,2204.13,2233.2,2178.45,2207.48,926427,0.000609,0.005813,0.007334,0
2021-06-21,SYNTH_MKT,2214.74,2227.4,2198.22,2210.86,1174012,0.001529,0.005249,0.007322,0
2021-06-22,SYNTH_MKT,2214.51,2222.05,2195.82,2203.32,1057306,-0.003409,0.00542,0.006963,1
2021-06-23,SYNTH_MKT,2194.67,2221.29,2185.22,2211.77,1197165,0.003834,0.005019,0.006922,1
2021-06-24,SYNTH_MKT,2215.82,2243.12,2153.94,2180.81,1214766,-0.013998,0.00705,0.006946,1
2021-06-25,SYNTH_MKT,2166.82,2220.74,2147.32,2200.93,1639207,0.009227,0.008777,0.007437,1
2021-06-28,SYNTH_MKT,2199.46,2253.59,2169.1,2222.9,1675511,0.009983,0.010009,0.007766,1
2021-06-29,SYNTH_MKT,2230.49,2247.29,2090.42,2106.29,1986826,-0.052459,0.026317,0.013467,1
2021-06-30,SYNTH_MKT,2106.41,2170.48,2087.85,2151.53,1452837,0.021476,0.029415,0.014559,1
2021-07-01,SYNTH_MKT,2148.3,2186.52,1997.43,2033.61,909960,-0.054807,0.037132,0.018744,0
2021-07-02,SYNTH_MKT,2039.03,2071.48,1979.15,2011.16,1297193,-0.011039,0.035107,0.018724,0
2021-07-05,SYNTH_MKT,2017.04,2064.97,2000.69,2048.38,1674251,0.018506,0.036927,0.019344,0
2021-07-06,SYNTH_MKT,2056.43,2081.7,2011.75,2036.78,1727368,-0.005661,0.03067,0.019348,0
2021-07-07,SYNTH_MKT,2042.12,2068.42,1987.67,2013.6,1523388,-0.011379,0.026461,0.019397,0
2021-07-08,SYNTH_MKT,2020.13,2041.3,1975.77,1996.69,1156833,-0.0084,0.012568,0.019421,0
2021-07-09,SYNTH_MKT,2001.08,2032.71,1982.28,2013.79,1020591,0.008565,0.012722,0.019408,0
2021-07-12,SYNTH_MKT,2015.39,2041.96,1957.39,1983.54,991934,-0.015022,0.00905,0.019413,0
2021-07-13,SYNTH_MKT,1984.07,2013.92,1972.41,2002.15,1317908,0.009382,0.011514,0.019669,0
2021-07-14,SYNTH_MKT,2000.72,2019.83,1982.87,2001.97,862838,-9.1e-05,0.010623,0.01956,1
2021-07-15,SYNTH_MKT,1994.69,2012.1,1966.26,1983.57,965536,-0.009189,0.010764,0.019562,1
2021-07-16,SYNTH_MKT,1977.89,1993.13,1959.79,1975.01,761614,-0.004315,0.009257,0.019517,1
2021-07-19,SYNTH_MKT,1973.34,1987.63,1945.44,1959.63,1425790,-0.007788,0.007465,0.019455,1
2021-07-20,SYNTH_MKT,1961.05,1991.84,1943.22,1973.9,1103100,0.00728,0.006651,0.019671,1
2021-07-21,SYNTH_MKT,1982.43,2060.82,1945.98,2023.61,2010911,0.025185,0.01437,0.020743,1
2021-07-22,SYNTH_MKT,2023.35,2051.8,1874.22,1900.94,2332300,-0.060621,0.032083,0.024226,1
2021-07-23,SYNTH_MKT,1906.66,1936.23,1857.96,1887.22,1931005,-0.007215,0.032025,0.023939,1
2021-07-26,SYNTH_MKT,1893.33,1909.23,1842.4,1857.99,1596715,-0.015487,0.032159,0.023643,1
2021-07-27,SYNTH_MKT,1856.7,1923.07,1835.49,1901.35,1487371,0.023333,0.035012,0.022287,1
2021-07-28,SYNTH_MKT,1904.74,1937.25,1779.74,1810.65,2037860,-0.047703,0.033419,0.023328,1
2021-07-29,SYNTH_MKT,1809.32,1949.12,1773.71,1911.49,2612242,0.055698,0.039368,0.02478,0
2021-07-30,SYNTH_MKT,1919.08,1947.34,1880.3,1908.41,2194502,-0.001615,0.039129,0.024705,0
2021-08-02,SYNTH_MKT,1912.05,1942.38,1838.95,1868.59,1517689,-0.020865,0.039827,0.024525,0
2021-08-03,SYNTH_MKT,1861.92,1879.77,1828.2,1845.9,1217272,-0.012141,0.038149,0.024587,0
2021-08-04,SYNTH_MKT,1846.8,1872.06,1809.61,1834.71,1019599,-0.006063,0.030329,0.024539,0
2021-08-05,SYNTH_MKT,1843.78,1856.48,1804.13,1816.64,955705,-0.009847,0.007218,0.024553,0
2021-08-06,SYNTH_MKT,1815.66,1834.31,1800.03,1818.66,922736,0.001109,0.008071,0.024402,0
2021-08-09,SYNTH_MKT,1821.1,1851.07,1771.79,1801.43,1050948,-0.009473,0.005169,0.024311,0
2021-08-10,SYNTH_MKT,1804.38,1818.26,1757.02,1770.64,1205627,-0.017093,0.006607,0.024235,0
2021-08-11,SYNTH_MKT,1765.13,1790.17,1740.85,1765.88,1191712,-0.002687,0.007047,0.024209,0
2021-08-12,SYNTH_MKT,1768.58,1784.42,1725.44,1741.03,1148184,-0.014073,0.007615,0.024268,0
2021-08-13,SYNTH_MKT,1733.75,1751.89,1713.05,1731.16,941606,-0.005667,0.0059,0.024264,0
2021-08-16,SYNTH_MKT,1727.91,1743.6,1703.57,1719.18,867838,-0.006923,0.006043,0.024262,0
2021-08-17,SYNTH_MKT,1724.73,1745.75,1686.98,1707.8,770297,-0.00662,0.004194,0.024052,0
2021-08-18,SYNTH_MKT,1709.62,1746.25,1699.27,1735.73,862181,0.016358,0.011535,0.023507,0
2021-08-19,SYNTH_MKT,1734.15,1745.57,1725.71,1737.12,1004924,0.000801,0.00989,0.019924,0
2021-08-20,SYNTH_MKT,1739.45,1752.02,1728.59,1741.14,821542,0.002313,0.009464,0.019965,0
2021-08-23,SYNTH_MKT,1740.83,1756.84,1701.21,1717.01,1024304,-0.013861,0.011284,0.019918,0
2021-08-24,SYNTH_MKT,1717.07,1730.66,1695.1,1708.62,785555,-0.004882,0.011061,0.018871,0
2021-08-25,SYNTH_MKT,1711.99,1732.1,1692.06,1712.17,660176,0.002072,0.006883,0.016034,0
2021-08-26,SYNTH_MKT,1708.43,1732.38,1674.92,1698.73,1227342,-0.007846,0.006866,0.008279,0
2021-08-27,SYNTH_MKT,1698.94,1720.05,1690.62,1711.67,888159,0.007615,0.008406,0.00877,0
2021-08-30,SYNTH_MKT,1710.06,1720.09,1685.85,1695.8,811185,-0.009272,0.007129,0.008047,0
2021-08-31,SYNTH_MKT,1687.73,1697.68,1682.57,1692.51,760741,-0.001941,0.007,0.007879,0
2021-09-01,SYNTH_MKT,1687.83,1716.39,1656.65,1685.16,1111553,-0.004338,0.006676,0.007868,0
2021-09-02,SYNTH_MKT,1693.09,1710.05,1671.06,1687.97,1410193,0.001665,0.006353,0.007855,0
2021-09-03,SYNTH_MKT,1689.92,1708.03,1661.9,1679.91,904142,-0.004774,0.004015,0.007778,0
2021-09-06,SYNTH_MKT,1673.24,1682.62,1667.48,1676.86,947535,-0.001817,0.002566,0.007679,0
2021-09-07,SYNTH_MKT,1669.11,1689.0,1654.43,1674.28,1307226,-0.001539,0.002584,0.006991,0
2021-09-08,SYNTH_MKT,1673.71,1691.85,1646.98,1665.03,635965,-0.005525,0.002872,0.007018,0
2021-09-09,SYNTH_MKT,1672.82,1685.85,1659.05,1672.07,1635121,0.004231,0.003845,0.006671,0
2021-09-10,SYNTH_MKT,1671.13,1697.8,1649.24,1675.84,1842318,0.002257,0.003809,0.006677,0
2021-09-13,SYNTH_MKT,1682.41,1712.78,1645.01,1675.24,508350,-0.000359,0.003736,0.006562,0
2021-09-14,SYNTH_MKT,1677.01,1685.42,1661.69,1670.06,975918,-0.003094,0.003936,0.006458,0
2021-09-15,SYNTH_MKT,1672.42,1689.21,1664.54,1681.29,835490,0.006722,0.003835,0.005352,0
2021-09-16,SYNTH_MKT,1674.55,1687.58,1665.69,1678.7,935950,-0.001537,0.003846,0.005322,0
2021-09-17,SYNTH_MKT,1683.42,1714.95,1638.26,1669.52,1531169,-0.005471,0.004593,0.005298,0
2021-09-20,SYNTH_MKT,1667.84,1700.3,1640.37,1672.75,2082497,0.001934,0.004753,0.004579,0
2021-09-21,SYNTH_MKT,1677.08,1710.04,1663.23,1696.04,972249,0.013923,0.007526,0.005617,0
2021-09-22,SYNTH_MKT,1691.9,1707.03,1663.43,1678.45,796341,-0.010373,0.009179,0.006009,0
2021-09-23,SYNTH_MKT,1679.34,1698.72,1670.04,1689.37,957867,0.006509,0.009604,0.006003,0
2021-09-24,SYNTH_MKT,1691.15,1712.06,1643.8,1664.38,1137344,-0.014795,0.011884,0.006525,0
2021-09-27,SYNTH_MKT,1663.61,1679.99,1651.49,1667.85,743839,0.002088,0.011892,0.006292,0
2021-09-28,SYNTH_MKT,1669.87,1702.56,1656.92,1689.45,662616,0.012951,0.011601,0.006993,0
2021-09-29,SYNTH_MKT,1688.1,1715.71,1669.13,1696.65,1645732,0.004259,0.010335,0.006981,0
2021-09-30,SYNTH_MKT,1693.34,1713.23,1679.71,1699.56,851626,0.001715,0.010054,0.006982,0
2021-10-01,SYNTH_MKT,1707.74,1727.14,1663.38,1682.5,1642615,-0.010038,0.008213,0.007278,0
2021-10-04,SYNTH_MKT,1687.79,1708.62,1662.74,1683.52,1539071,0.000609,0.008245,0.007265,0
2021-10-05,SYNTH_MKT,1679.68,1705.68,1650.02,1675.97,1949650,-0.004487,0.005695,0.007332,0
2021-10-06,SYNTH_MKT,1678.82,1710.53,1621.13,1652.34,2648055,-0.014098,0.006794,0.007905,0
2021-10-07,SYNTH_MKT,1648.66,1672.8,1619.73,1643.8,1965234,-0.005168,0.005624,0.007898,0
2021-10-08,SYNTH_MKT,1637.96,1675.35,1612.55,1649.75,1163039,0.003621,0.006761,0.007931,1
2021-10-11,SYNTH_MKT,1654.87,1673.9,1608.34,1627.05,1202734,-0.01376,0.007387,0.008446,1
2021-10-12,SYNTH_MKT,1618.73,1634.06,1588.34,1603.52,1538621,-0.014463,0.00794,0.008932,1
2021-10-13,SYNTH_MKT,1607.98,1631.96,1541.01,1564.34,1589739,-0.024434,0.01058,0.009987,0
2021-10-14,SYNTH_MKT,1563.15,1595.88,1542.86,1575.42,1105326,0.007083,0.013293,0.010261,0
2021-10-15,SYNTH_MKT,1574.42,1601.48,1564.01,1590.96,2086448,0.009866,0.0149,0.010642,0
2021-10-18,SYNTH_MKT,1592.92,1615.23,1575.41,1597.68,1295696,0.00422,0.015072,0.010703,0
2021-10-19,SYNTH_MKT,1600.46,1644.97,1581.31,1625.51,2469346,0.017423,0.016014,0.011005,0
2021-10-20,SYNTH_MKT,1621.48,1644.87,1604.85,1628.16,2679918,0.001632,0.006082,0.010854,1
2021-10-21,SYNTH_MKT,1631.67,1669.62,1601.93,1639.73,1597699,0.007106,0.006081,0.010878,1
2021-10-22,SYNTH_MKT,1640.29,1672.23,1616.97,1648.78,1897185,0.005519,0.006067,0.010507,1
2021-10-25,SYNTH_MKT,1642.57,1675.44,1613.35,1646.15,1249372,-0.001598,0.007224,0.010493,1
2021-10-26,SYNTH_MKT,1645.31,1667.28,1608.73,1630.5,1986843,-0.009505,0.006605,0.010163,1
2021-10-27,SYNTH_MKT,1637.26,1716.98,1616.59,1695.57,1500922,0.039905,0.018861,0.013757,0
2021-10-28,SYNTH_MKT,1704.1,1718.67,1667.47,1681.86,1295399,-0.008085,0.02027,0.013869,1
2021-10-29,SYNTH_MKT,1685.48,1706.29,1641.27,1661.78,1581374,-0.011936,0.021666,0.013945,1
2021-11-01,SYNTH_MKT,1655.85,1695.54,1635.4,1674.85,1513146,0.007862,0.021713,0.01407,1
2021-11-02,SYNTH_MKT,1677.32,1694.02,1665.86,1682.53,1567274,0.004583,0.020457,0.014069,1
2021-11-03,SYNTH_MKT,1686.82,1703.93,1623.43,1640.07,2155554,-0.025236,0.013344,0.014866,1
2021-11-04,SYNTH_MKT,1643.64,1691.71,1625.55,1673.29,1396964,0.020258,0.017808,0.015499,1
2021-11-05,SYNTH_MKT,1677.23,1700.64,1647.23,1670.54,2623171,-0.001646,0.016778,0.015497,1
2021-11-08,SYNTH_MKT,1672.36,1696.01,1614.06,1637.22,1220625,-0.019947,0.018521,0.015859,0
2021-11-09,SYNTH_MKT,1636.86,1689.01,1620.53,1672.33,2545904,0.021448,0.02181,0.016115,0
2021-11-10,SYNTH_MKT,1669.28,1699.24,1651.46,1681.29,775592,0.005355,0.017102,0.014848,0
2021-11-11,SYNTH_MKT,1671.71,1685.21,1651.43,1664.87,999746,-0.009766,0.015657,0.015122,0
2021-11-12,SYNTH_MKT,1666.56,1703.1,1652.77,1689.12,884662,0.014567,0.017081,0.015273,0
2021-11-15,SYNTH_MKT,1690.06,1710.27,1678.47,1698.61,917656,0.00562,0.011734,0.015281,0
2021-11-16,SYNTH_MKT,1701.45,1723.77,1676.78,1699.07,1221817,0.000268,0.008894,0.014917,0
2021-11-17,SYNTH_MKT,1692.25,1727.35,1686.28,1721.28,1454928,0.013072,0.009965,0.015107,0
2021-11-18,SYNTH_MKT,1724.61,1740.56,1708.13,1724.07,1346665,0.001624,0.006524,0.015076,0
2021-11-19,SYNTH_MKT,1734.7,1760.97,1698.18,1724.29,903739,0.000125,0.005464,0.01507,0
2021-11-22,SYNTH_MKT,1724.7,1734.63,1705.91,1715.79,1047141,-0.004932,0.006658,0.015134,0
2021-11-23,SYNTH_MKT,1715.47,1739.56,1700.36,1724.37,822407,0.005005,0.006681,0.01489,0
2021-11-24,SYNTH_MKT,1725.97,1737.76,1719.79,1731.55,780447,0.004163,0.003943,0.0121,0
2021-11-25,SYNTH_MKT,1742.11,1768.78,1705.84,1732.36,750830,0.000467,0.003946,0.011907,0
2021-11-26,SYNTH_MKT,1727.04,1741.66,1707.44,1722.02,896377,-0.00597,0.005056,0.011622,0
2021-11-29,SYNTH_MKT,1723.07,1739.91,1707.58,1724.41,1064389,0.001389,0.004332,0.011536,0
2021-11-30,SYNTH_MKT,1720.27,1748.56,1695.82,1724.05,620050,-0.000208,0.003713,0.011519,0
2021-12-01,SYNTH_MKT,1721.22,1740.92,1686.73,1706.26,988478,-0.010318,0.005036,0.010108,0
2021-12-02,SYNTH_MKT,1706.01,1715.05,1677.83,1686.77,1460832,-0.011424,0.005784,0.009569,0
2021-12-03,SYNTH_MKT,1693.59,1705.51,1683.07,1694.99,1323762,0.004871,0.007305,0.009605,0
2021-12-06,SYNTH_MKT,1704.15,1722.52,1642.4,1660.3,863901,-0.020465,0.009971,0.009664,0
2021-12-07,SYNTH_MKT,1662.53,1674.1,1652.05,1663.61,705239,0.001993,0.010412,0.008362,0
2021-12-08,SYNTH_MKT,1661.73,1670.48,1649.09,1657.83,1121825,-0.003475,0.010328,0.008284,0
2021-12-09,SYNTH_MKT,1670.23,1690.15,1655.88,1675.76,560258,0.010816,0.011914,0.008373,0
2021-12-10,SYNTH_MKT,1673.61,1678.43,1664.92,1669.73,1319876,-0.003598,0.011417,0.007709,0
2021-12-13,SYNTH_MKT,1666.87,1704.76,1641.42,1679.12,948003,0.005626,0.00616,0.007709,0
2021-12-14,SYNTH_MKT,1670.18,1690.3,1654.3,1674.38,1580632,-0.002825,0.006578,0.007723,0
2021-12-15,SYNTH_MKT,1681.39,1690.1,1667.81,1676.49,649377,0.00126,0.006035,0.007035,0
2021-12-16,SYNTH_MKT,1681.36,1697.09,1671.26,1686.96,1258016,0.006245,0.004587,0.00721,0
2021-12-17,SYNTH_MKT,1699.19,1706.6,1673.98,1681.31,975185,-0.00335,0.004521,0.007222,0
2021-12-20,SYNTH_MKT,1674.3,1702.76,1666.93,1695.3,920569,0.008322,0.005254,0.007469,0
2021-12-21,SYNTH_MKT,1702.72,1724.62,1660.77,1682.42,710020,-0.0076,0.006597,0.007505,0
2021-12-22,SYNTH_MKT,1682.77,1716.87,1652.94,1686.97,1160599,0.002707,0.006644,0.007457,0
2021-12-23,SYNTH_MKT,1691.05,1719.91,1671.25,1700.01,1184160,0.007731,0.006949,0.007719,0
2021-12-24,SYNTH_MKT,1691.61,1724.0,1677.34,1709.58,1562491,0.00563,0.006508,0.007754,0
2021-12-27,SYNTH_MKT,1717.11,1748.67,1704.97,1736.39,1286612,0.015682,0.008453,0.00854,0
2021-12-28,SYNTH_MKT,1740.49,1749.15,1717.81,1726.39,862022,-0.005758,0.00779,0.00865,0
2021-12-29,SYNTH_MKT,1726.19,1755.61,1678.85,1707.95,778049,-0.010683,0.010641,0.008673,0
2021-12-30,SYNTH_MKT,1711.26,1725.02,1681.33,1694.96,710260,-0.007605,0.010968,0.008446,0
2021-12-31,SYNTH_MKT,1691.07,1733.94,1661.88,1704.51,1445284,0.005634,0.010969,0.008469,0
2022-01-03,SYNTH_MKT,1701.55,1736.5,1677.09,1711.9,823210,0.004333,0.007348,0.006945,0
2022-01-04,SYNTH_MKT,1709.52,1720.35,1703.08,1713.9,1447817,0.001168,0.007308,0.006945,1
2022-01-05,SYNTH_MKT,1704.37,1714.83,1688.67,1699.1,1140273,-0.008634,0.00669,0.00723,1
2022-01-06,SYNTH_MKT,1703.49,1720.59,1693.06,1710.12,1085972,0.006485,0.006171,0.006989,1
2022-01-07,SYNTH_MKT,1716.23,1730.79,1679.6,1693.96,926151,-0.009448,0.007392,0.007309,1
2022-01-10,SYNTH_MKT,1690.4,1750.24,1670.01,1729.38,2005305,0.020911,0.012475,0.008541,1
2022-01-11,SYNTH_MKT,1731.19,1862.58,1689.15,1818.42,1693437,0.051484,0.025271,0.013987,1
2022-01-12,SYNTH_MKT,1816.97,1845.13,1802.45,1830.51,1550108,0.006646,0.022944,0.013979,1
2022-01-13,SYNTH_MKT,1832.31,1874.26,1808.09,1849.81,2023096,0.010546,0.022628,0.01404,0
2022-01-14,SYNTH_MKT,1846.33,1873.59,1806.42,1833.49,1639899,-0.008821,0.022452,0.014257,1
2022-01-17,SYNTH_MKT,1828.63,1851.11,1752.03,1773.84,1392421,-0.032534,0.030794,0.016432,0
2022-01-18,SYNTH_MKT,1779.44,1802.11,1732.33,1754.69,1975032,-0.010799,0.017057,0.01655,0
2022-01-19,SYNTH_MKT,1754.35,1762.46,1731.92,1739.96,984130,-0.008393,0.015285,0.016718,0
2022-01-20,SYNTH_MKT,1750.51,1766.66,1704.55,1720.43,1130011,-0.011226,0.010236,0.016893,0
2022-01-21,SYNTH_MKT,1720.66,1763.66,1702.0,1744.73,892735,0.014129,0.016541,0.017128,0
2022-01-24,SYNTH_MKT,1739.89,1766.84,1722.3,1749.15,739130,0.002533,0.010969,0.016791,0
2022-01-25,SYNTH_MKT,1755.59,1775.04,1735.63,1755.08,1543061,0.003388,0.010173,0.016736,0
2022-01-26,SYNTH_MKT,1758.4,1783.81,1726.05,1751.35,1472045,-0.002122,0.009207,0.016531,0
2022-01-27,SYNTH_MKT,1755.17,1783.34,1717.97,1745.99,2120335,-0.003062,0.006841,0.016431,0
2022-01-28,SYNTH_MKT,1752.23,1798.75,1730.18,1776.39,1542918,0.017412,0.008202,0.01679,1
2022-01-31,SYNTH_MKT,1772.91,1788.96,1759.42,1775.45,1577038,-0.000532,0.008416,0.016793,1
2022-02-01,SYNTH_MKT,1774.77,1836.28,1746.64,1807.63,3390748,0.018124,0.010816,0.017175,0
2022-02-02,SYNTH_MKT,1806.7,1827.33,1780.76,1801.34,1556081,-0.003478,0.011083,0.017032,0
2022-02-03,SYNTH_MKT,1794.36,1818.25,1766.51,1790.33,1451342,-0.006109,0.011749,0.017132,0
2022-02-04,SYNTH_MKT,1788.92,1807.5,1726.96,1745.09,2714714,-0.025274,0.01547,0.01805,0
2022-02-07,SYNTH_MKT,1752.08,1760.94,1709.4,1718.09,988151,-0.015472,0.016191,0.017838,0
2022-02-08,SYNTH_MKT,1719.31,1726.27,1708.15,1715.09,1555981,-0.001742,0.009852,0.013053,0
2022-02-09,SYNTH_MKT,1708.17,1722.31,1702.35,1716.47,704971,0.000802,0.01075,0.012894,0
2022-02-10,SYNTH_MKT,1708.46,1721.88,1686.05,1699.41,1138311,-0.009939,0.010578,0.01256,0
2022-02-11,SYNTH_MKT,1707.89,1712.88,1694.57,1699.53,1678281,7.4e-05,0.007137,0.012544,0
2022-02-14,SYNTH_MKT,1699.07,1709.02,1690.92,1700.86,1007465,0.00078,0.004555,0.010572,0
2022-02-15,SYNTH_MKT,1697.56,1709.82,1660.04,1672.12,936129,-0.016898,0.008043,0.01092,0
2022-02-16,SYNTH_MKT,1670.74,1676.52,1654.72,1660.46,746814,-0.006971,0.007354,0.010883,0
2022-02-17,SYNTH_MKT,1653.1,1683.65,1636.04,1666.45,1310732,0.003608,0.008253,0.010746,0
2022-02-18,SYNTH_MKT,1673.57,1693.25,1652.53,1672.2,824867,0.003446,0.008778,0.010176,0
2022-02-21,SYNTH_MKT,1670.22,1681.25,1646.41,1657.35,976576,-0.008879,0.008744,0.010224,0
2022-02-22,SYNTH_MKT,1664.15,1675.88,1648.32,1660.03,734455,0.001618,0.006013,0.010177,0
2022-02-23,SYNTH_MKT,1660.29,1692.52,1642.11,1674.19,1475834,0.008529,0.006428,0.010485,0
2022-02-24,SYNTH_MKT,1681.37,1695.2,1671.37,1685.18,1334719,0.006567,0.006778,0.010662,0
2022-02-25,SYNTH_MKT,1686.48,1696.04,1674.94,1684.49,992134,-0.000412,0.006828,0.009679,0
2022-02-28,SYNTH_MKT,1688.8,1711.74,1655.96,1678.77,749358,-0.003394,0.004921,0.009668,0
2022-03-01,SYNTH_MKT,1682.39,1703.15,1650.29,1670.9,1468111,-0.004685,0.005932,0.008328,0
2022-03-02,SYNTH_MKT,1674.03,1696.54,1655.27,1677.74,912576,0.004093,0.00481,0.008518,0
2022-03-03,SYNTH_MKT,1679.49,1701.97,1658.5,1680.95,758584,0.001911,0.003633,0.008578,0
2022-03-04,SYNTH_MKT,1679.77,1697.96,1671.86,1690.0,643695,0.005385,0.004491,0.007004,0
2022-03-07,SYNTH_MKT,1699.71,1723.87,1668.32,1692.38,850873,0.001405,0.003879,0.006214,0
2022-03-08,SYNTH_MKT,1687.77,1721.72,1670.27,1704.05,695127,0.0069,0.002314,0.006437,0
2022-03-09,SYNTH_MKT,1704.08,1727.85,1682.19,1705.94,855811,0.001107,0.002628,0.00644,0
2022-03-10,SYNTH_MKT,1706.02,1735.02,1688.36,1717.25,1204545,0.006628,0.002825,0.006194,0
2022-03-11,SYNTH_MKT,1719.32,1745.37,1703.85,1729.81,910419,0.007317,0.003129,0.006374,0
2022-03-14,SYNTH_MKT,1727.58,1740.88,1706.05,1719.28,1092996,-0.006086,0.005766,0.006563,0
2022-03-15,SYNTH_MKT,1720.91,1738.58,1677.61,1695.01,834574,-0.014115,0.009078,0.006193,0
2022-03-16,SYNTH_MKT,1694.16,1729.5,1681.36,1716.54,1016425,0.012698,0.01103,0.006466,0
2022-03-17,SYNTH_MKT,1708.39,1741.78,1687.43,1720.66,1616438,0.002403,0.010675,0.006453,0
2022-03-18,SYNTH_MKT,1720.71,1726.12,1692.32,1697.66,916565,-0.013366,0.011333,0.007249,0
2022-03-21,SYNTH_MKT,1692.06,1703.28,1677.36,1688.56,1100877,-0.005361,0.011299,0.007042,0
2022-03-22,SYNTH_MKT,1679.78,1728.44,1651.26,1699.58,676121,0.006525,0.010189,0.007151,0
2022-03-23,SYNTH_MKT,1700.28,1710.98,1685.69,1696.37,1462323,-0.001887,0.007616,0.006966,0
2022-03-24,SYNTH_MKT,1698.86,1712.18,1676.76,1690.02,887540,-0.003746,0.00714,0.006889,0
2022-03-25,SYNTH_MKT,1692.69,1718.56,1683.77,1709.55,1300349,0.011557,0.007287,0.007341,0
2022-03-28,SYNTH_MKT,1712.46,1729.83,1678.62,1695.83,969674,-0.008028,0.007973,0.007549,0
2022-03-29,SYNTH_MKT,1685.99,1695.86,1675.72,1685.59,1165202,-0.006035,0.007726,0.007604,0
2022-03-30,SYNTH_MKT,1678.71,1702.64,1665.18,1689.03,1182644,0.002041,0.007891,0.007566,0
2022-03-31,SYNTH_MKT,1699.03,1719.75,1674.23,1694.9,893052,0.003474,0.007888,0.007591,0
2022-04-01,SYNTH_MKT,1689.57,1712.44,1679.43,1702.22,1313869,0.004321,0.005749,0.007558,0
2022-04-04,SYNTH_MKT,1705.34,1735.73,1684.95,1715.23,827169,0.00764,0.005087,0.007729,0
2022-04-05,SYNTH_MKT,1711.69,1739.33,1691.0,1718.55,1214683,0.001939,0.002326,0.007598,0
2022-04-06,SYNTH_MKT,1718.96,1748.35,1696.58,1725.88,907055,0.004265,0.002086,0.007645,0
2022-04-07,SYNTH_MKT,1722.6,1739.04,1706.47,1722.91,1091321,-0.001724,0.00346,0.007526,0
2022-04-08,SYNTH_MKT,1725.81,1763.37,1686.84,1724.37,890922,0.000852,0.003548,0.007341,0
2022-04-11,SYNTH_MKT,1725.08,1748.94,1702.62,1726.46,1012572,0.00121,0.002154,0.007209,0
2022-04-12,SYNTH_MKT,1724.14,1747.51,1706.73,1730.04,764392,0.002071,0.002164,0.006374,0
2022-04-13,SYNTH_MKT,1724.58,1750.56,1715.45,1741.33,1063844,0.00653,0.003005,0.005913,0
2022-04-14,SYNTH_MKT,1742.73,1764.39,1728.07,1749.68,1011108,0.004791,0.002465,0.005972,0
2022-04-15,SYNTH_MKT,1743.31,1776.3,1718.02,1750.91,873682,0.000704,0.0025,0.00495,1
2022-04-18,SYNTH_MKT,1753.15,1780.57,1712.97,1740.19,986337,-0.006123,0.004878,0.005009,1
2022-04-19,SYNTH_MKT,1753.9,1785.84,1710.66,1742.39,1757916,0.001268,0.004871,0.004869,1
2022-04-20,SYNTH_MKT,1749.45,1776.46,1714.71,1741.6,1457232,-0.000454,0.003961,0.00483,1
2022-04-21,SYNTH_MKT,1745.35,1760.46,1732.65,1747.74,1646148,0.003527,0.003606,0.0047,1
2022-04-22,SYNTH_MKT,1747.3,1843.14,1722.4,1817.25,1322124,0.039767,0.018335,0.009549,1
2022-04-25,SYNTH_MKT,1806.68,1819.93,1787.0,1800.21,3055861,-0.009378,0.01899,0.009636,1
2022-04-26,SYNTH_MKT,1793.06,1825.5,1781.68,1813.98,2215344,0.007651,0.018725,0.009442,1
2022-04-27,SYNTH_MKT,1820.96,1917.13,1785.99,1881.0,2569579,0.036946,0.021636,0.011996,1
2022-04-28,SYNTH_MKT,1876.54,1924.98,1838.37,1886.6,3217153,0.00298,0.021714,0.012001,1
2022-04-29,SYNTH_MKT,1882.65,2084.73,1841.49,2040.13,1463243,0.081375,0.036341,0.02078,0
2022-05-02,SYNTH_MKT,2039.11,2068.25,1997.39,2026.35,896917,-0.006755,0.035754,0.021087,1
2022-05-03,SYNTH_MKT,2019.89,2067.67,1990.75,2038.27,1538496,0.005884,0.03597,0.02104,1
2022-05-04,SYNTH_MKT,2030.77,2047.75,1992.26,2009.06,1204406,-0.014329,0.0386,0.021652,1
2022-05-05,SYNTH_MKT,2008.76,2032.62,1972.73,1996.45,1602358,-0.006277,0.039463,0.021781,0
2022-05-06,SYNTH_MKT,1991.11,2018.19,1978.51,2005.5,1789689,0.004531,0.008486,0.021737,1
2022-05-09,SYNTH_MKT,2001.04,2093.44,1972.5,2064.0,3020953,0.029171,0.016422,0.022185,1
2022-05-10,SYNTH_MKT,2059.16,2130.37,2015.48,2086.12,1805617,0.010718,0.016715,0.022123,1
2022-05-11,SYNTH_MKT,2089.39,2153.32,2069.98,2133.51,1878617,0.022714,0.014151,0.022299,1
2022-05-12,SYNTH_MKT,2132.02,2165.68,2096.33,2129.96,1706126,-0.001659,0.012724,0.022432,1
2022-05-13,SYNTH_MKT,2128.82,2164.45,2081.91,2117.34,1854296,-0.005929,0.015119,0.022626,1
2022-05-16,SYNTH_MKT,2121.13,2242.31,2100.29,2220.5,1492847,0.048722,0.021969,0.023886,0
2022-05-17,SYNTH_MKT,2219.55,2269.15,2187.01,2236.36,2402264,0.007146,0.022196,0.023776,0
2022-05-18,SYNTH_MKT,2234.5,2248.25,2210.58,2224.28,974454,-0.005406,0.023045,0.023946,0
2022-05-19,SYNTH_MKT,2227.41,2236.73,2203.44,2212.7,1558222,-0.005204,0.023489,0.024198,0
2022-05-20,SYNTH_MKT,2217.14,2237.74,2176.37,2196.79,820700,-0.007191,0.023681,0.023648,0
2022-05-23,SYNTH_MKT,2195.82,2257.2,2172.95,2233.93,2046917,0.016908,0.010454,0.023254,1
2022-05-24,SYNTH_MKT,2234.47,2258.02,2196.0,2219.39,1674829,-0.006509,0.010312,0.023578,1
2022-05-25,SYNTH_MKT,2214.19,2286.56,2156.28,2228.29,2211195,0.004008,0.010275,0.022761,1
2022-05-26,SYNTH_MKT,2222.53,2249.99,2194.88,2222.33,2811020,-0.002673,0.009988,0.022872,1
2022-05-27,SYNTH_MKT,2227.46,2323.29,2183.4,2278.23,2227044,0.025152,0.013341,0.0158,0
2022-05-30,SYNTH_MKT,2281.27,2300.25,2224.95,2243.62,873835,-0.015191,0.015202,0.016255,0
2022-05-31,SYNTH_MKT,2246.68,2282.48,2165.23,2200.29,790500,-0.01931,0.017654,0.017153,0
2022-06-01,SYNTH_MKT,2202.15,2239.1,2172.43,2209.29,2336686,0.004087,0.01766,0.016605,0
2022-06-02,SYNTH_MKT,2209.59,2264.15,2179.06,2233.29,2312184,0.010867,0.018472,0.01644,0
2022-06-03,SYNTH_MKT,2237.96,2265.92,2218.89,2246.77,2724986,0.006036,0.013587,0.016437,0
2022-06-06,SYNTH_MKT,2253.08,2266.0,2220.2,2233.01,995627,-0.006126,0.012018,0.015676,0
2022-06-07,SYNTH_MKT,2239.12,2273.99,2211.11,2245.9,723858,0.00577,0.006263,0.015604,0
2022-06-08,SYNTH_MKT,2245.22,2280.88,2197.84,2233.32,900418,-0.005601,0.007628,0.015074,0
2022-06-09,SYNTH_MKT,2242.61,2266.65,2200.93,2224.78,1002860,-0.003822,0.006132,0.015112,0
2022-06-10,SYNTH_MKT,2226.3,2237.9,2197.25,2208.76,777431,-0.007202,0.005268,0.015151,0
2022-06-13,SYNTH_MKT,2212.95,2255.2,2190.47,2232.52,1510051,0.010759,0.007856,0.010762,0
2022-06-14,SYNTH_MKT,2234.41,2286.16,2193.05,2244.62,1750454,0.005417,0.007793,0.010711,1
2022-06-15,SYNTH_MKT,2246.28,2277.05,2225.59,2256.27,1127012,0.00519,0.007368,0.010679,1
2022-06-16,SYNTH_MKT,2251.29,2312.96,2218.31,2279.57,997287,0.010328,0.007256,0.010786,0
2022-06-17,SYNTH_MKT,2284.36,2345.27,2271.03,2331.66,723437,0.022851,0.007174,0.011569,0
2022-06-20,SYNTH_MKT,2351.56,2371.86,2280.73,2300.59,1471980,-0.013324,0.01301,0.011637,0
2022-06-21,SYNTH_MKT,2298.01,2323.92,2262.01,2287.81,1019259,-0.005557,0.014038,0.011604,0
2022-06-22,SYNTH_MKT,2288.3,2312.07,2253.67,2277.33,930260,-0.004579,0.014486,0.011669,0
2022-06-23,SYNTH_MKT,2274.28,2287.32,2249.65,2262.63,1127827,-0.006457,0.013993,0.011764,0
2022-06-24,SYNTH_MKT,2259.31,2271.88,2231.43,2243.91,863788,-0.008271,0.003457,0.010448,0
2022-06-27,SYNTH_MKT,2254.31,2283.06,2210.76,2239.32,1037401,-0.002047,0.002307,0.009887,0
2022-06-28,SYNTH_MKT,2234.8,2265.12,2188.21,2218.31,697246,-0.009383,0.00293,0.009086,0
2022-06-29,SYNTH_MKT,2215.15,2258.07,2182.26,2225.03,1312287,0.00303,0.005112,0.009067,0
2022-06-30,SYNTH_MKT,2214.43,2262.39,2178.97,2226.73,974234,0.000764,0.005473,0.008727,0
2022-07-01,SYNTH_MKT,2221.67,2256.96,2200.92,2236.08,1336026,0.004198,0.005414,0.008669,0
2022-07-04,SYNTH_MKT,2224.62,2262.91,2207.81,2245.94,950959,0.004412,0.005768,0.00861,0
2022-07-05,SYNTH_MKT,2250.2,2289.63,2218.24,2257.56,966523,0.005174,0.00172,0.008591,0
2022-07-06,SYNTH_MKT,2276.53,2303.05,2225.37,2251.61,738540,-0.002637,0.00328,0.008509,0
2022-07-07,SYNTH_MKT,2249.13,2301.76,2238.18,2290.61,1209176,0.017319,0.007223,0.009234,0
2022-07-08,SYNTH_MKT,2279.15,2306.41,2268.52,2295.7,803353,0.002225,0.007378,0.009004,0
2022-07-11,SYNTH_MKT,2301.9,2326.69,2237.94,2262.3,885497,-0.01455,0.011608,0.00947,0
2022-07-12,SYNTH_MKT,2257.37,2275.63,2226.79,2244.95,1000261,-0.007669,0.012008,0.009579,0
2022-07-13,SYNTH_MKT,2253.7,2273.3,2195.23,2214.48,1030769,-0.013574,0.013294,0.009961,0
2022-07-14,SYNTH_MKT,2212.61,2244.56,2183.64,2215.56,652774,0.000489,0.007764,0.009614,0
2022-07-15,SYNTH_MKT,2211.36,2240.39,2185.19,2214.18,943931,-0.000624,0.007022,0.007753,0
2022-07-18,SYNTH_MKT,2213.0,2244.24,2175.5,2206.66,1219947,-0.003397,0.005755,0.007334,1
2022-07-19,SYNTH_MKT,2211.67,2253.08,2201.66,2242.93,909750,0.016437,0.0108,0.008359,1
2022-07-20,SYNTH_MKT,2241.4,2275.68,2219.4,2253.56,945366,0.004742,0.007787,0.008406,1
2022-07-21,SYNTH_MKT,2250.2,2293.7,2224.15,2267.44,1041437,0.006159,0.007645,0.008408,1
2022-07-22,SYNTH_MKT,2266.09,2272.68,2244.8,2251.35,969000,-0.007099,0.009162,0.00835,1
2022-07-25,SYNTH_MKT,2242.76,2277.81,2137.66,2171.6,1854916,-0.03542,0.019934,0.011546,1
2022-07-26,SYNTH_MKT,2174.19,2193.62,2153.73,2173.15,1684622,0.000712,0.017138,0.011401,1
2022-07-27,SYNTH_MKT,2161.5,2207.03,2134.73,2180.03,2179611,0.003164,0.0169,0.011404,1
2022-07-28,SYNTH_MKT,2177.12,2218.08,2067.65,2107.29,1307130,-0.033364,0.018652,0.013494,0
2022-07-29,SYNTH_MKT,2112.09,2155.16,2057.73,2100.56,1548068,-0.003196,0.019111,0.013397,0
2022-08-01,SYNTH_MKT,2102.47,2133.99,2069.15,2100.65,1699035,4.3e-05,0.015172,0.013305,0
2022-08-02,SYNTH_MKT,2104.37,2147.21,2041.47,2083.89,3036830,-0.00798,0.014623,0.013191,1
2022-08-03,SYNTH_MKT,2083.48,2126.16,1982.17,2023.62,2345219,-0.028919,0.015373,0.014318,1
2022-08-04,SYNTH_MKT,2030.72,2070.93,1945.2,1984.5,1940447,-0.019334,0.012028,0.013609,0
2022-08-05,SYNTH_MKT,1990.0,2029.5,1932.2,1971.32,2456002,-0.00664,0.011493,0.013434,0
2022-08-08,SYNTH_MKT,1973.96,2015.17,1935.54,1976.7,1776364,0.002728,0.012266,0.013512,0
2022-08-09,SYNTH_MKT,1982.2,2036.38,1944.44,1998.32,1312920,0.010936,0.016134,0.014066,0
2022-08-10,SYNTH_MKT,2002.81,2071.34,1969.35,2037.29,1180094,0.019505,0.015125,0.015006,0
2022-08-11,SYNTH_MKT,2034.61,2043.88,2023.94,2033.21,765906,-0.002005,0.010432,0.014977,0
2022-08-12,SYNTH_MKT,2025.01,2050.79,2000.75,2026.5,1404012,-0.003299,0.00958,0.014955,0
2022-08-15,SYNTH_MKT,2029.06,2059.47,2003.96,2034.31,832535,0.003851,0.00951,0.015066,0
2022-08-16,SYNTH_MKT,2037.64,2065.53,2017.14,2044.96,1123620,0.005237,0.009071,0.014464,0
2022-08-17,SYNTH_MKT,2051.65,2078.99,2011.41,2038.57,811334,-0.003124,0.004087,0.014306,0
2022-08-18,SYNTH_MKT,2032.85,2071.78,2013.43,2052.18,1209108,0.006673,0.004743,0.014327,0
2022-08-19,SYNTH_MKT,2046.59,2088.84,2026.94,2068.98,773739,0.008187,0.004383,0.014607,0
2022-08-22,SYNTH_MKT,2071.83,2110.5,2052.59,2091.08,1009855,0.010683,0.005242,0.01295,0
2022-08-23,SYNTH_MKT,2090.63,2131.9,2080.45,2121.56,1013300,0.014577,0.006599,0.013454,0
2022-08-24,SYNTH_MKT,2109.56,2127.44,2089.73,2107.6,1789526,-0.006581,0.008008,0.013467,0
2022-08-25,SYNTH_MKT,2109.97,2122.9,2095.65,2108.57,1170705,0.000461,0.008483,0.011202,0
2022-08-26,SYNTH_MKT,2096.85,2118.05,2088.35,2109.5,862236,0.00044,0.008568,0.011175,0
2022-08-29,SYNTH_MKT,2103.52,2139.23,2072.94,2108.58,1186801,-0.000435,0.007779,0.011176,0
2022-08-30,SYNTH_MKT,2117.13,2140.03,2075.67,2098.37,1706669,-0.004844,0.003292,0.011076,0
2022-08-31,SYNTH_MKT,2109.86,2128.17,2056.16,2074.16,665371,-0.011534,0.005159,0.009172,0
2022-09-01,SYNTH_MKT,2066.6,2090.01,2053.08,2076.43,810081,0.001091,0.005277,0.00779,0
2022-09-02,SYNTH_MKT,2074.38,2095.09,2043.78,2064.39,942495,-0.005797,0.004972,0.007741,0
2022-09-05,SYNTH_MKT,2064.65,2092.91,2038.3,2066.53,900980,0.001038,0.005292,0.007746,0
2022-09-06,SYNTH_MKT,2077.58,2088.99,2042.85,2054.13,920177,-0.006002,0.005362,0.007672,0
2022-09-07,SYNTH_MKT,2051.09,2069.1,2018.89,2036.78,721763,-0.008447,0.004405,0.006684,0
2022-09-08,SYNTH_MKT,2033.86,2066.36,2008.9,2041.31,1420471,0.002224,0.004725,0.006684,0
2022-09-09,SYNTH_MKT,2050.79,2060.11,2035.2,2044.49,700716,0.001557,0.004932,0.006637,0
2022-09-12,SYNTH_MKT,2042.19,2072.29,2024.69,2054.68,951178,0.004984,0.005769,0.006672,0
2022-09-13,SYNTH_MKT,2059.13,2106.14,2044.54,2091.33,1298821,0.017837,0.009431,0.007662,0
2022-09-14,SYNTH_MKT,2082.06,2114.03,2064.85,2096.7,992482,0.002568,0.006833,0.007601,0
2022-09-15,SYNTH_MKT,2095.62,2119.87,2081.38,2105.57,782823,0.004231,0.006624,0.007532,0
2022-09-16,SYNTH_MKT,2095.09,2114.68,2068.63,2088.15,713788,-0.00827,0.009283,0.007639,0
2022-09-19,SYNTH_MKT,2081.54,2115.88,2033.29,2067.39,944122,-0.009945,0.0112,0.007583,0
2022-09-20,SYNTH_MKT,2072.59,2110.01,2057.04,2094.29,827573,0.013013,0.009495,0.007425,0
2022-09-21,SYNTH_MKT,2093.98,2114.85,2058.82,2079.55,1052646,-0.007038,0.00989,0.007445,0
2022-09-22,SYNTH_MKT,2077.56,2119.69,1999.2,2040.58,1197535,-0.018741,0.011677,0.008463,1
2022-09-23,SYNTH_MKT,2035.99,2059.84,2015.43,2039.24,2083162,-0.000654,0.011835,0.008453,1
2022-09-26,SYNTH_MKT,2037.89,2077.75,1996.21,2036.03,1749824,-0.001573,0.011489,0.008448,1
2022-09-27,SYNTH_MKT,2037.87,2062.98,1978.38,2003.06,1782625,-0.016195,0.008294,0.009031,1
2022-09-28,SYNTH_MKT,2008.97,2048.0,1953.46,1992.16,2437316,-0.00544,0.008411,0.008802,1
2022-09-29,SYNTH_MKT,1976.48,2067.51,1946.23,2036.35,1523757,0.022179,0.014019,0.010321,1
2022-09-30,SYNTH_MKT,2031.27,2058.75,1979.76,2006.91,1417895,-0.014458,0.015389,0.010711,1
2022-10-03,SYNTH_MKT,2007.87,2032.03,1933.11,1956.66,1482436,-0.025036,0.01814,0.011922,1
2022-10-04,SYNTH_MKT,1956.08,2009.47,1936.9,1989.96,1620114,0.017017,0.02025,0.01267,0
2022-10-05,SYNTH_MKT,1992.37,2032.99,1967.26,2007.69,1661776,0.008911,0.020505,0.012764,1
2022-10-06,SYNTH_MKT,2009.3,2041.23,1953.82,1985.37,1381201,-0.011119,0.017368,0.012954,1
2022-10-07,SYNTH_MKT,1983.55,2007.84,1905.3,1928.92,1025168,-0.028429,0.020179,0.014273,0
2022-10-10,SYNTH_MKT,1925.88,1940.38,1903.66,1918.11,869156,-0.005607,0.017736,0.014165,0
2022-10-11,SYNTH_MKT,1916.7,1932.9,1901.75,1917.94,1094126,-8.8e-05,0.013953,0.013295,0
2022-10-12,SYNTH_MKT,1924.55,1961.23,1899.97,1936.5,1034651,0.009675,0.014177,0.013578,0
2022-10-13,SYNTH_MKT,1932.25,1958.72,1894.8,1921.12,1349708,-0.007943,0.014022,0.013468,0
2022-10-14,SYNTH_MKT,1920.76,1932.53,1908.72,1920.49,1630475,-0.000326,0.006793,0.013467,0
2022-10-17,SYNTH_MKT,1921.55,1943.37,1909.78,1931.54,1209048,0.005751,0.006706,0.013565,0
2022-10-18,SYNTH_MKT,1940.58,1960.6,1875.86,1895.42,1412879,-0.0187,0.011324,0.01341,0
2022-10-19,SYNTH_MKT,1893.71,1940.26,1865.47,1911.75,1211299,0.00862,0.011051,0.013731,0
2022-10-20,SYNTH_MKT,1917.25,1942.91,1868.99,1894.34,1533380,-0.00911,0.011206,0.013355,0
2022-10-21,SYNTH_MKT,1901.34,1908.55,1892.83,1900.03,1588378,0.003006,0.011482,0.013423,0
2022-10-24,SYNTH_MKT,1899.67,1919.2,1884.96,1904.45,1268444,0.002323,0.010989,0.013479,0
2022-10-25,SYNTH_MKT,1903.24,1931.4,1893.58,1921.64,1193147,0.009027,0.007327,0.013384,0
2022-10-26,SYNTH_MKT,1919.74,1945.71,1904.9,1930.78,949985,0.004757,0.006736,0.013439,0
2022-10-27,SYNTH_MKT,1929.3,1958.66,1865.9,1894.74,989718,-0.018668,0.010805,0.012741,0
2022-10-28,SYNTH_MKT,1899.59,1905.5,1877.65,1883.5,919009,-0.005928,0.01094,0.012496,0
2022-10-31,SYNTH_MKT,1884.81,1892.42,1878.64,1886.25,1168023,0.001456,0.010867,0.011404,0
2022-11-01,SYNTH_MKT,1887.58,1897.93,1873.63,1883.96,835197,-0.00121,0.009125,0.010517,0
2022-11-02,SYNTH_MKT,1877.6,1910.64,1858.92,1891.82,953346,0.004171,0.008989,0.010293,0
2022-11-03,SYNTH_MKT,1886.33,1925.92,1865.05,1904.43,554997,0.006665,0.004879,0.010316,0
2022-11-04,SYNTH_MKT,1916.68,1936.9,1894.17,1914.37,1538445,0.005218,0.003142,0.008337,0
2022-11-07,SYNTH_MKT,1913.35,1939.18,1885.94,1911.76,946372,-0.001364,0.003743,0.00825,0
2022-11-08,SYNTH_MKT,1907.31,1914.66,1876.93,1884.19,1120634,-0.014421,0.008644,0.008847,0
2022-11-09,SYNTH_MKT,1892.28,1917.92,1852.53,1877.98,1439717,-0.003294,0.008396,0.008503,0
2022-11-10,SYNTH_MKT,1879.57,1899.13,1865.37,1884.89,1077963,0.003681,0.007757,0.008437,0
2022-11-11,SYNTH_MKT,1888.16,1910.3,1847.19,1869.11,1434886,-0.008374,0.006916,0.008597,0
2022-11-14,SYNTH_MKT,1868.34,1885.79,1861.79,1879.2,733128,0.0054,0.008273,0.008583,1
2022-11-15,SYNTH_MKT,1877.41,1910.22,1860.85,1893.52,1820924,0.007617,0.006645,0.007758,1
2022-11-16,SYNTH_MKT,1892.55,1914.58,1874.11,1896.1,1312295,0.001365,0.006204,0.007498,1
2022-11-17,SYNTH_MKT,1888.24,1913.58,1825.46,1850.29,1053692,-0.02416,0.013009,0.009021,0
2022-11-18,SYNTH_MKT,1849.8,1855.61,1826.27,1832.02,1427992,-0.009875,0.013163,0.009168,0
2022-11-21,SYNTH_MKT,1833.65,1876.91,1817.29,1860.31,746650,0.01544,0.0155,0.009916,0
2022-11-22,SYNTH_MKT,1870.63,1878.97,1844.56,1852.82,930387,-0.004022,0.014554,0.009638,0
2022-11-23,SYNTH_MKT,1853.3,1873.36,1804.32,1824.06,1434853,-0.015523,0.014881,0.009975,0
2022-11-24,SYNTH_MKT,1811.29,1864.67,1789.72,1842.73,627027,0.010232,0.013181,0.009642,0
2022-11-25,SYNTH_MKT,1842.21,1869.28,1816.51,1843.57,1150405,0.000457,0.012163,0.009588,0
2022-11-28,SYNTH_MKT,1858.72,1872.9,1846.34,1860.51,1142300,0.00919,0.010565,0.009846,0
2022-11-29,SYNTH_MKT,1865.34,1888.68,1841.95,1865.28,1636085,0.002566,0.010336,0.00987,0
2022-11-30,SYNTH_MKT,1860.75,1899.45,1834.24,1872.78,673182,0.004018,0.004243,0.009867,0
2022-12-01,SYNTH_MKT,1876.1,1885.21,1869.77,1878.87,1495420,0.003254,0.003242,0.009766,0
2022-12-02,SYNTH_MKT,1874.69,1911.28,1853.6,1890.01,869473,0.00593,0.002662,0.00979,0
2022-12-05,SYNTH_MKT,1882.34,1949.43,1858.56,1925.11,894265,0.018569,0.006661,0.010681,0
2022-12-06,SYNTH_MKT,1923.1,1955.81,1908.17,1940.74,736754,0.008118,0.006213,0.010214,0
2022-12-07,SYNTH_MKT,1941.27,1948.95,1909.3,1916.88,761882,-0.012293,0.01114,0.010627,0
2022-12-08,SYNTH_MKT,1906.12,1948.6,1882.15,1924.4,1106144,0.003923,0.011122,0.010631,0
2022-12-09,SYNTH_MKT,1917.77,1950.42,1910.09,1942.65,757233,0.009482,0.01132,0.010543,0
2022-12-12,SYNTH_MKT,1942.71,1977.89,1927.0,1962.02,1203303,0.009972,0.009327,0.01067,0
2022-12-13,SYNTH_MKT,1959.62,1976.55,1939.11,1956.01,847265,-0.003063,0.009386,0.010652,0
2022-12-14,SYNTH_MKT,1958.33,1997.96,1935.49,1974.92,738408,0.00967,0.005653,0.0108,0
2022-12-15,SYNTH_MKT,1967.73,2002.8,1955.34,1990.27,876382,0.007772,0.005561,0.00891,0
2022-12-16,SYNTH_MKT,1994.54,2044.25,1982.45,2031.93,1087821,0.02093,0.008525,0.009102,0
2022-12-19,SYNTH_MKT,2024.71,2043.33,2001.87,2020.45,933010,-0.00565,0.010693,0.009078,0
2022-12-20,SYNTH_MKT,2030.41,2056.45,1987.14,2012.96,1008589,-0.003709,0.010832,0.009064,0
2022-12-21,SYNTH_MKT,2002.59,2044.79,1966.65,2008.73,1190117,-0.002099,0.011058,0.007956,0
2022-12-22,SYNTH_MKT,2002.15,2007.81,1995.89,2001.56,1310757,-0.003572,0.011113,0.008064,0
2022-12-23,SYNTH_MKT,2004.06,2024.23,1968.0,1988.01,925404,-0.00677,0.001846,0.008395,0
2022-12-26,SYNTH_MKT,1997.93,2006.83,1936.1,1944.76,770238,-0.021751,0.008102,0.010041,0
2022-12-27,SYNTH_MKT,1946.6,1971.66,1913.72,1938.68,1019205,-0.003128,0.008175,0.010112,0
2022-12-28,SYNTH_MKT,1941.95,1954.9,1932.16,1945.09,1124864,0.003305,0.009337,0.010106,0
2022-12-29,SYNTH_MKT,1945.19,1957.06,1926.27,1938.09,694070,-0.003596,0.009335,0.010175,0
2022-12-30,SYNTH_MKT,1932.13,1981.46,1919.68,1968.78,800393,0.015833,0.013602,0.010628,0
2023-01-02,SYNTH_MKT,1965.88,1986.41,1949.18,1969.68,835440,0.000457,0.007928,0.009897,0
2023-01-03,SYNTH_MKT,1962.52,2010.8,1942.71,1990.71,949371,0.010678,0.007849,0.010007,0
2023-01-04,SYNTH_MKT,1983.08,2028.65,1954.85,2000.18,1405467,0.004756,0.007782,0.0095,0
2023-01-05,SYNTH_MKT,2002.59,2054.95,1978.0,2030.03,2028686,0.014925,0.006616,0.009916,0
2023-01-06,SYNTH_MKT,2023.19,2054.58,2009.07,2040.34,1138082,0.005076,0.005651,0.009806,0
2023-01-09,SYNTH_MKT,2042.29,2122.51,2011.23,2090.71,1145336,0.024688,0.008242,0.010889,0
2023-01-10,SYNTH_MKT,2082.54,2118.22,2057.37,2092.92,1563858,0.001057,0.009639,0.010802,0
2023-01-11,SYNTH_MKT,2094.78,2147.5,2059.28,2111.71,1626962,0.00898,0.00923,0.010782,0
2023-01-12,SYNTH_MKT,2108.62,2145.87,2088.65,2125.74,1181715,0.006644,0.009079,0.010761,0
2023-01-13,SYNTH_MKT,2134.71,2149.04,2100.63,2114.82,1460736,-0.005139,0.011172,0.010077,0
2023-01-16,SYNTH_MKT,2116.87,2156.26,2091.12,2130.34,1537822,0.00734,0.005807,0.009973,0
2023-01-17,SYNTH_MKT,2138.24,2199.5,2108.34,2169.17,906354,0.018225,0.008326,0.010427,0
2023-01-18,SYNTH_MKT,2164.25,2185.68,2143.81,2165.23,1038700,-0.001813,0.009114,0.010418,0
2023-01-19,SYNTH_MKT,2165.6,2190.65,2148.27,2173.26,847559,0.003706,0.009081,0.010273,0
2023-01-20,SYNTH_MKT,2166.86,2207.57,2155.34,2195.89,1446951,0.010412,0.007494,0.010025,0
2023-01-23,SYNTH_MKT,2193.16,2251.78,2158.44,2216.69,1129811,0.009472,0.007538,0.007824,0
2023-01-24,SYNTH_MKT,2214.94,2228.05,2204.57,2217.67,817276,0.000444,0.005399,0.007629,0
2023-01-25,SYNTH_MKT,2212.84,2225.89,2163.33,2176.16,1023909,-0.018717,0.011798,0.009512,0
2023-01-26,SYNTH_MKT,2168.23,2210.14,2144.2,2185.92,1031489,0.004484,0.011846,0.009267,0
2023-01-27,SYNTH_MKT,2176.65,2185.84,2138.8,2147.87,1354835,-0.017406,0.012932,0.010343,0
2023-01-30,SYNTH_MKT,2132.79,2204.09,2103.15,2173.88,860625,0.012109,0.013669,0.010436,0
2023-01-31,SYNTH_MKT,2166.99,2202.19,2142.51,2177.59,1211470,0.001706,0.013779,0.010371,0
2023-02-01,SYNTH_MKT,2181.69,2222.99,2154.64,2195.77,1010518,0.008347,0.011459,0.010406,0
2023-02-02,SYNTH_MKT,2185.24,2209.34,2156.63,2180.69,1451926,-0.006867,0.011921,0.010423,0
2023-02-03,SYNTH_MKT,2171.74,2189.45,2136.8,2154.37,1380882,-0.01207,0.010124,0.010988,0
2023-02-06,SYNTH_MKT,2165.94,2175.79,2149.79,2159.61,1050477,0.002436,0.008109,0.009705,0
2023-02-07,SYNTH_MKT,2155.49,2177.59,2137.73,2159.79,936532,8.1e-05,0.007991,0.00971,0
2023-02-08,SYNTH_MKT,2161.87,2180.03,2122.81,2140.79,1929536,-0.008798,0.006103,0.009814,0
2023-02-09,SYNTH_MKT,2144.91,2167.96,2119.96,2142.99,955889,0.001027,0.00652,0.009716,0
2023-02-10,SYNTH_MKT,2147.25,2217.54,2121.42,2191.18,1522078,0.022489,0.011519,0.010785,0
2023-02-13,SYNTH_MKT,2181.18,2264.7,2141.46,2224.21,1733679,0.015071,0.012579,0.011126,1
2023-02-14,SYNTH_MKT,2222.67,2297.58,2192.02,2266.34,1536055,0.018941,0.013183,0.011181,1
2023-02-15,SYNTH_MKT,2255.33,2337.69,2219.25,2300.88,1515468,0.015241,0.008154,0.011501,1
2023-02-16,SYNTH_MKT,2317.76,2388.51,2292.01,2362.26,1255293,0.02668,0.00496,0.012653,1
2023-02-17,SYNTH_MKT,2350.96,2378.75,2326.54,2354.3,1953784,-0.003371,0.011049,0.012676,1
2023-02-20,SYNTH_MKT,2346.9,2380.21,2235.16,2267.34,1384896,-0.036936,0.025466,0.015476,0
2023-02-21,SYNTH_MKT,2260.27,2284.57,2235.46,2259.76,2237066,-0.003345,0.024137,0.015509,0
2023-02-22,SYNTH_MKT,2249.61,2323.56,2219.52,2292.89,1230467,0.014661,0.024044,0.015059,0
2023-02-23,SYNTH_MKT,2302.19,2312.68,2265.54,2275.9,1032321,-0.007408,0.018652,0.01522,0
2023-02-24,SYNTH_MKT,2292.44,2304.53,2261.5,2273.49,1333165,-0.001061,0.018802,0.014539,0
2023-02-27,SYNTH_MKT,2270.24,2295.99,2236.05,2261.7,583878,-0.005184,0.008774,0.01448,0
2023-02-28,SYNTH_MKT,2252.74,2317.94,2224.93,2289.67,1656267,0.012366,0.010186,0.01466,0
2023-03-01,SYNTH_MKT,2274.31,2315.39,2263.26,2304.2,899135,0.006346,0.00823,0.014626,0
2023-03-02,SYNTH_MKT,2302.51,2343.62,2276.08,2317.02,1035903,0.005562,0.00684,0.014469,0
2023-03-03,SYNTH_MKT,2314.82,2344.89,2299.38,2329.35,1153570,0.005323,0.006327,0.014023,0
2023-03-06,SYNTH_MKT,2324.8,2350.13,2304.19,2329.47,1199053,5.2e-05,0.004378,0.014047,0
2023-03-07,SYNTH_MKT,2331.02,2367.74,2297.3,2333.97,1070869,0.00193,0.002713,0.014027,0
2023-03-08,SYNTH_MKT,2336.74,2364.85,2284.84,2312.66,1283186,-0.009131,0.005992,0.014043,0
2023-03-09,SYNTH_MKT,2314.9,2342.64,2245.78,2273.01,1138563,-0.017142,0.009183,0.01481,0
2023-03-10,SYNTH_MKT,2270.86,2313.95,2233.54,2276.54,1553049,0.001551,0.008366,0.014086,0
2023-03-13,SYNTH_MKT,2269.02,2296.9,2255.44,2283.24,1139491,0.002942,0.008849,0.013751,0
2023-03-14,SYNTH_MKT,2287.8,2317.32,2276.69,2306.12,1634208,0.010024,0.010737,0.013289,0
2023-03-15,SYNTH_MKT,2306.21,2349.73,2292.58,2335.92,1252660,0.012921,0.011738,0.013168,1
2023-03-16,SYNTH_MKT,2342.15,2384.49,2323.92,2366.08,636712,0.01291,0.005467,0.012059,1
2023-03-17,SYNTH_MKT,2371.69,2386.43,2333.41,2348.01,1920865,-0.007634,0.008758,0.012161,1
2023-03-20,SYNTH_MKT,2338.0,2364.82,2306.48,2333.24,1472618,-0.006291,0.010438,0.008713,1
2023-03-21,SYNTH_MKT,2323.2,2377.36,2299.69,2353.53,2470731,0.008696,0.010274,0.008778,1
2023-03-22,SYNTH_MKT,2348.2,2498.9,2311.95,2460.91,1711425,0.045624,0.021526,0.012885,0
2023-03-23,SYNTH_MKT,2453.11,2516.34,2428.07,2490.91,1303786,0.012191,0.021509,0.012747,0
2023-03-24,SYNTH_MKT,2496.56,2530.17,2480.58,2514.09,841878,0.009305,0.019139,0.012715,0
2023-03-27,SYNTH_MKT,2516.74,2544.83,2479.19,2507.17,1169336,-0.002752,0.01825,0.012623,0
2023-03-28,SYNTH_MKT,2515.44,2544.85,2461.21,2490.33,938664,-0.006716,0.020644,0.012776,0
2023-03-29,SYNTH_MKT,2493.3,2521.28,2479.02,2506.92,1484014,0.006661,0.008099,0.012779,0
2023-03-30,SYNTH_MKT,2508.49,2525.62,2468.75,2485.73,1115906,-0.008455,0.007974,0.013087,0
2023-03-31,SYNTH_MKT,2494.67,2508.9,2467.7,2481.85,1263626,-0.001557,0.005876,0.013129,0
2023-04-03,SYNTH_MKT,2485.35,2496.38,2469.44,2480.44,582154,-0.000568,0.005939,0.013138,0
2023-04-04,SYNTH_MKT,2480.95,2527.57,2466.49,2512.92,978834,0.013093,0.008265,0.013316,0
2023-04-05,SYNTH_MKT,2524.08,2547.04,2483.87,2506.67,1108090,-0.002488,0.007935,0.013057,0
2023-04-06,SYNTH_MKT,2507.54,2520.12,2446.29,2458.63,1057495,-0.019164,0.011454,0.013237,0
2023-04-07,SYNTH_MKT,2456.39,2486.07,2439.82,2469.41,1271616,0.004386,0.011832,0.013225,0
2023-04-10,SYNTH_MKT,2463.21,2472.81,2446.89,2456.47,912583,-0.005242,0.011978,0.01339,0
2023-04-11,SYNTH_MKT,2461.65,2485.0,2434.85,2458.17,1012271,0.000691,0.00902,0.013322,0
2023-04-12,SYNTH_MKT,2467.29,2493.2,2431.51,2457.32,1343538,-0.000344,0.009181,0.013146,0
2023-04-13,SYNTH_MKT,2456.95,2482.53,2427.27,2452.8,565710,-0.00184,0.003521,0.01295,0
2023-04-14,SYNTH_MKT,2462.43,2491.02,2440.64,2469.17,1158745,0.006673,0.004358,0.012791,0
2023-04-17,SYNTH_MKT,2454.58,2461.85,2432.52,2439.75,919917,-0.011913,0.006733,0.013056,0
2023-04-18,SYNTH_MKT,2439.35,2454.77,2415.16,2430.52,796060,-0.003786,0.006692,0.013033,0
2023-04-19,SYNTH_MKT,2430.22,2462.2,2412.8,2444.67,1087776,0.005822,0.007632,0.008062,0
2023-04-20,SYNTH_MKT,2439.34,2456.87,2416.02,2433.51,1359154,-0.004563,0.007801,0.00755,0
2023-04-21,SYNTH_MKT,2450.92,2473.22,2381.18,2403.04,1296652,-0.01252,0.007456,0.007538,0
2023-04-24,SYNTH_MKT,2402.57,2451.79,2367.73,2416.74,966785,0.005698,0.007759,0.007742,0
2023-04-25,SYNTH_MKT,2413.78,2468.69,2384.7,2439.3,1244750,0.009335,0.009059,0.008032,0
2023-04-26,SYNTH_MKT,2439.49,2451.32,2427.44,2439.27,1242365,-1e-05,0.008607,0.007833,0
2023-04-27,SYNTH_MKT,2424.62,2452.53,2374.21,2401.86,978394,-0.015337,0.010939,0.0083,0
2023-04-28,SYNTH_MKT,2396.39,2443.72,2369.16,2416.27,840910,0.005998,0.009802,0.008476,0
2023-05-01,SYNTH_MKT,2423.4,2436.91,2371.73,2385.03,853159,-0.012929,0.01109,0.008861,0
2023-05-02,SYNTH_MKT,2380.53,2420.92,2351.5,2391.76,1233016,0.00282,0.009625,0.00822,0
2023-05-03,SYNTH_MKT,2385.81,2405.27,2356.23,2375.61,989518,-0.00675,0.009415,0.008276,0
2023-05-04,SYNTH_MKT,2384.94,2392.48,2346.96,2354.4,769860,-0.008929,0.008032,0.007479,0
2023-05-05,SYNTH_MKT,2363.87,2388.97,2321.98,2346.9,656248,-0.003185,0.005972,0.007322,0
2023-05-08,SYNTH_MKT,2350.54,2381.49,2308.47,2339.28,2092974,-0.003249,0.004458,0.007296,0
2023-05-09,SYNTH_MKT,2336.08,2362.69,2285.93,2312.27,1482802,-0.011546,0.00363,0.007531,0
2023-05-10,SYNTH_MKT,2310.61,2365.28,2282.53,2336.88,1846376,0.010647,0.008576,0.008116,0
2023-05-11,SYNTH_MKT,2331.25,2353.22,2296.39,2318.24,2317652,-0.007979,0.008428,0.008206,1
2023-05-12,SYNTH_MKT,2311.32,2394.03,2277.25,2359.26,1225559,0.017693,0.012527,0.009186,1
2023-05-15,SYNTH_MKT,2351.86,2400.07,2323.34,2371.31,1680924,0.005111,0.012356,0.009029,0
2023-05-16,SYNTH_MKT,2366.92,2397.61,2311.3,2341.66,1628981,-0.012506,0.012639,0.009356,1
2023-05-17,SYNTH_MKT,2334.39,2366.44,2273.63,2305.28,1869299,-0.015537,0.013836,0.009652,1
2023-05-18,SYNTH_MKT,2294.46,2312.09,2219.84,2237.03,2317336,-0.029605,0.018511,0.011355,1
2023-05-19,SYNTH_MKT,2238.5,2268.46,2218.98,2248.85,1219285,0.005283,0.014847,0.011361,1
2023-05-22,SYNTH_MKT,2250.43,2271.0,2214.18,2234.61,1960261,-0.006333,0.012779,0.01118,1
2023-05-23,SYNTH_MKT,2246.01,2278.71,2108.16,2139.3,2200114,-0.04265,0.018883,0.01371,1
2023-05-24,SYNTH_MKT,2135.01,2150.92,2102.99,2118.78,1622606,-0.009593,0.019243,0.01364,1
2023-05-25,SYNTH_MKT,2120.66,2147.87,2057.78,2084.52,1642577,-0.016169,0.017857,0.013668,1
2023-05-26,SYNTH_MKT,2086.48,2173.3,2057.72,2143.75,1887476,0.028412,0.025448,0.015574,1
2023-05-29,SYNTH_MKT,2142.12,2173.62,2047.58,2078.15,1853049,-0.0306,0.027015,0.016472,1
2023-05-30,SYNTH_MKT,2082.79,2098.38,2009.19,2024.34,1966423,-0.025894,0.023387,0.016842,1
2023-05-31,SYNTH_MKT,2029.04,2089.74,2004.62,2064.88,1956091,0.020029,0.0272,0.017987,1
2023-06-01,SYNTH_MKT,2066.91,2155.57,2027.68,2115.41,1329941,0.024472,0.028984,0.019285,0
2023-06-02,SYNTH_MKT,2113.79,2154.29,2047.17,2087.15,2177537,-0.01336,0.025772,0.019365,0
2023-06-05,SYNTH_MKT,2084.91,2118.79,2029.98,2063.51,2275782,-0.011328,0.022192,0.019396,0
2023-06-06,SYNTH_MKT,2055.04,2095.46,2034.18,2074.41,1047619,0.00528,0.017384,0.01951,0
2023-06-07,SYNTH_MKT,2069.39,2079.28,2026.78,2036.51,688294,-0.018267,0.017552,0.019342,0
2023-06-08,SYNTH_MKT,2032.71,2056.44,1983.47,2006.9,971721,-0.01454,0.009145,0.019421,0
2023-06-09,SYNTH_MKT,2000.14,2019.46,1983.8,2003.1,1049801,-0.001896,0.009653,0.018586,0
2023-06-12,SYNTH_MKT,2005.74,2051.04,1983.59,2028.64,751149,0.012749,0.013072,0.018944,0
2023-06-13,SYNTH_MKT,2035.92,2048.68,2009.6,2022.27,913899,-0.003136,0.012198,0.018932,0
2023-06-14,SYNTH_MKT,2016.77,2041.03,2000.41,2024.62,703039,0.001157,0.009776,0.01891,0
2023-06-15,SYNTH_MKT,2026.34,2063.01,2007.17,2043.69,1163954,0.00942,0.007055,0.018385,0
2023-06-16,SYNTH_MKT,2037.35,2099.19,2017.41,2078.85,1042361,0.017205,0.008348,0.0189,0
2023-06-19,SYNTH_MKT,2076.95,2099.33,2047.68,2069.98,662691,-0.004265,0.009097,0.018891,0
2023-06-20,SYNTH_MKT,2065.7,2083.85,2052.3,2070.43,1091842,0.000215,0.008539,0.016515,0
2023-06-21,SYNTH_MKT,2074.17,2108.53,2067.06,2101.33,985972,0.014926,0.00928,0.016791,0
2023-06-22,SYNTH_MKT,2097.05,2129.14,2044.71,2076.48,1137807,-0.011828,0.012491,0.016602,0
2023-06-23,SYNTH_MKT,2082.78,2133.56,2043.72,2094.28,906754,0.008571,0.010521,0.015357,0
2023-06-26,SYNTH_MKT,2092.73,2114.89,2055.94,2077.95,818428,-0.007797,0.011109,0.013817,0
2023-06-27,SYNTH_MKT,2073.9,2087.67,2066.63,2080.38,824720,0.00117,0.011104,0.012391,0
2023-06-28,SYNTH_MKT,2072.56,2088.92,2060.73,2077.07,874115,-0.001591,0.007933,0.011601,0
2023-06-29,SYNTH_MKT,2078.65,2101.17,2039.53,2061.88,1004717,-0.007314,0.006744,0.010219,0
2023-06-30,SYNTH_MKT,2067.42,2096.7,2017.4,2046.38,1037682,-0.007515,0.004136,0.009933,0
2023-07-03,SYNTH_MKT,2048.06,2059.73,2039.97,2051.62,953438,0.002561,0.004696,0.00965,0
2023-07-04,SYNTH_MKT,2065.4,2113.14,2041.03,2088.49,1529282,0.01797,0.010471,0.010419,0
2023-07-05,SYNTH_MKT,2097.45,2137.37,2038.51,2078.07,2198154,-0.004991,0.010773,0.009555,0
2023-07-06,SYNTH_MKT,2076.15,2127.43,2031.08,2082.23,4492457,0.002004,0.009934,0.008822,0
2023-07-07,SYNTH_MKT,2080.25,2108.01,2064.8,2092.48,824744,0.004919,0.008392,0.0088,0
2023-07-10,SYNTH_MKT,2095.42,2101.83,2070.6,2076.94,869799,-0.007423,0.01,0.008685,0
2023-07-11,SYNTH_MKT,2071.72,2113.55,2048.34,2089.96,2278377,0.006268,0.00607,0.008692,0
2023-07-12,SYNTH_MKT,2097.27,2132.38,2069.38,2104.39,1110992,0.006905,0.005877,0.008768,0
2023-07-13,SYNTH_MKT,2106.67,2167.16,2088.83,2148.96,708223,0.021179,0.010148,0.009645,0
2023-07-14,SYNTH_MKT,2150.61,2173.03,2120.91,2143.25,1234507,-0.002659,0.010953,0.009062,0
2023-07-17,SYNTH_MKT,2147.66,2162.49,2121.4,2136.14,796514,-0.003315,0.009906,0.009032,0
2023-07-18,SYNTH_MKT,2147.18,2161.68,2135.55,2150.03,1255162,0.006502,0.00991,0.00909,0
2023-07-19,SYNTH_MKT,2151.13,2192.81,2123.37,2164.87,948626,0.006903,0.00991,0.008653,0
2023-07-20,SYNTH_MKT,2164.14,2186.54,2134.04,2156.36,895879,-0.003931,0.005499,0.008179,0
2023-07-21,SYNTH_MKT,2166.12,2189.43,2127.02,2150.16,1495246,-0.002875,0.005533,0.008089,0
2023-07-24,SYNTH_MKT,2156.4,2192.21,2124.47,2160.22,1152116,0.004679,0.005246,0.007823,0
2023-07-25,SYNTH_MKT,2158.14,2168.03,2136.84,2146.68,1275384,-0.006271,0.005747,0.008037,0
2023-07-26,SYNTH_MKT,2146.71,2160.86,2126.27,2140.38,1114861,-0.002934,0.004119,0.008071,0
2023-07-27,SYNTH_MKT,2141.63,2162.87,2121.43,2142.66,894839,0.001067,0.004219,0.007801,0
2023-07-28,SYNTH_MKT,2144.99,2174.62,2130.95,2160.48,1165136,0.008318,0.005819,0.00759,0
2023-07-31,SYNTH_MKT,2151.69,2177.37,2125.13,2150.79,1352972,-0.004487,0.005802,0.00776,0
2023-08-01,SYNTH_MKT,2140.84,2158.07,2102.78,2119.84,1034258,-0.014389,0.008295,0.007715,0
2023-08-02,SYNTH_MKT,2114.2,2124.41,2078.0,2088.08,1568956,-0.014983,0.010027,0.008401,0
2023-08-03,SYNTH_MKT,2082.04,2100.91,2049.03,2067.77,1236916,-0.009725,0.009574,0.008678,0
2023-08-04,SYNTH_MKT,2063.78,2083.35,2027.37,2046.77,1054425,-0.010155,0.004236,0.008853,0
2023-08-07,SYNTH_MKT,2050.67,2076.38,2019.32,2044.96,1064890,-0.000887,0.00564,0.008726,0
2023-08-08,SYNTH_MKT,2043.92,2065.12,2005.21,2026.23,1034904,-0.009161,0.005087,0.008755,0
2023-08-09,SYNTH_MKT,2027.42,2049.0,1994.09,2015.54,731389,-0.005272,0.00395,0.008561,0
2023-08-10,SYNTH_MKT,2008.14,2028.38,1983.57,2003.77,977733,-0.005843,0.003661,0.006597,0
2023-08-11,SYNTH_MKT,2000.99,2017.09,1981.33,1997.41,1056854,-0.003174,0.003093,0.006595,0
2023-08-14,SYNTH_MKT,2000.93,2031.22,1989.05,2019.24,901206,0.01093,0.007811,0.007342,0
2023-08-15,SYNTH_MKT,2022.84,2050.85,2002.7,2030.64,1088084,0.005646,0.007455,0.007288,0
2023-08-16,SYNTH_MKT,2026.22,2046.78,2011.09,2031.61,1005341,0.000479,0.006761,0.006971,0
2023-08-17,SYNTH_MKT,2032.6,2064.22,1993.32,2024.83,1213395,-0.003338,0.006135,0.006969,0
2023-08-18,SYNTH_MKT,2038.19,2067.06,1989.92,2018.52,1180311,-0.003116,0.006123,0.006968,0
2023-08-21,SYNTH_MKT,2018.41,2047.46,1995.54,2024.52,1042673,0.002972,0.003886,0.006878,0
2023-08-22,SYNTH_MKT,2020.31,2055.67,1999.47,2034.69,710487,0.005023,0.003686,0.007074,0
2023-08-23,SYNTH_MKT,2033.63,2050.81,2003.56,2020.63,1564678,-0.006911,0.004922,0.007138,0
2023-08-24,SYNTH_MKT,2021.19,2029.52,2013.6,2021.92,965149,0.000642,0.004784,0.007127,0
2023-08-25,SYNTH_MKT,2021.01,2037.04,1973.98,1989.77,979981,-0.015903,0.008587,0.007183,0
2023-08-28,SYNTH_MKT,1989.58,2012.19,1971.27,1993.84,917933,0.002044,0.008439,0.007311,0
2023-08-29,SYNTH_MKT,1985.2,2026.19,1965.91,2006.69,885057,0.006447,0.008795,0.0072,0
2023-08-30,SYNTH_MKT,2000.9,2024.28,1979.53,2002.9,1471106,-0.001891,0.00848,0.006595,0
2023-08-31,SYNTH_MKT,2002.0,2058.08,1977.0,2032.7,1414125,0.014882,0.011374,0.007343,0
2023-09-01,SYNTH_MKT,2031.7,2043.95,2006.91,2019.09,1117504,-0.0067,0.008246,0.00715,0
2023-09-04,SYNTH_MKT,2015.66,2035.58,2003.43,2023.3,973482,0.00209,0.008245,0.007176,0
2023-09-05,SYNTH_MKT,2022.23,2052.98,1992.7,2023.43,1167400,6.3e-05,0.008063,0.006881,0
2023-09-06,SYNTH_MKT,2023.8,2047.85,1998.48,2022.52,1018620,-0.000452,0.007928,0.006772,0
2023-09-07,SYNTH_MKT,2027.91,2042.59,2006.75,2021.38,953557,-0.000565,0.003301,0.006625,0
2023-09-08,SYNTH_MKT,2020.77,2040.76,2003.86,2023.82,1088201,0.001207,0.001146,0.006571,0
2023-09-11,SYNTH_MKT,2026.24,2055.35,2009.24,2038.25,895574,0.007134,0.003239,0.006309,0
2023-09-12,SYNTH_MKT,2034.94,2079.83,2016.78,2061.43,1065097,0.011372,0.005298,0.006675,0
2023-09-13,SYNTH_MKT,2064.97,2087.05,2040.07,2062.12,1052381,0.000332,0.005153,0.006675,0
2023-09-14,SYNTH_MKT,2064.44,2115.61,2025.34,2076.29,1162687,0.006873,0.004585,0.006735,0
2023-09-15,SYNTH_MKT,2081.68,2101.58,2045.61,2065.36,856599,-0.005264,0.006551,0.006825,0
2023-09-18,SYNTH_MKT,2069.78,2102.54,2046.08,2078.74,1194268,0.006478,0.006481,0.006918,0
2023-09-19,SYNTH_MKT,2082.41,2089.79,2059.46,2066.79,797257,-0.005746,0.006095,0.007035,0
2023-09-20,SYNTH_MKT,2066.18,2099.86,2052.01,2085.55,866631,0.009075,0.00718,0.00702,0
2023-09-21,SYNTH_MKT,2087.08,2152.28,2058.46,2123.16,876138,0.018035,0.010104,0.007915,0
2023-09-22,SYNTH_MKT,2129.94,2152.11,2099.74,2121.83,764897,-0.000627,0.00915,0.00669,0
2023-09-25,SYNTH_MKT,2117.68,2148.08,2055.42,2085.36,1289062,-0.01719,0.013546,0.008104,0
2023-09-26,SYNTH_MKT,2081.43,2105.35,2053.07,2076.94,784849,-0.004035,0.013363,0.008159,0
2023-09-27,SYNTH_MKT,2078.07,2132.7,2043.84,2098.14,839684,0.010205,0.013541,0.008321,0
2023-09-28,SYNTH_MKT,2100.75,2118.24,2090.7,2108.16,1368687,0.004775,0.010364,0.007812,0
2023-09-29,SYNTH_MKT,2102.94,2144.53,2071.66,2113.09,867061,0.002341,0.010502,0.007548,0
2023-10-02,SYNTH_MKT,2112.62,2147.69,2095.95,2130.88,954053,0.008419,0.005598,0.00767,0
2023-10-03,SYNTH_MKT,2130.28,2166.75,2103.54,2139.89,776462,0.004226,0.003224,0.007654,0
2023-10-04,SYNTH_MKT,2125.67,2180.43,2107.03,2161.48,1231505,0.010092,0.003187,0.007778,0
2023-10-05,SYNTH_MKT,2160.06,2218.68,2139.11,2197.36,2100787,0.0166,0.005572,0.008255,1
2023-10-06,SYNTH_MKT,2196.32,2289.46,2165.39,2257.66,2044932,0.027441,0.009046,0.009708,1
2023-10-09,SYNTH_MKT,2256.57,2310.76,2218.43,2272.35,1944511,0.006508,0.009342,0.009704,1
2023-10-10,SYNTH_MKT,2282.0,2341.26,2250.61,2309.49,1731564,0.016345,0.007977,0.009923,1
2023-10-11,SYNTH_MKT,2301.07,2334.76,2263.22,2296.84,1491129,-0.005478,0.012386,0.010172,1
2023-10-12,SYNTH_MKT,2291.16,2315.57,2247.88,2272.09,1386643,-0.010776,0.015628,0.010789,0
2023-10-13,SYNTH_MKT,2254.28,2360.15,2236.82,2342.01,2346921,0.030772,0.016757,0.012001,0
2023-10-16,SYNTH_MKT,2338.63,2374.02,2311.58,2346.88,1210702,0.00208,0.016937,0.01204,0
2023-10-17,SYNTH_MKT,2344.09,2400.14,2307.06,2362.81,840863,0.006789,0.016079,0.011709,0
2023-10-18,SYNTH_MKT,2359.19,2397.49,2327.77,2365.98,1010007,0.00134,0.015271,0.011757,0
2023-10-19,SYNTH_MKT,2373.84,2385.12,2344.51,2355.7,927716,-0.004342,0.013688,0.011655,0
2023-10-20,SYNTH_MKT,2361.78,2368.54,2349.99,2356.73,754233,0.000438,0.003978,0.011629,0
2023-10-23,SYNTH_MKT,2357.28,2397.55,2344.52,2384.63,1045413,0.011838,0.006234,0.010419,0
2023-10-24,SYNTH_MKT,2381.98,2403.66,2374.43,2396.06,901339,0.004792,0.006008,0.01012,1
2023-10-25,SYNTH_MKT,2403.44,2425.01,2342.87,2364.09,788096,-0.013342,0.009488,0.011079,1
2023-10-26,SYNTH_MKT,2363.95,2388.47,2336.36,2360.85,690884,-0.001372,0.009248,0.0112,1
2023-10-27,SYNTH_MKT,2355.05,2402.71,2347.8,2395.34,676413,0.014608,0.0112,0.01134,1
2023-10-30,SYNTH_MKT,2383.0,2420.56,2354.63,2392.08,911324,-0.00136,0.010197,0.011456,1
2023-10-31,SYNTH_MKT,2388.91,2424.04,2280.64,2314.67,1664216,-0.032359,0.017417,0.014299,1
2023-11-01,SYNTH_MKT,2319.91,2417.86,2296.47,2393.66,1365885,0.034125,0.024451,0.015769,0
2023-11-02,SYNTH_MKT,2410.01,2429.55,2388.04,2407.57,1176665,0.005809,0.024361,0.015543,0
2023-11-03,SYNTH_MKT,2408.01,2419.09,2395.99,2407.06,983746,-0.00021,0.023664,0.014615,0
2023-11-06,SYNTH_MKT,2401.53,2419.48,2382.82,2400.75,1155139,-0.002621,0.023705,0.014652,0
2023-11-07,SYNTH_MKT,2392.22,2443.77,2371.09,2422.38,955302,0.009009,0.014672,0.014386,0
2023-11-08,SYNTH_MKT,2426.39,2449.38,2389.86,2412.72,821371,-0.003986,0.005588,0.014346,0
2023-11-09,SYNTH_MKT,2399.95,2460.86,2375.19,2435.73,1028940,0.009536,0.006469,0.014069,0
2023-11-10,SYNTH_MKT,2439.75,2471.08,2415.9,2447.15,729301,0.004688,0.006355,0.012541,0
2023-11-13,SYNTH_MKT,2453.15,2472.15,2433.81,2452.8,1144376,0.002307,0.005531,0.012541,0
2023-11-14,SYNTH_MKT,2456.01,2480.94,2431.58,2456.51,791134,0.001514,0.004921,0.012497,0
2023-11-15,SYNTH_MKT,2454.89,2486.33,2422.5,2453.93,1258043,-0.00105,0.003996,0.012515,0
2023-11-16,SYNTH_MKT,2458.09,2496.15,2437.4,2475.32,918866,0.008715,0.003685,0.012513,0
2023-11-17,SYNTH_MKT,2476.59,2501.53,2434.28,2459.05,1304256,-0.006573,0.005546,0.012672,0
2023-11-20,SYNTH_MKT,2453.31,2473.07,2408.44,2428.0,755288,-0.012625,0.008091,0.012873,0
2023-11-21,SYNTH_MKT,2441.48,2456.65,2425.62,2440.79,844135,0.005266,0.008653,0.01288,0
2023-11-22,SYNTH_MKT,2438.21,2480.69,2411.66,2453.97,1099915,0.0054,0.009157,0.012457,0
2023-11-23,SYNTH_MKT,2459.68,2480.47,2443.49,2464.25,1339939,0.004192,0.008266,0.012441,0
2023-11-24,SYNTH_MKT,2446.37,2498.74,2421.07,2473.15,1516874,0.003612,0.007747,0.012103,0
2023-11-27,SYNTH_MKT,2482.62,2504.75,2445.68,2467.68,1010395,-0.002214,0.003145,0.012116,1
2023-11-28,SYNTH_MKT,2478.55,2502.93,2459.75,2484.09,1583181,0.00665,0.003416,0.009128,1
2023-11-29,SYNTH_MKT,2484.31,2502.91,2465.45,2484.05,930143,-1.4e-05,0.00353,0.005641,1
2023-11-30,SYNTH_MKT,2488.21,2505.05,2458.49,2475.24,1316125,-0.003547,0.004205,0.005685,1
2023-12-01,SYNTH_MKT,2479.39,2487.78,2461.57,2469.93,790139,-0.002145,0.004062,0.00573,1
2023-12-04,SYNTH_MKT,2465.17,2595.3,2431.07,2559.89,1888302,0.036422,0.016649,0.009639,1
2023-12-05,SYNTH_MKT,2564.09,2598.0,2447.27,2480.07,946679,-0.03118,0.024062,0.01222,1
2023-12-06,SYNTH_MKT,2474.06,2541.79,2435.22,2502.51,1284321,0.009046,0.024408,0.012274,1
2023-12-07,SYNTH_MKT,2497.94,2523.35,2402.3,2427.0,1910370,-0.030174,0.028419,0.014056,1
2023-12-08,SYNTH_MKT,2435.2,2483.62,2374.23,2422.39,1224482,-0.001898,0.028422,0.014015,1
2023-12-11,SYNTH_MKT,2429.47,2455.67,2377.69,2403.6,1891491,-0.007755,0.017751,0.014093,1
2023-12-12,SYNTH_MKT,2398.51,2419.62,2293.16,2313.52,2132388,-0.037481,0.019551,0.016268,1
2023-12-13,SYNTH_MKT,2308.42,2349.23,2289.21,2329.83,1499749,0.007053,0.018984,0.016416,1
2023-12-14,SYNTH_MKT,2325.32,2342.15,2297.27,2314.01,1334277,-0.006791,0.01677,0.016226,1
2023-12-15,SYNTH_MKT,2319.1,2361.84,2185.65,2226.69,1509957,-0.037736,0.020103,0.017966,0
2023-12-18,SYNTH_MKT,2220.01,2300.65,2180.53,2260.45,1335325,0.015162,0.024696,0.018398,0
2023-12-19,SYNTH_MKT,2262.87,2353.05,2229.6,2318.95,1657523,0.02588,0.024581,0.019456,0
2023-12-20,SYNTH_MKT,2324.15,2402.02,2303.89,2381.27,1743946,0.026872,0.027306,0.020474,0
2023-12-21,SYNTH_MKT,2380.64,2443.62,2334.11,2396.77,1574795,0.006511,0.026547,0.020513,1
2023-12-22,SYNTH_MKT,2404.04,2430.22,2372.75,2398.88,2583688,0.000879,0.011519,0.020488,1
2023-12-25,SYNTH_MKT,2396.69,2483.92,2369.79,2456.35,1420171,0.023957,0.012191,0.02125,1
2023-12-26,SYNTH_MKT,2454.77,2576.54,2410.47,2530.86,2407253,0.030333,0.013143,0.022276,0
2023-12-27,SYNTH_MKT,2523.44,2621.2,2485.75,2582.62,1310381,0.020454,0.012312,0.022685,0
2023-12-28,SYNTH_MKT,2590.51,2636.11,2518.94,2564.08,1018360,-0.007182,0.016031,0.022748,0
2023-12-29,SYNTH_MKT,2558.18,2594.27,2533.12,2569.1,1344169,0.001961,0.01582,0.022727,0
2024-01-01,SYNTH_MKT,2571.8,2597.63,2553.25,2579.04,1326891,0.003866,0.015167,0.021267,0
2024-01-02,SYNTH_MKT,2578.48,2594.86,2526.45,2542.6,900266,-0.014127,0.013071,0.020244,0
2024-01-03,SYNTH_MKT,2534.57,2563.73,2523.96,2553.04,1148856,0.004105,0.008076,0.020176,0
2024-01-04,SYNTH_MKT,2548.37,2620.34,2528.79,2600.36,1111038,0.018534,0.011593,0.019102,0
2024-01-05,SYNTH_MKT,2611.14,2649.56,2576.21,2614.58,873729,0.005469,0.011631,0.01906,0
2024-01-08,SYNTH_MKT,2616.16,2675.94,2586.87,2646.31,1166476,0.012137,0.012255,0.018933,0
2024-01-09,SYNTH_MKT,2638.3,2674.66,2614.87,2651.11,1593006,0.001813,0.006839,0.016124,0
2024-01-10,SYNTH_MKT,2653.54,2666.33,2637.71,2650.49,1125159,-0.000236,0.007739,0.016204,0
2024-01-11,SYNTH_MKT,2649.32,2685.32,2623.61,2659.5,1152103,0.0034,0.004747,0.015919,0
2024-01-12,SYNTH_MKT,2687.06,2721.59,2609.11,2643.07,1182982,-0.006177,0.006642,0.01242,0
2024-01-15,SYNTH_MKT,2645.33,2673.17,2596.01,2623.62,694027,-0.00736,0.004811,0.012816,0
2024-01-16,SYNTH_MKT,2620.62,2676.21,2595.81,2651.12,1121936,0.01048,0.007311,0.0121,0
2024-01-17,SYNTH_MKT,2662.41,2696.2,2647.47,2681.15,775544,0.011329,0.008872,0.011208,0
2024-01-18,SYNTH_MKT,2666.34,2699.05,2628.18,2660.83,862886,-0.007579,0.009847,0.01161,0
2024-01-19,SYNTH_MKT,2661.58,2707.39,2636.76,2682.37,1716840,0.008094,0.009624,0.011578,0
2024-01-22,SYNTH_MKT,2698.41,2726.29,2653.74,2681.44,938647,-0.000346,0.008134,0.010806,0
2024-01-23,SYNTH_MKT,2680.5,2740.99,2629.36,2689.67,831068,0.003068,0.007389,0.008925,0
2024-01-24,SYNTH_MKT,2675.68,2708.16,2668.1,2700.51,1333951,0.004032,0.005877,0.007944,0
2024-01-25,SYNTH_MKT,2697.3,2744.27,2676.17,2722.94,789055,0.008305,0.003642,0.007727,0
2024-01-26,SYNTH_MKT,2734.82,2758.8,2701.79,2725.69,894174,0.001012,0.003321,0.007737,1
2024-01-29,SYNTH_MKT,2728.77,2776.56,2709.8,2757.4,1366514,0.011631,0.00429,0.007974,1
2024-01-30,SYNTH_MKT,2750.46,2800.98,2714.85,2765.19,1010749,0.002825,0.004327,0.006835,1
2024-01-31,SYNTH_MKT,2759.5,2809.68,2730.0,2779.96,676786,0.005343,0.00425,0.00684,1
2024-02-01,SYNTH_MKT,2775.29,2811.12,2703.05,2738.4,1947654,-0.014949,0.009867,0.007254,1
2024-02-02,SYNTH_MKT,2741.37,2889.01,2698.91,2844.95,1539583,0.038906,0.019532,0.010889,0
2024-02-05,SYNTH_MKT,2856.37,2904.63,2821.04,2869.15,2498251,0.008507,0.019467,0.010781,0
2024-02-06,SYNTH_MKT,2878.21,2948.63,2816.27,2886.52,859377,0.006054,0.0193,0.010775,0
2024-02-07,SYNTH_MKT,2890.47,2917.65,2823.58,2850.39,1300575,-0.012515,0.021608,0.011381,0
2024-02-08,SYNTH_MKT,2839.0,2866.2,2805.49,2832.63,1558812,-0.006232,0.019856,0.011597,0
2024-02-09,SYNTH_MKT,2821.34,2872.09,2811.07,2861.67,808369,0.010253,0.010028,0.011477,0
2024-02-12,SYNTH_MKT,2866.25,2888.25,2847.26,2869.24,952844,0.002645,0.009277,0.011168,0
2024-02-13,SYNTH_MKT,2857.66,2895.92,2788.47,2826.32,1102032,-0.01496,0.010545,0.011882,0
2024-02-14,SYNTH_MKT,2824.4,2860.64,2814.64,2850.78,807076,0.008656,0.010603,0.011801,0
2024-02-15,SYNTH_MKT,2853.38,2868.88,2823.96,2839.38,1069909,-0.004,0.010314,0.011657,0
2024-02-16,SYNTH_MKT,2829.69,2898.08,2804.42,2872.43,945321,0.011641,0.010654,0.01176,0
2024-02-19,SYNTH_MKT,2863.6,2912.43,2822.7,2871.42,940572,-0.000353,0.010609,0.01176,0
2024-02-20,SYNTH_MKT,2870.61,2902.93,2844.86,2877.12,1012309,0.001988,0.006446,0.011764,0
2024-02-21,SYNTH_MKT,2881.47,2926.93,2859.99,2905.27,1017975,0.009782,0.006683,0.011849,0
2024-02-22,SYNTH_MKT,2914.52,2926.86,2873.21,2885.42,1041821,-0.00683,0.00757,0.012024,1
2024-02-23,SYNTH_MKT,2890.68,2921.35,2833.14,2863.52,860960,-0.007593,0.007111,0.012249,1
2024-02-26,SYNTH_MKT,2864.15,2896.93,2827.28,2860.02,870408,-0.001222,0.007114,0.012083,1
2024-02-27,SYNTH_MKT,2853.61,2891.25,2842.41,2879.94,970788,0.006967,0.007902,0.012135,1
2024-02-28,SYNTH_MKT,2870.69,2919.03,2763.76,2811.1,1681084,-0.023906,0.01133,0.013419,1
2024-02-29,SYNTH_MKT,2806.79,2849.91,2684.94,2726.83,1523356,-0.029975,0.015464,0.014698,1
2024-03-01,SYNTH_MKT,2730.19,2813.97,2684.24,2767.4,1843402,0.014877,0.019494,0.012091,0
2024-03-04,SYNTH_MKT,2770.2,2810.74,2697.44,2737.5,1079974,-0.010804,0.019297,0.012037,1
2024-03-05,SYNTH_MKT,2720.26,2760.83,2677.77,2718.31,1416248,-0.00701,0.017403,0.011915,1
2024-03-06,SYNTH_MKT,2711.91,2750.91,2589.8,2627.6,1585098,-0.033373,0.019498,0.013593,1
2024-03-07,SYNTH_MKT,2637.09,2678.69,2554.67,2595.61,1372452,-0.012172,0.017168,0.013709,1
2024-03-08,SYNTH_MKT,2596.23,2615.9,2575.73,2595.39,2554682,-8.6e-05,0.012477,0.013322,1
2024-03-11,SYNTH_MKT,2584.36,2655.62,2568.06,2638.98,1708035,0.016797,0.018277,0.014091,1
2024-03-12,SYNTH_MKT,2657.64,2682.5,2578.13,2602.48,1776811,-0.013832,0.018515,0.014048,1
2024-03-13,SYNTH_MKT,2602.26,2711.83,2571.6,2680.25,1506547,0.029883,0.018906,0.015754,1
2024-03-14,SYNTH_MKT,2683.34,2720.51,2610.69,2647.36,1693307,-0.012272,0.018928,0.015891,1
2024-03-15,SYNTH_MKT,2650.53,2686.58,2579.38,2614.94,1254597,-0.012246,0.020329,0.015598,1
2024-03-18,SYNTH_MKT,2612.06,2732.5,2568.26,2687.43,1629338,0.027722,0.022799,0.01718,0
2024-03-19,SYNTH_MKT,2681.57,2743.37,2636.26,2697.8,1344975,0.003856,0.02064,0.017215,0
2024-03-20,SYNTH_MKT,2714.97,2738.89,2647.59,2671.12,1586098,-0.009886,0.017176,0.017003,0
2024-03-21,SYNTH_MKT,2679.16,2705.3,2642.71,2668.74,527303,-0.000891,0.015947,0.017003,0
2024-03-22,SYNTH_MKT,2675.33,2713.16,2660.86,2698.57,754273,0.011175,0.014163,0.017296,0
2024-03-25,SYNTH_MKT,2703.23,2753.14,2681.48,2731.16,1441928,0.01208,0.009095,0.017613,0
2024-03-26,SYNTH_MKT,2722.94,2750.41,2686.89,2714.27,1230720,-0.006184,0.009996,0.0175,0
2024-03-27,SYNTH_MKT,2724.68,2753.11,2685.98,2714.3,1390634,1.1e-05,0.008022,0.016785,0
2024-03-28,SYNTH_MKT,2707.44,2767.33,2657.5,2717.21,1414718,0.001071,0.007815,0.015404,0
2024-03-29,SYNTH_MKT,2719.52,2749.61,2666.88,2696.72,1183228,-0.00754,0.00778,0.015071,0
2024-04-01,SYNTH_MKT,2683.46,2713.77,2666.24,2696.47,892956,-9.5e-05,0.003994,0.014901,0
2024-04-02,SYNTH_MKT,2679.96,2765.73,2610.39,2695.75,1851796,-0.000264,0.003492,0.014825,0
2024-04-03,SYNTH_MKT,2698.33,2781.23,2668.89,2751.22,2264410,0.020574,0.010531,0.013325,1
2024-04-04,SYNTH_MKT,2744.54,2847.21,2709.33,2811.15,1727664,0.021784,0.013391,0.013535,0
2024-04-05,SYNTH_MKT,2794.37,2823.56,2765.45,2794.63,3171275,-0.005876,0.012956,0.013689,0
2024-04-08,SYNTH_MKT,2799.16,2852.09,2731.37,2784.01,1551704,-0.003801,0.013571,0.013432,0
2024-04-09,SYNTH_MKT,2801.71,2850.91,2768.43,2817.44,2783898,0.012007,0.013149,0.012987,0
2024-04-10,SYNTH_MKT,2829.18,2882.5,2706.47,2758.46,2307744,-0.020932,0.016612,0.012634,0
2024-04-11,SYNTH_MKT,2756.33,2810.16,2718.8,2772.42,1396560,0.005059,0.012452,0.012227,0
2024-04-12,SYNTH_MKT,2772.49,2803.38,2740.56,2771.44,1528325,-0.000353,0.012345,0.011758,0
2024-04-15,SYNTH_MKT,2778.82,2802.67,2727.3,2750.91,774345,-0.007405,0.012608,0.010414,0
2024-04-16,SYNTH_MKT,2760.18,2796.72,2694.66,2730.82,885812,-0.007305,0.009755,0.010563,0
2024-04-17,SYNTH_MKT,2728.01,2815.77,2676.3,2763.39,772406,0.011926,0.008298,0.010543,0
2024-04-18,SYNTH_MKT,2763.67,2791.5,2733.1,2760.9,735293,-0.000901,0.007876,0.010543,0
2024-04-19,SYNTH_MKT,2763.39,2824.03,2737.78,2798.1,1181478,0.013473,0.010169,0.010663,0
2024-04-22,SYNTH_MKT,2802.74,2829.32,2761.14,2787.58,952031,-0.003759,0.009434,0.01045,0
2024-04-23,SYNTH_MKT,2786.46,2834.29,2747.34,2795.05,1013177,0.00268,0.007684,0.010313,1
2024-04-24,SYNTH_MKT,2794.04,2867.77,2776.15,2849.53,1149192,0.019491,0.009894,0.011057,0
2024-04-25,SYNTH_MKT,2861.32,2883.32,2804.69,2826.42,628545,-0.008109,0.01157,0.011306,0
2024-04-26,SYNTH_MKT,2836.68,2845.04,2776.28,2784.5,1379459,-0.014833,0.013066,0.011741,0
2024-04-29,SYNTH_MKT,2788.48,2825.57,2777.15,2814.13,916426,0.010643,0.013844,0.0119,0
2024-04-30,SYNTH_MKT,2828.64,2847.68,2777.68,2796.5,1142364,-0.006264,0.0143,0.01204,0
2024-05-01,SYNTH_MKT,2793.26,2829.36,2759.53,2795.6,1985372,-0.000323,0.009579,0.011213,1
2024-05-02,SYNTH_MKT,2809.21,2880.36,2667.69,2737.01,3380987,-0.020957,0.012353,0.011088,1
2024-05-03,SYNTH_MKT,2741.47,2817.79,2685.56,2761.47,2337903,0.008936,0.012835,0.011258,1
2024-05-06,SYNTH_MKT,2788.57,2812.69,2690.88,2714.36,999718,-0.01706,0.012196,0.011836,1
2024-05-07,SYNTH_MKT,2704.65,2731.1,2679.26,2705.7,1724453,-0.003189,0.012328,0.011424,1
2024-05-08,SYNTH_MKT,2700.11,2812.32,2635.98,2747.08,2523496,0.015294,0.015784,0.011126,0
2024-05-09,SYNTH_MKT,2750.53,2813.13,2588.62,2648.9,1853180,-0.035741,0.020558,0.013589,0
2024-05-10,SYNTH_MKT,2652.06,2700.76,2535.38,2582.8,2490146,-0.024953,0.019832,0.014497,0
2024-05-13,SYNTH_MKT,2597.91,2640.73,2508.21,2550.24,2192876,-0.012608,0.019711,0.014618,0
2024-05-14,SYNTH_MKT,2545.12,2578.97,2488.44,2521.98,714845,-0.011081,0.019112,0.014692,0
2024-05-15,SYNTH_MKT,2528.83,2541.03,2502.2,2514.34,1182784,-0.00303,0.012872,0.014219,0
2024-05-16,SYNTH_MKT,2523.1,2549.26,2491.5,2517.61,868548,0.0013,0.010097,0.014257,0
2024-05-17,SYNTH_MKT,2522.93,2568.06,2465.53,2510.44,903395,-0.002846,0.005936,0.013627,0
2024-05-20,SYNTH_MKT,2503.2,2529.98,2479.12,2505.87,890791,-0.001821,0.004582,0.013646,0
2024-05-21,SYNTH_MKT,2516.45,2530.79,2492.07,2506.35,1361884,0.000191,0.001912,0.013581,0
2024-05-22,SYNTH_MKT,2515.59,2541.86,2468.03,2494.08,989823,-0.004896,0.002454,0.012265,0
2024-05-23,SYNTH_MKT,2498.56,2526.1,2481.27,2508.74,1019971,0.005879,0.004109,0.012567,0
2024-05-24,SYNTH_MKT,2510.27,2546.62,2502.18,2538.43,895691,0.011838,0.006651,0.012974,0
2024-05-27,SYNTH_MKT,2540.16,2569.63,2500.54,2529.89,1122677,-0.003365,0.006918,0.012481,0
2024-05-28,SYNTH_MKT,2529.3,2574.32,2495.73,2540.6,1401200,0.004232,0.0069,0.012654,0
2024-05-29,SYNTH_MKT,2545.48,2564.72,2517.45,2536.62,1175819,-0.001567,0.006092,0.012635,0
2024-05-30,SYNTH_MKT,2536.85,2563.48,2518.36,2544.92,1187341,0.003274,0.005937,0.012154,0
2024-05-31,SYNTH_MKT,2538.44,2590.46,2525.87,2577.69,1163645,0.012876,0.006334,0.012397,0
2024-06-03,SYNTH_MKT,2569.58,2610.31,2548.51,2589.08,708177,0.004419,0.005207,0.012074,0
2024-06-04,SYNTH_MKT,2583.24,2600.16,2536.53,2553.26,803297,-0.013837,0.009806,0.012347,0
2024-06-05,SYNTH_MKT,2554.96,2575.61,2542.81,2563.42,950044,0.003982,0.009752,0.011717,0
2024-06-06,SYNTH_MKT,2563.22,2631.99,2521.26,2589.6,834046,0.010213,0.010424,0.009293,0
2024-06-07,SYNTH_MKT,2591.28,2618.92,2558.34,2585.92,766336,-0.001423,0.009096,0.007413,0
2024-06-10,SYNTH_MKT,2589.8,2636.34,2561.08,2607.42,626226,0.008315,0.009647,0.006991,0
2024-06-11,SYNTH_MKT,2602.51,2634.61,2561.95,2593.94,714171,-0.005171,0.006469,0.006559,0
2024-06-12,SYNTH_MKT,2605.34,2636.31,2533.55,2564.02,937881,-0.011534,0.009154,0.007116,0
2024-06-13,SYNTH_MKT,2561.96,2586.17,2543.65,2567.81,982793,0.001479,0.007403,0.007116,0
2024-06-14,SYNTH_MKT,2564.47,2589.84,2507.58,2532.63,820153,-0.013702,0.009136,0.007806,0
2024-06-17,SYNTH_MKT,2536.29,2555.88,2509.13,2528.66,1019927,-0.001568,0.006445,0.007803,0
2024-06-18,SYNTH_MKT,2514.73,2582.55,2488.19,2555.57,897216,0.010645,0.009945,0.008126,0
2024-06-19,SYNTH_MKT,2549.51,2575.43,2491.83,2517.42,1313431,-0.014928,0.010761,0.008791,0
2024-06-20,SYNTH_MKT,2524.83,2543.19,2474.42,2492.54,960399,-0.009886,0.010615,0.008989,0
2024-06-21,SYNTH_MKT,2479.55,2488.18,2464.22,2472.83,1190154,-0.007906,0.009837,0.008665,0
2024-06-24,SYNTH_MKT,2481.12,2504.41,2449.24,2472.44,1052116,-0.000157,0.00997,0.008654,0
2024-06-25,SYNTH_MKT,2483.65,2503.48,2446.39,2466.07,704323,-0.002576,0.005882,0.008567,0
2024-06-26,SYNTH_MKT,2463.34,2505.42,2452.6,2494.54,977590,0.011543,0.008426,0.009046,0
2024-06-27,SYNTH_MKT,2496.72,2541.69,2469.68,2514.46,734249,0.007985,0.007911,0.009217,0
2024-06-28,SYNTH_MKT,2522.9,2557.28,2490.96,2525.3,973331,0.004312,0.005769,0.008747,0
2024-07-01,SYNTH_MKT,2521.77,2576.96,2474.07,2529.13,830038,0.001515,0.005494,0.008676,0
2024-07-02,SYNTH_MKT,2535.71,2556.33,2517.37,2537.97,1100198,0.003496,0.003989,0.008192,0
2024-07-03,SYNTH_MKT,2532.86,2549.69,2504.6,2521.36,714917,-0.006546,0.005398,0.008243,0
2024-07-04,SYNTH_MKT,2517.74,2550.61,2506.76,2539.53,1003682,0.007208,0.005195,0.008057,0
2024-07-05,SYNTH_MKT,2533.44,2557.85,2493.57,2517.83,1153849,-0.008546,0.006721,0.008235,0
2024-07-08,SYNTH_MKT,2520.41,2559.9,2496.19,2535.53,1254703,0.007033,0.007552,0.008161,0
2024-07-09,SYNTH_MKT,2544.34,2574.7,2530.21,2560.48,826097,0.009839,0.008631,0.008476,0
2024-07-10,SYNTH_MKT,2559.07,2586.48,2538.34,2565.7,1004447,0.002037,0.007309,0.008091,0
2024-07-11,SYNTH_MKT,2555.91,2575.06,2543.86,2562.98,1047112,-0.00106,0.007199,0.008087,0
2024-07-12,SYNTH_MKT,2554.65,2604.25,2522.71,2572.08,1472234,0.003552,0.004259,0.007451,0
2024-07-15,SYNTH_MKT,2575.13,2589.85,2499.73,2514.1,690504,-0.022542,0.012344,0.009096,0
2024-07-16,SYNTH_MKT,2528.01,2549.91,2499.23,2521.06,796302,0.002768,0.011037,0.008764,0
2024-07-17,SYNTH_MKT,2524.04,2531.85,2511.86,2519.66,2016000,-0.000557,0.010796,0.008095,0
2024-07-18,SYNTH_MKT,2516.73,2535.82,2500.45,2519.52,934004,-5.5e-05,0.010864,0.007749,0
2024-07-19,SYNTH_MKT,2525.31,2554.11,2505.91,2534.64,623286,0.006002,0.0113,0.007571,0
2024-07-22,SYNTH_MKT,2532.82,2563.86,2500.34,2531.36,1469600,-0.001296,0.003011,0.007586,0
2024-07-23,SYNTH_MKT,2528.48,2564.44,2444.27,2479.53,850789,-0.020474,0.010044,0.008983,1
2024-07-24,SYNTH_MKT,2472.4,2518.0,2427.76,2473.34,1805537,-0.002495,0.00995,0.008599,1
2024-07-25,SYNTH_MKT,2483.79,2521.63,2438.76,2476.48,2081470,0.001266,0.010086,0.008383,1
2024-07-26,SYNTH_MKT,2457.61,2521.8,2417.92,2481.72,1353525,0.002119,0.0093,0.008328,1
2024-07-29,SYNTH_MKT,2487.66,2534.09,2442.67,2489.08,1511265,0.002965,0.009811,0.008356,1
2024-07-30,SYNTH_MKT,2485.62,2631.44,2434.59,2578.51,3023400,0.035928,0.015775,0.011703,1
2024-07-31,SYNTH_MKT,2575.33,2621.95,2434.45,2479.33,1549472,-0.038461,0.026373,0.014586,1
2024-08-01,SYNTH_MKT,2491.92,2532.63,2446.67,2487.3,1221690,0.003213,0.026396,0.014499,1
2024-08-02,SYNTH_MKT,2481.97,2587.41,2440.79,2545.18,1605763,0.023269,0.028221,0.015341,0
2024-08-05,SYNTH_MKT,2539.98,2577.81,2429.11,2465.84,1408527,-0.031173,0.032723,0.016813,0
2024-08-06,SYNTH_MKT,2464.87,2489.97,2448.89,2473.93,1579584,0.003284,0.02596,0.016648,1
2024-08-07,SYNTH_MKT,2477.0,2499.13,2426.12,2447.99,1239478,-0.010487,0.0201,0.01674,1
2024-08-08,SYNTH_MKT,2444.74,2472.13,2404.54,2431.78,1793567,-0.006623,0.019896,0.016766,1
2024-08-09,SYNTH_MKT,2420.29,2457.61,2355.41,2392.29,1637744,-0.016237,0.012748,0.016973,1
2024-08-12,SYNTH_MKT,2386.08,2415.22,2355.98,2385.11,1950188,-0.003002,0.007393,0.01637,1
2024-08-13,SYNTH_MKT,2394.28,2505.8,2353.94,2464.28,1787339,0.033193,0.019533,0.018197,0
2024-08-14,SYNTH_MKT,2464.83,2499.49,2405.9,2440.21,1053030,-0.009765,0.019445,0.018302,0
2024-08-15,SYNTH_MKT,2443.52,2476.74,2385.36,2418.24,696577,-0.009007,0.019661,0.018376,0
2024-08-16,SYNTH_MKT,2416.34,2449.25,2361.28,2393.89,1131051,-0.010065,0.018629,0.018364,0
2024-08-19,SYNTH_MKT,2389.16,2439.11,2378.04,2427.81,920612,0.014169,0.01944,0.018747,0
2024-08-20,SYNTH_MKT,2440.03,2466.22,2393.72,2419.68,959205,-0.003349,0.010306,0.018239,0
2024-08-21,SYNTH_MKT,2418.32,2435.45,2402.91,2420.04,1299612,0.000145,0.009763,0.018238,0
2024-08-22,SYNTH_MKT,2416.82,2425.02,2404.89,2413.08,835388,-0.002872,0.008955,0.018235,0
2024-08-23,SYNTH_MKT,2421.02,2439.54,2377.37,2395.7,1401854,-0.007205,0.008246,0.018267,0
2024-08-26,SYNTH_MKT,2390.51,2425.75,2356.8,2392.03,1434933,-0.001531,0.002732,0.018235,0
2024-08-27,SYNTH_MKT,2387.76,2465.88,2362.35,2439.91,1207070,0.020016,0.010589,0.016791,0
2024-08-28,SYNTH_MKT,2439.98,2509.57,2398.82,2467.93,782583,0.011487,0.011357,0.014774,0
2024-08-29,SYNTH_MKT,2467.94,2491.4,2428.64,2451.96,578930,-0.006474,0.011996,0.014817,0
2024-08-30,SYNTH_MKT,2453.87,2511.36,2408.25,2465.52,1309582,0.005531,0.010475,0.013809,0
2024-09-02,SYNTH_MKT,2480.99,2504.58,2426.68,2449.98,1028237,-0.006302,0.011479,0.011997,0
2024-09-03,SYNTH_MKT,2452.45,2474.25,2394.54,2416.02,830025,-0.013861,0.01022,0.012339,0
2024-09-04,SYNTH_MKT,2398.78,2445.54,2389.95,2436.57,1340966,0.008506,0.009286,0.01231,0
2024-09-05,SYNTH_MKT,2438.96,2492.61,2406.66,2460.04,806227,0.009631,0.010309,0.012398,0
2024-09-06,SYNTH_MKT,2460.32,2498.34,2443.61,2481.49,899389,0.008718,0.01077,0.011852,0
2024-09-09,SYNTH_MKT,2481.81,2497.23,2457.66,2473.03,1140221,-0.003409,0.010326,0.011861,0
2024-09-10,SYNTH_MKT,2474.85,2509.31,2436.19,2470.59,756993,-0.000984,0.006181,0.009297,0
2024-09-11,SYNTH_MKT,2470.38,2519.67,2437.2,2486.28,973000,0.006348,0.005899,0.009087,0
2024-09-12,SYNTH_MKT,2485.88,2528.19,2452.75,2494.93,1312960,0.003482,0.005024,0.008789,0
2024-09-13,SYNTH_MKT,2499.52,2517.9,2469.66,2487.95,1054195,-0.002799,0.004227,0.008424,0
2024-09-16,SYNTH_MKT,2483.9,2505.26,2435.48,2456.6,1365958,-0.012603,0.007271,0.008509,0
2024-09-17,SYNTH_MKT,2449.61,2480.75,2428.64,2459.69,1327636,0.001261,0.007365,0.008458,0
2024-09-18,SYNTH_MKT,2482.01,2511.62,2452.18,2481.79,1001936,0.008982,0.00807,0.008648,0
2024-09-19,SYNTH_MKT,2476.46,2513.64,2421.96,2458.88,557559,-0.009231,0.008555,0.008922,0
2024-09-20,SYNTH_MKT,2459.62,2497.7,2434.35,2472.3,758476,0.00546,0.009335,0.008758,0
2024-09-23,SYNTH_MKT,2461.21,2521.14,2420.11,2479.73,1210257,0.003002,0.006862,0.008731,0
2024-09-24,SYNTH_MKT,2480.59,2526.39,2449.86,2495.47,678708,0.006351,0.007117,0.007709,0
2024-09-25,SYNTH_MKT,2488.49,2533.52,2468.93,2513.76,921573,0.007326,0.006795,0.007467,0
2024-09-26,SYNTH_MKT,2510.42,2540.83,2470.38,2500.67,1088303,-0.005206,0.005064,0.007406,0
2024-09-27,SYNTH_MKT,2508.51,2547.7,2430.62,2469.2,1443964,-0.012586,0.008489,0.007915,0
2024-09-30,SYNTH_MKT,2472.69,2514.22,2418.22,2459.52,866099,-0.003918,0.008396,0.007831,0
2024-10-01,SYNTH_MKT,2463.72,2511.45,2430.34,2477.88,851401,0.007463,0.008669,0.007242,0
2024-10-02,SYNTH_MKT,2464.71,2489.97,2442.77,2468.0,986974,-0.003986,0.007175,0.007124,0
2024-10-03,SYNTH_MKT,2481.6,2501.29,2435.68,2455.16,1091691,-0.005202,0.007175,0.006911,0
2024-10-04,SYNTH_MKT,2446.38,2473.55,2393.37,2420.25,962172,-0.014221,0.007703,0.007268,0
2024-10-07,SYNTH_MKT,2431.35,2493.07,2393.67,2455.03,1299938,0.014371,0.011257,0.008034,0
2024-10-08,SYNTH_MKT,2462.55,2498.15,2436.61,2472.11,818906,0.006956,0.011172,0.008195,0
2024-10-09,SYNTH_MKT,2476.39,2514.62,2450.09,2488.2,1030495,0.006509,0.011318,0.008201,0
2024-10-10,SYNTH_MKT,2481.82,2530.92,2459.47,2508.33,1117733,0.008092,0.010848,0.008365,0
2024-10-11,SYNTH_MKT,2509.47,2539.66,2490.68,2520.78,904784,0.004964,0.003639,0.008394,0
2024-10-14,SYNTH_MKT,2517.22,2537.74,2496.22,2516.74,1233588,-0.001605,0.00385,0.007818,0
2024-10-15,SYNTH_MKT,2516.96,2540.47,2490.83,2514.32,1037941,-0.00096,0.004421,0.007833,0
2024-10-16,SYNTH_MKT,2512.44,2551.81,2467.32,2506.6,1218001,-0.003071,0.004797,0.007659,0
2024-10-17,SYNTH_MKT,2491.27,2580.39,2471.74,2560.31,1049722,0.021428,0.010131,0.008612,0
2024-10-18,SYNTH_MKT,2568.93,2595.77,2545.78,2572.59,1098670,0.004797,0.010128,0.0086,0
2024-10-21,SYNTH_MKT,2571.97,2585.7,2550.26,2563.95,853766,-0.00336,0.010403,0.008679,0
2024-10-22,SYNTH_MKT,2560.22,2604.43,2530.35,2574.39,854112,0.004074,0.010069,0.00863,0
2024-10-23,SYNTH_MKT,2570.07,2606.73,2518.03,2554.48,1358116,-0.007737,0.011138,0.00876,0
2024-10-24,SYNTH_MKT,2557.22,2625.68,2518.1,2586.12,1172194,0.012386,0.007803,0.009,0
2024-10-25,SYNTH_MKT,2579.18,2603.98,2548.61,2573.34,774342,-0.004939,0.008147,0.00851,0
2024-10-28,SYNTH_MKT,2555.93,2613.24,2527.57,2584.56,1046253,0.004359,0.008062,0.008402,0
2024-10-29,SYNTH_MKT,2587.72,2628.85,2566.54,2607.51,552421,0.008878,0.008688,0.008452,0
2024-10-30,SYNTH_MKT,2611.57,2663.54,2573.93,2625.7,1472767,0.006976,0.006543,0.008358,0
2024-10-31,SYNTH_MKT,2624.12,2655.03,2597.74,2628.6,1271575,0.001106,0.005441,0.008143,0
2024-11-01,SYNTH_MKT,2619.55,2653.5,2595.88,2629.75,969197,0.000436,0.003648,0.007056,0
2024-11-04,SYNTH_MKT,2630.45,2655.05,2604.89,2629.48,1029916,-0.000102,0.004156,0.006689,0
2024-11-05,SYNTH_MKT,2617.93,2646.04,2590.16,2618.27,470436,-0.004264,0.004025,0.006849,0
2024-11-06,SYNTH_MKT,2610.2,2630.1,2589.87,2609.77,906591,-0.003246,0.002386,0.006925,1
2024-11-07,SYNTH_MKT,2603.89,2662.26,2583.5,2641.57,1088246,0.012187,0.006565,0.007158,1
2024-11-08,SYNTH_MKT,2648.26,2689.65,2598.94,2640.21,1123358,-0.000518,0.0066,0.007169,1
2024-11-11,SYNTH_MKT,2637.33,2698.37,2542.75,2602.99,2162396,-0.014094,0.009439,0.008024,1
2024-11-12,SYNTH_MKT,2599.5,2618.95,2559.64,2578.93,1612948,-0.009243,0.009986,0.008375,0
2024-11-13,SYNTH_MKT,2594.06,2649.24,2575.22,2630.14,1631034,0.019857,0.014263,0.009267,1
2024-11-14,SYNTH_MKT,2632.92,2729.96,2594.95,2691.15,1720197,0.023196,0.016904,0.009464,1
2024-11-15,SYNTH_MKT,2693.89,2791.64,2645.84,2742.72,2280371,0.019162,0.017898,0.010163,1
2024-11-18,SYNTH_MKT,2739.68,2799.49,2657.45,2716.76,1750803,-0.009463,0.016552,0.01046,1
2024-11-19,SYNTH_MKT,2711.9,2827.16,2656.0,2770.06,1512102,0.019618,0.013477,0.011105,1
2024-11-20,SYNTH_MKT,2751.89,2787.63,2702.55,2738.11,1296065,-0.011534,0.017152,0.011341,1
2024-11-21,SYNTH_MKT,2746.07,2785.65,2686.16,2725.45,2478861,-0.004623,0.015503,0.011281,1
2024-11-22,SYNTH_MKT,2729.12,2799.6,2703.1,2773.16,1588814,0.017506,0.015073,0.011594,1
2024-11-25,SYNTH_MKT,2771.67,2848.84,2740.29,2816.94,1796063,0.015787,0.01436,0.0119,1
2024-11-26,SYNTH_MKT,2815.78,2850.19,2733.48,2767.3,1495191,-0.017624,0.015974,0.012814,1
2024-11-27,SYNTH_MKT,2773.41,2791.82,2706.74,2724.82,1086531,-0.015349,0.01673,0.013413,1
2024-11-28,SYNTH_MKT,2712.11,2751.19,2691.35,2730.29,2148256,0.002007,0.01662,0.013411,1
2024-11-29,SYNTH_MKT,2725.46,2837.25,2704.16,2815.26,987655,0.03112,0.020719,0.014897,1
2024-12-02,SYNTH_MKT,2805.66,2848.74,2676.58,2718.33,1479834,-0.03443,0.024845,0.017145,0
2024-12-03,SYNTH_MKT,2732.77,2769.07,2695.8,2732.08,1676946,0.00506,0.024455,0.017098,0
2024-12-04,SYNTH_MKT,2739.26,2779.65,2625.26,2664.55,1800835,-0.024719,0.026013,0.018107,0
2024-12-05,SYNTH_MKT,2646.94,2667.21,2614.08,2634.26,1417664,-0.011368,0.025904,0.01812,0
2024-12-06,SYNTH_MKT,2622.29,2638.99,2600.45,2617.11,1073729,-0.00651,0.015474,0.018179,0
2024-12-09,SYNTH_MKT,2616.07,2655.19,2558.59,2597.43,1391461,-0.007519,0.010709,0.017974,1
2024-12-10,SYNTH_MKT,2593.75,2623.36,2543.24,2572.6,1409787,-0.009558,0.007388,0.017983,1
2024-12-11,SYNTH_MKT,2562.38,2617.32,2518.31,2573.07,1401236,0.00018,0.004407,0.017369,1
2024-12-12,SYNTH_MKT,2588.08,2607.73,2529.05,2548.4,2166564,-0.009585,0.004015,0.016495,1
2024-12-13,SYNTH_MKT,2550.79,2590.77,2442.55,2481.45,1255115,-0.026274,0.009663,0.01647,1
2024-12-16,SYNTH_MKT,2484.98,2538.41,2463.25,2516.4,1832851,0.014088,0.014815,0.016958,1
2024-12-17,SYNTH_MKT,2511.18,2592.71,2469.76,2550.63,1768625,0.013602,0.016977,0.016572,1
2024-12-18,SYNTH_MKT,2556.16,2654.55,2491.92,2589.47,2161369,0.015227,0.018625,0.017006,0
2024-12-19,SYNTH_MKT,2586.51,2610.81,2494.14,2517.79,1644350,-0.027683,0.022625,0.017904,0
2024-12-20,SYNTH_MKT,2515.65,2553.93,2486.51,2524.69,1218697,0.002741,0.018197,0.017273,0
2024-12-23,SYNTH_MKT,2529.32,2549.46,2519.12,2539.22,957858,0.005758,0.017359,0.01679,0
2024-12-24,SYNTH_MKT,2526.82,2553.36,2492.7,2519.17,1114714,-0.0079,0.01638,0.016546,0
2024-12-25,SYNTH_MKT,2531.23,2551.42,2500.14,2520.23,686784,0.000423,0.013486,0.016379,0
2024-12-26,SYNTH_MKT,2521.61,2545.11,2495.3,2518.77,517073,-0.00058,0.005088,0.016342,1
2024-12-27,SYNTH_MKT,2528.45,2569.95,2515.42,2556.77,1098984,0.015087,0.008529,0.014859,1
2024-12-30,SYNTH_MKT,2548.52,2627.99,2518.14,2597.03,1113820,0.015746,0.010425,0.013771,0
2024-12-31,SYNTH_MKT,2589.84,2597.62,2555.65,2563.36,1126229,-0.012965,0.012056,0.013861,0
2025-01-01,SYNTH_MKT,2554.42,2651.4,2519.26,2615.4,877013,0.020301,0.013906,0.01382,0
2025-01-02,SYNTH_MKT,2617.36,2636.11,2578.56,2597.17,1451257,-0.006972,0.015081,0.013678,0
2025-01-03,SYNTH_MKT,2597.68,2626.8,2589.4,2618.45,891393,0.008195,0.014368,0.01374,0
2025-01-06,SYNTH_MKT,2614.8,2679.77,2575.11,2639.7,1110954,0.008114,0.013288,0.013727,0
2025-01-07,SYNTH_MKT,2631.67,2654.12,2597.25,2619.59,1160277,-0.007616,0.011777,0.013656,0
2025-01-08,SYNTH_MKT,2609.64,2674.07,2566.76,2630.85,1536773,0.004296,0.007919,0.013674,0
2025-01-09,SYNTH_MKT,2630.47,2666.46,2593.52,2629.51,923802,-0.00051,0.006681,0.013446,0
2025-01-10,SYNTH_MKT,2625.83,2656.9,2611.11,2642.09,849337,0.004785,0.006103,0.011735,0
2025-01-13,SYNTH_MKT,2636.65,2670.29,2614.35,2647.89,687608,0.002195,0.005061,0.011453,0
2025-01-14,SYNTH_MKT,2660.18,2698.98,2635.48,2674.16,1474165,0.009921,0.003849,0.011295,0
2025-01-15,SYNTH_MKT,2673.5,2716.6,2633.65,2676.71,1111102,0.000953,0.004097,0.010888,0
2025-01-16,SYNTH_MKT,2686.9,2715.25,2645.84,2674.05,1119928,-0.000993,0.004218,0.00846,0
2025-01-17,SYNTH_MKT,2669.77,2724.08,2644.39,2698.43,2179675,0.009119,0.004961,0.008567,0
2025-01-20,SYNTH_MKT,2700.41,2733.6,2678.81,2711.9,1084654,0.004993,0.004829,0.008558,0
2025-01-21,SYNTH_MKT,2711.45,2752.19,2688.14,2728.73,722108,0.006205,0.004069,0.008155,0
2025-01-22,SYNTH_MKT,2714.83,2753.24,2676.78,2715.18,952204,-0.004967,0.005723,0.008367,0
2025-01-23,SYNTH_MKT,2726.81,2750.85,2669.68,2693.42,783726,-0.008012,0.007494,0.008728,0
2025-01-24,SYNTH_MKT,2692.33,2711.77,2662.77,2682.13,905772,-0.004192,0.006378,0.008428,0
2025-01-27,SYNTH_MKT,2688.14,2705.72,2652.29,2669.75,904251,-0.004617,0.005424,0.007951,0
2025-01-28,SYNTH_MKT,2663.73,2705.17,2646.19,2687.48,863504,0.00664,0.005611,0.007264,0
2025-01-29,SYNTH_MKT,2686.15,2718.05,2677.57,2709.4,705872,0.008158,0.007295,0.006103,0
2025-01-30,SYNTH_MKT,2702.35,2722.68,2686.69,2706.99,1489030,-0.000891,0.006023,0.005787,0
2025-01-31,SYNTH_MKT,2717.02,2779.44,2676.83,2738.92,1077573,0.011797,0.006764,0.006037,0
2025-02-03,SYNTH_MKT,2741.48,2791.95,2719.62,2769.87,945191,0.011298,0.005109,0.006238,0
2025-02-04,SYNTH_MKT,2772.92,2808.48,2740.7,2776.23,1208535,0.002297,0.005615,0.005775,0
2025-02-05,SYNTH_MKT,2787.54,2806.26,2740.42,2758.95,1124981,-0.006225,0.007824,0.006113,0
2025-02-06,SYNTH_MKT,2768.52,2825.63,2737.86,2794.68,1071353,0.012953,0.008251,0.006504,0
2025-02-07,SYNTH_MKT,2801.1,2823.94,2771.51,2794.3,1186786,-0.000138,0.008031,0.006529,0
2025-02-10,SYNTH_MKT,2782.38,2817.33,2763.25,2798.1,1034050,0.001359,0.00694,0.006536,0
2025-02-11,SYNTH_MKT,2792.26,2818.85,2764.89,2791.47,1182410,-0.002367,0.007207,0.006406,1
2025-02-12,SYNTH_MKT,2783.07,2802.04,2753.68,2772.58,1207169,-0.006768,0.007348,0.006709,1
2025-02-13,SYNTH_MKT,2778.63,2793.34,2726.46,2740.97,1041518,-0.011399,0.005211,0.007312,1
2025-02-14,SYNTH_MKT,2742.38,2790.23,2708.13,2755.81,946391,0.005413,0.006607,0.007147,1
2025-02-17,SYNTH_MKT,2744.31,2771.13,2712.73,2739.5,1466090,-0.005917,0.006268,0.007248,1
2025-02-18,SYNTH_MKT,2737.95,2828.7,2717.3,2807.52,887385,0.024826,0.014567,0.009,0
2025-02-19,SYNTH_MKT,2794.93,2808.72,2770.36,2784.1,1102773,-0.008339,0.014798,0.009157,0
2025-02-20,SYNTH_MKT,2783.66,2791.79,2749.02,2757.07,1109020,-0.009709,0.014462,0.009255,1
2025-02-21,SYNTH_MKT,2743.38,2796.14,2716.78,2769.29,858653,0.004431,0.014398,0.009191,1
2025-02-24,SYNTH_MKT,2773.68,2846.91,2731.37,2804.14,817131,0.012585,0.014534,0.009377,1
2025-02-25,SYNTH_MKT,2807.32,2834.31,2779.59,2806.57,915336,0.000867,0.009254,0.009332,1
2025-02-26,SYNTH_MKT,2822.64,2854.81,2803.53,2835.62,1503166,0.01035,0.008825,0.009418,1
2025-02-27,SYNTH_MKT,2842.83,2880.36,2705.47,2741.67,1180685,-0.033134,0.018567,0.012312,1
2025-02-28,SYNTH_MKT,2738.19,2771.28,2675.63,2708.37,1444487,-0.012145,0.018837,0.012341,1
2025-03-03,SYNTH_MKT,2715.01,2757.79,2614.31,2656.16,1816994,-0.019275,0.016999,0.012693,1
2025-03-04,SYNTH_MKT,2645.03,2683.98,2527.91,2565.69,2332904,-0.034061,0.018207,0.014515,1
2025-03-05,SYNTH_MKT,2558.28,2602.7,2526.96,2571.22,1952725,0.002156,0.015172,0.014563,1
2025-03-06,SYNTH_MKT,2573.79,2611.06,2431.82,2467.55,887581,-0.040321,0.017037,0.016193,0
2025-03-07,SYNTH_MKT,2451.57,2471.89,2388.98,2408.95,1995618,-0.02375,0.016352,0.016592,0
2025-03-10,SYNTH_MKT,2408.68,2424.61,2370.0,2385.77,1478592,-0.009619,0.017443,0.016474,0
2025-03-11,SYNTH_MKT,2378.47,2405.93,2323.06,2350.19,1903888,-0.014913,0.015928,0.016494,0
2025-03-12,SYNTH_MKT,2350.91,2400.09,2318.13,2367.08,1694003,0.007185,0.01754,0.01686,0
2025-03-13,SYNTH_MKT,2359.43,2381.68,2351.49,2373.7,952969,0.002795,0.012698,0.016996,0
2025-03-14,SYNTH_MKT,2376.72,2419.28,2349.1,2391.5,974764,0.0075,0.010255,0.017082,0
2025-03-17,SYNTH_MKT,2391.64,2435.26,2363.29,2406.73,994409,0.006369,0.009522,0.017339,0
2025-03-18,SYNTH_MKT,2416.84,2451.37,2395.12,2429.54,1399480,0.009477,0.002446,0.01619,0
2025-03-19,SYNTH_MKT,2429.59,2443.3,2416.64,2430.35,995097,0.000335,0.003686,0.016271,0
2025-03-20,SYNTH_MKT,2424.75,2449.0,2412.91,2437.1,1311778,0.002778,0.003689,0.016386,0
2025-03-21,SYNTH_MKT,2435.3,2479.52,2403.87,2447.93,1264879,0.004442,0.003479,0.016386,0
2025-03-24,SYNTH_MKT,2438.06,2458.53,2431.12,2451.56,1181472,0.001483,0.003571,0.015904,0
2025-03-25,SYNTH_MKT,2454.55,2486.6,2412.71,2444.63,639764,-0.002828,0.002741,0.015834,0
2025-03-26,SYNTH_MKT,2448.95,2468.89,2419.13,2438.98,1322016,-0.00231,0.003179,0.01536,0
2025-03-27,SYNTH_MKT,2457.05,2477.73,2403.48,2423.88,891833,-0.00619,0.004115,0.014115,0
2025-03-28,SYNTH_MKT,2419.36,2441.74,2410.57,2432.91,1195939,0.003723,0.00388,0.0142,0
2025-03-31,SYNTH_MKT,2430.95,2451.9,2410.99,2431.93,784167,-0.000402,0.003635,0.013841,0
2025-04-01,SYNTH_MKT,2427.73,2455.05,2392.64,2419.88,743587,-0.004955,0.003927,0.011949,0
2025-04-02,SYNTH_MKT,2421.42,2429.78,2399.59,2407.9,1639017,-0.004948,0.004146,0.011898,0
2025-04-03,SYNTH_MKT,2410.66,2436.68,2359.68,2385.43,787221,-0.009333,0.004988,0.008277,0
2025-04-04,SYNTH_MKT,2385.05,2426.96,2363.21,2404.94,1331793,0.008181,0.006652,0.006726,0
2025-04-07,SYNTH_MKT,2412.78,2427.8,2392.31,2407.3,1030047,0.000979,0.006777,0.006339,0
2025-04-08,SYNTH_MKT,2402.84,2432.2,2362.3,2391.53,900297,-0.006552,0.006985,0.00549,0
2025-04-09,SYNTH_MKT,2398.6,2421.34,2385.15,2407.83,988855,0.006818,0.007817,0.005469,0
2025-04-10,SYNTH_MKT,2411.72,2436.29,2373.45,2397.88,722329,-0.004134,0.006496,0.005559,0
2025-04-11,SYNTH_MKT,2397.79,2434.43,2335.5,2371.74,996567,-0.010902,0.006861,0.005858,0
2025-04-14,SYNTH_MKT,2369.5,2426.77,2335.0,2391.94,762856,0.00852,0.008517,0.006007,0
2025-04-15,SYNTH_MKT,2409.36,2434.32,2357.82,2382.5,905868,-0.003947,0.008184,0.005594,0
2025-04-16,SYNTH_MKT,2376.66,2394.71,2357.51,2375.54,1260268,-0.002921,0.007014,0.005601,0
2025-04-17,SYNTH_MKT,2377.67,2392.54,2362.28,2377.16,1065610,0.000679,0.007094,0.005544,0
2025-04-18,SYNTH_MKT,2371.81,2417.93,2353.81,2399.72,690359,0.009491,0.00631,0.005918,1
2025-04-21,SYNTH_MKT,2412.57,2439.05,2374.59,2400.94,1237226,0.00051,0.005291,0.005901,1
2025-04-22,SYNTH_MKT,2407.33,2429.17,2327.93,2349.24,1696985,-0.021534,0.011458,0.007474,0
2025-04-23,SYNTH_MKT,2344.46,2408.72,2308.52,2372.36,1484505,0.00984,0.012759,0.007924,0
2025-04-24,SYNTH_MKT,2376.01,2417.19,2323.01,2363.98,1205228,-0.00353,0.012825,0.007861,0
2025-04-25,SYNTH_MKT,2365.81,2421.04,2345.58,2400.51,959059,0.015453,0.014247,0.008648,0
2025-04-28,SYNTH_MKT,2396.79,2409.55,2388.59,2401.33,747205,0.000341,0.014247,0.00865,1
2025-04-29,SYNTH_MKT,2406.79,2415.03,2351.17,2359.24,1587169,-0.01753,0.012761,0.009407,0
2025-04-30,SYNTH_MKT,2361.99,2394.99,2333.87,2366.81,995687,0.003209,0.011918,0.009414,0
2025-05-01,SYNTH_MKT,2368.34,2425.04,2348.06,2404.46,979859,0.015907,0.013685,0.009892,0
2025-05-02,SYNTH_MKT,2404.15,2465.59,2374.56,2435.61,903683,0.012957,0.013175,0.010144,0
2025-05-05,SYNTH_MKT,2438.76,2488.62,2422.51,2472.14,1343114,0.014998,0.014044,0.010637,0
2025-05-06,SYNTH_MKT,2473.84,2503.83,2423.1,2452.84,877025,-0.007808,0.010109,0.01069,0
2025-05-07,SYNTH_MKT,2453.27,2491.78,2433.24,2471.59,679604,0.007647,0.00979,0.010714,0
2025-05-08,SYNTH_MKT,2466.84,2481.32,2443.75,2458.18,843943,-0.005426,0.010508,0.010753,0
2025-05-09,SYNTH_MKT,2470.67,2488.45,2445.73,2463.45,1393325,0.002144,0.009377,0.010363,0
2025-05-12,SYNTH_MKT,2455.69,2465.54,2429.44,2439.23,1231253,-0.009834,0.00733,0.010561,0
2025-05-13,SYNTH_MKT,2442.36,2483.29,2386.83,2427.51,938235,-0.004806,0.006914,0.010584,0
2025-05-14,SYNTH_MKT,2425.18,2445.58,2394.9,2415.22,1409611,-0.00506,0.004296,0.010636,0
2025-05-15,SYNTH_MKT,2427.97,2461.12,2400.35,2433.43,1205609,0.007538,0.006833,0.010739,0
2025-05-16,SYNTH_MKT,2426.84,2466.17,2410.69,2449.87,935525,0.006756,0.007779,0.010646,0
2025-05-19,SYNTH_MKT,2444.47,2467.43,2433.24,2456.15,959370,0.002565,0.006082,0.01065,0
2025-05-20,SYNTH_MKT,2449.01,2468.27,2411.36,2430.48,1085813,-0.010453,0.007803,0.009646,0
2025-05-21,SYNTH_MKT,2432.84,2464.96,2393.25,2425.27,812229,-0.002143,0.007404,0.009488,0
2025-05-22,SYNTH_MKT,2415.28,2431.5,2395.44,2411.64,1001126,-0.005619,0.006742,0.009553,0
2025-05-23,SYNTH_MKT,2408.18,2442.18,2395.37,2429.27,1080180,0.007307,0.006919,0.009068,1
2025-05-26,SYNTH_MKT,2413.58,2476.13,2390.84,2453.01,655903,0.009775,0.008575,0.009294,1
2025-05-27,SYNTH_MKT,2454.78,2501.32,2428.28,2474.6,953772,0.008801,0.007016,0.00833,1
2025-05-28,SYNTH_MKT,2470.89,2508.87,2422.7,2460.52,927034,-0.005692,0.007873,0.008522,1
2025-05-29,SYNTH_MKT,2449.53,2474.56,2382.86,2407.45,1293067,-0.021566,0.013449,0.009375,1
2025-05-30,SYNTH_MKT,2415.29,2451.22,2296.33,2331.0,1071976,-0.031755,0.018384,0.011285,1
2025-06-02,SYNTH_MKT,2321.86,2427.05,2286.62,2390.77,1545352,0.025639,0.023022,0.012337,1
2025-06-03,SYNTH_MKT,2396.49,2414.91,2355.37,2373.62,1507103,-0.007173,0.021714,0.012321,1
2025-06-04,SYNTH_MKT,2368.63,2388.64,2321.89,2341.66,2161161,-0.013463,0.021775,0.012394,1
2025-06-05,SYNTH_MKT,2352.92,2430.22,2334.18,2411.02,1681593,0.029618,0.026335,0.014307,0
2025-06-06,SYNTH_MKT,2416.44,2483.24,2399.6,2466.05,2663528,0.022823,0.020176,0.015252,1
2025-06-09,SYNTH_MKT,2458.59,2505.45,2420.53,2467.26,2006078,0.00049,0.018858,0.015069,1
2025-06-10,SYNTH_MKT,2460.47,2493.59,2421.31,2454.35,1534297,-0.005231,0.018524,0.015078,1
2025-06-11,SYNTH_MKT,2458.81,2504.46,2396.55,2441.9,2548190,-0.005074,0.016493,0.015078,1
2025-06-12,SYNTH_MKT,2439.97,2501.1,2399.42,2460.21,2196689,0.007501,0.011687,0.015077,1
2025-06-13,SYNTH_MKT,2458.96,2665.63,2393.87,2596.88,2975219,0.055552,0.025636,0.019435,1
2025-06-16,SYNTH_MKT,2606.79,2672.76,2568.54,2634.11,1720163,0.014336,0.025004,0.019595,1
2025-06-17,SYNTH_MKT,2628.19,2771.29,2558.66,2699.86,1953347,0.024961,0.022935,0.019849,1
2025-06-18,SYNTH_MKT,2700.6,2844.12,2666.97,2809.14,2689596,0.040474,0.019553,0.02123,1
2025-06-19,SYNTH_MKT,2817.18,2859.44,2652.48,2692.87,3260588,-0.041389,0.037084,0.023757,0
2025-06-20,SYNTH_MKT,2699.41,2754.46,2674.81,2729.59,980332,0.013638,0.030921,0.023821,0
2025-06-23,SYNTH_MKT,2728.29,2756.25,2696.2,2724.12,1410039,-0.002007,0.031264,0.023871,0
2025-06-24,SYNTH_MKT,2721.76,2733.72,2658.5,2670.24,965572,-0.019779,0.031289,0.024511,0
2025-06-25,SYNTH_MKT,2656.31,2668.28,2613.87,2625.71,624397,-0.016675,0.020588,0.024863,0
2025-06-26,SYNTH_MKT,2617.39,2626.05,2596.62,2605.24,472162,-0.007795,0.013297,0.024315,1
2025-06-27,SYNTH_MKT,2607.73,2648.4,2576.67,2617.23,682258,0.0046,0.010102,0.022794,0
2025-06-30,SYNTH_MKT,2616.14,2651.04,2585.68,2620.52,995085,0.00126,0.010701,0.022339,1
2025-07-01,SYNTH_MKT,2621.11,2667.44,2579.05,2625.31,983660,0.001825,0.008783,0.022175,1
2025-07-02,SYNTH_MKT,2633.49,2683.36,2617.54,2667.2,1171517,0.015958,0.008533,0.021839,0
2025-07-03,SYNTH_MKT,2657.7,2692.72,2572.07,2606.41,1481798,-0.022794,0.014143,0.022094,0
2025-07-04,SYNTH_MKT,2604.56,2623.86,2585.96,2605.25,1288679,-0.000444,0.013926,0.021667,1
2025-07-07,SYNTH_MKT,2606.72,2648.37,2578.15,2619.66,1533199,0.00553,0.014215,0.021666,1
2025-07-08,SYNTH_MKT,2614.12,2640.85,2558.64,2585.07,1714344,-0.013203,0.015285,0.021901,1
2025-07-09,SYNTH_MKT,2596.17,2648.37,2534.46,2586.47,2542535,0.000541,0.011624,0.021831,1
2025-07-10,SYNTH_MKT,2593.52,2635.97,2470.99,2512.11,1395617,-0.028749,0.013856,0.022924,0
2025-07-11,SYNTH_MKT,2514.3,2573.76,2482.2,2541.32,1252775,0.011629,0.016197,0.019264,0
2025-07-14,SYNTH_MKT,2555.0,2568.87,2514.63,2528.36,856116,-0.005103,0.015158,0.018942,0
2025-07-15,SYNTH_MKT,2516.99,2603.21,2484.78,2570.33,804584,0.016601,0.017738,0.018403,0
2025-07-16,SYNTH_MKT,2570.27,2592.73,2548.1,2570.56,873193,9e-05,0.017729,0.015441,0
2025-07-17,SYNTH_MKT,2573.39,2612.05,2554.08,2592.6,1308275,0.008574,0.008779,0.012971,0
2025-07-18,SYNTH_MKT,2585.49,2607.87,2570.06,2592.4,967345,-7.6e-05,0.00858,0.012464,0
2025-07-21,SYNTH_MKT,2594.74,2611.76,2575.66,2592.67,840609,0.000104,0.007436,0.012477,0
2025-07-22,SYNTH_MKT,2584.07,2624.82,2540.76,2581.47,1260523,-0.004322,0.004701,0.011804,0
2025-07-23,SYNTH_MKT,2586.82,2612.76,2558.91,2584.83,1708621,0.001303,0.004682,0.01127,0
2025-07-24,SYNTH_MKT,2593.03,2617.66,2567.69,2592.31,1053818,0.002894,0.002682,0.01117,0
2025-07-25,SYNTH_MKT,2594.43,2614.54,2556.98,2576.95,1361327,-0.005924,0.003768,0.01118,0
2025-07-28,SYNTH_MKT,2562.63,2623.14,2515.01,2575.28,1295659,-0.00065,0.003718,0.011171,0
2025-07-29,SYNTH_MKT,2567.81,2603.81,2527.67,2563.61,859495,-0.004531,0.003761,0.011182,0
2025-07-30,SYNTH_MKT,2567.95,2627.12,2552.76,2611.67,1006680,0.018747,0.009921,0.011422,0
2025-07-31,SYNTH_MKT,2611.84,2631.96,2590.59,2610.71,725687,-0.000368,0.009963,0.010204,0
2025-08-01,SYNTH_MKT,2589.61,2664.9,2569.04,2643.9,950054,0.012712,0.009998,0.010582,0
2025-08-04,SYNTH_MKT,2653.76,2678.66,2615.91,2640.69,855090,-0.001215,0.010084,0.01053,0
2025-08-05,SYNTH_MKT,2641.77,2662.96,2625.93,2647.09,904184,0.002424,0.00883,0.010032,0
2025-08-06,SYNTH_MKT,2640.58,2668.45,2592.38,2620.03,829050,-0.010221,0.008236,0.010354,0
2025-08-07,SYNTH_MKT,2627.85,2666.24,2573.43,2611.58,930741,-0.003227,0.008423,0.00779,0
2025-08-08,SYNTH_MKT,2606.27,2626.17,2597.03,2616.89,1142316,0.002034,0.005137,0.007452,0
2025-08-11,SYNTH_MKT,2611.49,2662.38,2600.29,2651.01,970568,0.013038,0.008538,0.007706,0
2025-08-12,SYNTH_MKT,2653.86,2674.89,2635.63,2656.65,627448,0.002126,0.008525,0.006944,0
2025-08-13,SYNTH_MKT,2670.84,2705.93,2652.0,2686.98,829833,0.01142,0.006902,0.007263,0
2025-08-14,SYNTH_MKT,2700.07,2747.07,2654.73,2701.7,683964,0.005476,0.005162,0.007153,0
2025-08-15,SYNTH_MKT,2704.61,2772.88,2669.97,2737.82,1062914,0.013369,0.005022,0.007559,0
2025-08-18,SYNTH_MKT,2741.61,2776.1,2703.05,2737.48,1134088,-0.000122,0.005818,0.007564,1
2025-08-19,SYNTH_MKT,2743.98,2812.39,2722.74,2790.79,1066238,0.019472,0.007516,0.008235,0
2025-08-20,SYNTH_MKT,2780.26,2802.21,2758.98,2780.92,821312,-0.003533,0.009488,0.008386,0
2025-08-21,SYNTH_MKT,2786.3,2794.64,2756.57,2764.85,1063657,-0.005782,0.011116,0.00865,0
2025-08-22,SYNTH_MKT,2758.76,2791.66,2706.38,2739.05,889115,-0.00933,0.011314,0.008871,0
2025-08-25,SYNTH_MKT,2741.67,2821.13,2712.15,2791.09,752347,0.018998,0.014093,0.0095,1
2025-08-26,SYNTH_MKT,2789.18,2849.55,2750.29,2810.36,1203799,0.006906,0.011522,0.009297,1
2025-08-27,SYNTH_MKT,2814.59,2836.98,2781.52,2803.83,1226919,-0.002323,0.011403,0.008795,1
2025-08-28,SYNTH_MKT,2804.83,2856.15,2781.73,2832.83,1267724,0.010342,0.011035,0.008867,1
2025-08-29,SYNTH_MKT,2806.71,2876.42,2780.11,2849.41,858913,0.005852,0.007727,0.008648,1
2025-09-01,SYNTH_MKT,2850.94,2997.21,2805.7,2950.39,2282950,0.03544,0.014302,0.011076,0
2025-09-02,SYNTH_MKT,2956.07,2975.05,2849.92,2868.34,1502653,-0.027811,0.022823,0.013362,0
2025-09-03,SYNTH_MKT,2872.17,2915.96,2811.26,2854.78,2001713,-0.004726,0.023022,0.013106,0
2025-09-04,SYNTH_MKT,2853.9,2888.77,2796.56,2831.15,1496157,-0.008275,0.023208,0.013307,0
2025-09-05,SYNTH_MKT,2845.1,2858.09,2774.72,2787.44,945543,-0.015439,0.023833,0.014007,0
2025-09-08,SYNTH_MKT,2790.05,2826.51,2775.71,2812.06,545913,0.008833,0.013518,0.013884,0
2025-09-09,SYNTH_MKT,2815.76,2839.0,2783.8,2806.97,927299,-0.001813,0.008926,0.013925,0
2025-09-10,SYNTH_MKT,2815.76,2865.77,2774.68,2824.56,1023033,0.006267,0.010071,0.013805,0
2025-09-11,SYNTH_MKT,2827.63,2923.49,2783.8,2878.87,902566,0.019228,0.012946,0.014291,0
2025-09-12,SYNTH_MKT,2871.11,2910.51,2821.45,2860.71,2637087,-0.006308,0.009909,0.014237,0
2025-09-15,SYNTH_MKT,2839.78,2897.0,2781.96,2839.16,1271264,-0.007531,0.011061,0.014398,0
2025-09-16,SYNTH_MKT,2835.1,2879.88,2800.71,2845.37,1476586,0.002186,0.010862,0.013796,0
2025-09-17,SYNTH_MKT,2851.87,2942.74,2805.91,2896.08,1355824,0.01782,0.012841,0.014241,0
2025-09-18,SYNTH_MKT,2893.01,2913.24,2863.79,2883.96,868537,-0.004184,0.010435,0.014198,0
2025-09-19,SYNTH_MKT,2890.89,2910.38,2851.06,2870.41,1294148,-0.004698,0.010199,0.014037,0
2025-09-22,SYNTH_MKT,2871.69,2913.33,2854.2,2895.69,1447022,0.008808,0.009487,0.013582,0
2025-09-23,SYNTH_MKT,2906.88,2921.54,2890.83,2905.48,839290,0.003379,0.009446,0.013537,0
2025-09-24,SYNTH_MKT,2902.9,2943.39,2819.09,2858.97,834642,-0.016008,0.009388,0.014088,0
2025-09-25,SYNTH_MKT,2862.98,2880.82,2814.29,2831.94,748800,-0.009453,0.0099,0.014098,0
2025-09-26,SYNTH_MKT,2836.24,2882.98,2820.37,2866.94,1386207,0.01236,0.012116,0.014311,0
2025-09-29,SYNTH_MKT,2879.86,2891.61,2865.43,2877.16,1323462,0.003565,0.011346,0.01175,0
2025-09-30,SYNTH_MKT,2862.43,2885.28,2837.79,2860.63,973852,-0.005748,0.011151,0.010029,0
2025-10-01,SYNTH_MKT,2856.69,2903.04,2811.4,2857.73,705375,-0.001013,0.008498,0.009972,0
2025-10-02,SYNTH_MKT,2865.0,2914.21,2809.93,2859.03,721324,0.000456,0.006731,0.009776,0
2025-10-03,SYNTH_MKT,2872.29,2886.77,2862.4,2876.86,1043580,0.006236,0.004567,0.009089,0
2025-10-06,SYNTH_MKT,2878.93,2900.19,2825.59,2846.61,1147211,-0.010516,0.006351,0.009308,0
2025-10-07,SYNTH_MKT,2844.11,2857.37,2815.27,2828.45,596583,-0.006378,0.006446,0.009427,0
2025-10-08,SYNTH_MKT,2834.88,2871.78,2798.72,2835.62,922814,0.002534,0.006801,0.009341,0
2025-10-09,SYNTH_MKT,2843.01,2871.29,2806.16,2834.35,1498663,-0.000449,0.006747,0.008203,0
2025-10-10,SYNTH_MKT,2831.29,2866.12,2813.58,2848.31,947074,0.004925,0.006376,0.008186,0
2025-10-13,SYNTH_MKT,2851.13,2877.05,2795.64,2821.29,1451227,-0.009486,0.006039,0.00829,0
2025-10-14,SYNTH_MKT,2831.28,2850.79,2810.83,2830.33,1176167,0.003207,0.005724,0.008309,0
2025-10-15,SYNTH_MKT,2846.39,2899.62,2802.96,2856.04,762563,0.009083,0.007011,0.0075,0
2025-10-16,SYNTH_MKT,2862.4,2899.68,2830.95,2868.16,929444,0.004245,0.007007,0.007529,0
2025-10-17,SYNTH_MKT,2868.54,2905.33,2835.62,2872.36,968338,0.001463,0.006864,0.007463,0
2025-10-20,SYNTH_MKT,2871.89,2893.34,2849.72,2871.16,788101,-0.000417,0.003581,0.007173,0
2025-10-21,SYNTH_MKT,2875.96,2900.5,2828.65,2852.99,784689,-0.006329,0.005699,0.007232,0
2025-10-22,SYNTH_MKT,2852.0,2901.22,2803.14,2852.35,1457455,-0.000226,0.003877,0.006296,0
2025-10-23,SYNTH_MKT,2853.97,2922.74,2813.72,2882.09,783221,0.010428,0.006048,0.00631,0
2025-10-24,SYNTH_MKT,2872.94,2892.42,2860.91,2880.35,1309452,-0.000602,0.006078,0.005708,0
2025-10-27,SYNTH_MKT,2891.56,2913.38,2839.27,2860.86,896621,-0.006768,0.006938,0.005858,0
2025-10-28,SYNTH_MKT,2851.07,2862.46,2839.21,2850.59,993610,-0.003588,0.006475,0.005771,0
2025-10-29,SYNTH_MKT,2846.9,2900.85,2802.36,2856.17,1150804,0.001957,0.006542,0.005786,0
2025-10-30,SYNTH_MKT,2857.01,2884.94,2820.79,2848.64,861018,-0.002638,0.003269,0.005814,0
2025-10-31,SYNTH_MKT,2865.65,2882.07,2844.31,2860.69,1152549,0.004232,0.004419,0.005714,0
2025-11-03,SYNTH_MKT,2857.07,2899.34,2831.53,2873.66,599531,0.004533,0.00381,0.005267,0
2025-11-04,SYNTH_MKT,2867.92,2916.03,2847.19,2895.1,1116196,0.007462,0.003761,0.005227,0
2025-11-05,SYNTH_MKT,2890.32,2942.15,2877.43,2929.09,539489,0.011738,0.005258,0.005733,0
2025-11-06,SYNTH_MKT,2943.66,2979.87,2917.33,2953.45,944866,0.008317,0.003075,0.005898,0
2025-11-07,SYNTH_MKT,2928.53,2968.13,2892.85,2932.41,1238078,-0.007124,0.00724,0.006199,0
2025-11-10,SYNTH_MKT,2923.59,2936.93,2898.94,2912.24,1168328,-0.006878,0.009002,0.00598,0
2025-11-11,SYNTH_MKT,2936.1,2957.46,2890.31,2911.49,722814,-0.000256,0.008637,0.005981,0
2025-11-12,SYNTH_MKT,2916.65,2954.1,2864.74,2902.0,746457,-0.003259,0.006344,0.005784,0
2025-11-13,SYNTH_MKT,2892.37,2901.03,2867.98,2876.59,841837,-0.008757,0.003441,0.0061,0
2025-11-14,SYNTH_MKT,2876.23,2904.18,2839.57,2867.43,1047654,-0.003184,0.003356,0.006136,0
2025-11-17,SYNTH_MKT,2868.01,2894.01,2831.65,2857.55,601707,-0.003446,0.003079,0.006183,0
2025-11-18,SYNTH_MKT,2864.8,2909.66,2798.68,2843.19,996699,-0.005025,0.002372,0.006121,0
2025-11-19,SYNTH_MKT,2858.88,2881.41,2814.65,2837.01,1080968,-0.002176,0.00258,0.006138,0
2025-11-20,SYNTH_MKT,2840.31,2887.99,2817.27,2864.74,931686,0.009778,0.006006,0.00608,0
2025-11-21,SYNTH_MKT,2860.11,2905.39,2825.16,2870.31,1140344,0.001944,0.005937,0.0061,0
2025-11-24,SYNTH_MKT,2877.09,2938.31,2867.04,2928.08,1057524,0.020124,0.01016,0.007393,0
2025-11-25,SYNTH_MKT,2921.94,2956.32,2898.81,2933.1,873354,0.001714,0.008875,0.007307,0
2025-11-26,SYNTH_MKT,2924.0,2947.74,2903.6,2927.32,616284,-0.001971,0.008826,0.007345,0
2025-11-27,SYNTH_MKT,2911.86,2952.58,2887.85,2928.44,1033915,0.000383,0.008905,0.007292,0
2025-11-28,SYNTH_MKT,2914.69,2971.27,2879.15,2935.47,787990,0.002402,0.008876,0.007266,0
2025-12-01,SYNTH_MKT,2927.58,2979.18,2895.32,2946.72,865380,0.003832,0.002198,0.007251,0
2025-12-02,SYNTH_MKT,2936.31,3014.1,2919.26,2996.71,1127250,0.016964,0.007397,0.007955,0
2025-12-03,SYNTH_MKT,2999.52,3027.56,2949.66,2977.49,1425230,-0.006413,0.008523,0.00779,0
2025-12-04,SYNTH_MKT,2966.78,3043.27,2922.98,2999.0,990530,0.007222,0.008459,0.007738,0
2025-12-05,SYNTH_MKT,2970.71,3021.48,2954.45,3005.03,1148568,0.002012,0.008489,0.007512,0
2025-12-08,SYNTH_MKT,2995.62,3023.72,2940.47,2968.31,696895,-0.012219,0.011434,0.007901,0
2025-12-09,SYNTH_MKT,2964.11,3011.63,2940.32,2987.65,1063303,0.006516,0.008477,0.00799,0
2025-12-10,SYNTH_MKT,2982.22,3044.8,2956.73,3018.99,985135,0.010491,0.008926,0.008165,0
2025-12-11,SYNTH_MKT,3032.76,3042.83,2989.38,2999.35,1359758,-0.006507,0.00933,0.008023,0
2025-12-12,SYNTH_MKT,2993.83,3043.52,2950.59,3000.18,873615,0.000279,0.009271,0.007939,0
2025-12-15,SYNTH_MKT,3008.11,3025.27,2942.94,2959.82,941379,-0.013453,0.009676,0.008607,0
2025-12-16,SYNTH_MKT,2959.65,2997.85,2893.23,2931.05,1303044,-0.00972,0.00944,0.008863,0
2025-12-17,SYNTH_MKT,2930.68,2975.32,2912.17,2956.65,977254,0.008734,0.008786,0.008957,0
2025-12-18,SYNTH_MKT,2949.24,2967.82,2928.1,2946.66,757895,-0.003381,0.008685,0.008846,0
2025-12-19,SYNTH_MKT,2946.14,2986.36,2881.66,2921.55,1892518,-0.00852,0.008617,0.00912,1
2025-12-22,SYNTH_MKT,2914.84,2965.34,2877.6,2927.93,763648,0.002186,0.007692,0.007938,1
2025-12-23,SYNTH_MKT,2929.43,2957.65,2888.62,2916.72,983955,-0.003829,0.006617,0.007973,1
2025-12-24,SYNTH_MKT,2914.66,2949.18,2872.33,2906.76,1090538,-0.003417,0.003795,0.007996,1
2025-12-25,SYNTH_MKT,2898.52,3031.62,2848.97,2980.67,2566063,0.025426,0.013436,0.009857,
2025-12-26,SYNTH_MKT,2989.54,3043.99,2806.06,2858.13,2288811,-0.041111,0.023883,0.013604,
2025-12-29,SYNTH_MKT,2861.79,2906.44,2723.11,2766.27,2291665,-0.032138,0.026407,0.015184,
2025-12-30,SYNTH_MKT,2762.56,2840.74,2702.15,2779.95,2263100,0.004943,0.02728,0.014576,
2025-12-31,SYNTH_MKT,2781.16,2917.48,2738.12,2873.02,1815725,0.033479,0.03353,0.016745,
