date,ret_lag1,ret_lag2,ret_lag3,ret_lag4,ret_lag5,mean_ret_5,mean_ret_20,sd_ret_10,realized_volatility_5d,realized_volatility_20d,log_volume,vol_ratio,range_5d,price_vs_ma20,drawdown_60,rsi14,split,target,future_vol_5d,high_volatility_next_5d
2020-03-25,-0.005275,0.004752,-8.74e-4,0.009867,0.003116,0.0015729999999999997,-0.0016987500000000002,0.008328178768494347,0.005842,0.007278,13.276607767126393,0.5444233487204062,0.02261895586305331,-0.009380165144246777,-0.10032253129700919,37.9515212954318,train,0,0.009964849356613476,0
2020-03-26,-6.05e-4,-0.005275,0.004752,-8.74e-4,0.009867,-0.0029238000000000003,-0.00209315,0.008714958420248869,0.00648,0.007655,13.95635973517234,1.0603778386612457,0.025601319498622717,-0.01980036461029444,-0.1116748680553784,32.689531796462916,train,0,0.009723131450309617,0
2020-03-27,-0.012617,-6.05e-4,-0.005275,0.004752,-8.74e-4,-0.006430000000000001,-0.0025655,0.010266151287929993,0.009246,0.00836,14.458492754723226,1.6915897005336327,0.030441231568175603,-0.03536169176795401,-0.12802452767649974,26.90397269318926,train,0,0.007804151151790949,0
2020-03-30,-0.018405,-0.012617,-6.05e-4,-0.005275,0.004752,-0.005802000000000001,-0.0022532,0.010182765983104329,0.010248,0.008638,13.971120173027776,1.0278089996119668,0.02840040479775911,-0.025528043495507302,-0.12114364753575879,32.33197583690129,train,0,0.004431264131148131,0
2020-03-31,0.007892,-0.018405,-0.012617,-6.05e-4,-0.005275,-0.006253,-0.0029391,0.009047990255054188,0.010269,0.008475,13.526860016697928,0.662075949188127,0.029580316355609905,-0.02998586700810324,-0.12776000101986174,30.02329420035761,train,0,0.004430641680388971,0
2020-04-01,-0.00753,0.007892,-0.018405,-0.012617,-6.05e-4,-0.006790800000000001,-0.0024864500000000003,0.008873173307472611,0.009965,0.008183,13.8859671576782,0.9456182147029717,0.030793492742962197,-0.03075924078586323,-0.13063473649320512,29.052603796648626,train,0,0.0062081425321910905,0
2020-04-02,-0.003294,-0.00753,0.007892,-0.018405,-0.012617,-0.006415800000000001,-0.0030511,0.008004339014975981,0.009723,0.00835,13.495338351111775,0.6405314929924996,0.02672092096040986,-0.03823155128996314,-0.1399728461793427,26.10058937628675,train,0,0.006271800515003646,0
2020-04-03,-0.010742,-0.003294,-0.00753,0.007892,-0.018405,-0.004920800000000001,-0.0035271499999999997,0.008105517190983765,0.007804,0.008521,14.123711177850833,1.1877293606154422,0.024498156080996585,-0.04538345076177963,-0.1493715101603732,23.511185591427804,train,0,0.004001795134686432,0
2020-04-06,-0.01093,-0.010742,-0.003294,-0.00753,0.007892,-0.0067074000000000005,-0.0037332999999999997,0.007458669736175033,0.004431,0.008402,13.576538646481755,0.7037669559402616,0.02373327016497949,-0.042799419121250404,-0.15025751510670304,23.2767484142191,train,0,0.00390420597561143,0
2020-04-07,-0.001041,-0.01093,-0.010742,-0.003294,-0.00753,-0.0062988,-0.0040199499999999996,0.007455876466102277,0.004431,0.008357,13.834071237892404,0.9089299048122428,0.02147831352688333,-0.044202037620718726,-0.15492019581346717,22.03170559740174,train,0,0.004445815931862226,0
2020-04-08,-0.005487,-0.001041,-0.01093,-0.010742,-0.003294,-0.0049652,-0.0032873,0.007885916166037893,0.006208,0.008329,13.601065316428084,0.7246503177819041,0.022407226101053074,-0.03780252663001049,-0.1510287698159447,24.685716577976336,train,0,0.007515747953464113,0
2020-04-09,0.003374,-0.005487,-0.001041,-0.01093,-0.010742,-0.002022800000000001,-0.0026013499999999997,0.008053606439215774,0.006272,0.008334,13.678897851535968,0.7913181681283951,0.023718377116014145,-0.03144899016654745,-0.14765910193245357,27.808186057362832,train,0,0.007574788300672171,0
2020-04-10,0.00397,0.003374,-0.005487,-0.001041,-0.01093,7.465999999999995e-4,-0.00248475,0.006565694639564042,0.004002,0.008397,14.1870479071568,1.2666358967993152,0.021055873455030807,-0.02617777256736642,-0.14517333367370389,30.110122640525873,train,0,0.008299283963089828,0
2020-04-13,0.002917,0.00397,0.003374,-0.005487,-0.001041,0.0014065999999999996,-0.0028008,0.005812899395119253,0.003904,0.008071,13.84137419195844,0.9010747030767694,0.019511949017783838,-0.021187403814378003,-0.1432396038087459,31.92852673478454,train,0,0.008842498317783273,0
2020-04-14,0.002259,0.002917,0.00397,0.003374,-0.005487,0.0050983999999999995,-0.00128405,0.0073206244390610405,0.004446,0.008041,13.675709264814884,0.8098007448969937,0.02251495941923451,-0.00718120566502134,-0.13212863451867363,41.36807293908521,train,0,0.0098321663787794,0
2020-04-15,0.012972,0.002259,0.002917,0.00397,0.003374,0.0027853999999999995,-0.0018494,0.007676005217559456,0.007516,0.008112,13.529203539692027,0.706640158596791,0.02178888127694539,-0.013447109061730633,-0.13923493222372552,37.76137402790989,train,0,0.00888148786521718,0
2020-04-16,-0.008191,0.012972,0.002259,0.002917,0.00397,0.0019735999999999994,-0.0023472,0.006886215138472899,0.007575,0.007648,13.347584768513505,0.5989844234880126,0.019145243733880036,-0.011159403739304685,-0.13931151558471389,37.72320343798429,train,0,0.009821158562002753,0
2020-04-17,-8.9e-5,-0.008191,0.012972,0.002259,0.002917,0.0032725999999999996,-0.0018329000000000002,0.006285093514729028,0.008299,0.008085,13.502689806782746,0.7156670625247901,0.02130765213876253,4.279118251848679e-5,-0.13121282516018695,44.15231972928202,train,0,0.009321367887815608,0
2020-04-20,0.009412,-8.9e-5,-0.008191,0.012972,0.002259,0.004914,-0.0015472,0.0067039378154434975,0.008842,0.008424,13.843500168503205,1.030513060996611,0.028864961748629216,0.012154991268721993,-0.12211855104281022,50.35067278701599,train,0,0.008234885226886894,0
2020-04-21,0.010466,0.009412,-8.9e-5,-0.008191,0.012972,1.147999999999994e-4,-0.0018346500000000002,0.0076582400966395524,0.009832,0.008653,14.06056823129008,1.2802312020227673,0.026673546103227686,0.0029114477195442134,-0.13179677328772377,44.66884428359171,train,0,0.0053913373851021415,0
2020-04-22,-0.011024,0.010466,0.009412,-8.9e-5,-0.008191,0.0013231999999999996,-0.00191185,0.007794686567000483,0.008882,0.008648,13.675421712162011,0.8587072227420436,0.02558604344913848,0.0027499391046659216,-0.13232342601470115,43.645802284428875,train,0,0.0055267332756339885,0
2020-04-23,-0.002149,-0.011024,0.010466,0.009412,-8.9e-5,0.0035839999999999995,-7.202500000000002e-4,0.008312064615832686,0.009821,0.008737,14.208146388359177,1.4394305959885108,0.027178422088170073,0.014781063649613069,-0.11214992561930015,50.05752748467721,train,0,0.0029490807550828445,0
2020-04-24,0.011215,-0.002149,-0.011024,0.010466,0.009412,0.0025845999999999994,4.2074999999999985e-4,0.008328314584729747,0.009321,0.007739,13.63613505728228,0.8568030821012913,0.024493004215498347,0.01885517394522851,-0.1082303861328503,52.37993597505618,train,0,0.0023735592050757866,0
2020-04-27,0.004415,0.011215,-0.002149,-0.011024,0.010466,8.737999999999996e-4,1.2174999999999987e-4,0.008332136480052533,0.008235,0.007548,13.756006807736513,0.9772462949886092,0.020155084486800742,0.02070371957617234,-0.10652609792380818,53.39477202614536,train,0,0.0020756091876844253,0
2020-04-28,0.001912,0.004415,0.011215,-0.002149,-0.011024,0.0028003999999999998,4.286999999999999e-4,0.007608351963467515,0.005391,0.007343,13.545616011960611,0.7912488576944433,0.021295330854912586,0.01886816840188832,-0.10776793221654479,52.516543899773296,train,0,0.0021263709695159027,0
2020-04-29,-0.001391,0.001912,0.004415,0.011215,-0.002149,0.0026861999999999997,4.573999999999999e-4,0.007010681153306955,0.005527,0.007329,14.063200759997427,1.3135295088707586,0.02257971878767305,0.01565105560047697,-0.0992172230570535,50.75818280225761,train,0,0.002942449829648757,0
2020-04-30,-0.00272,-0.001391,0.001912,0.004415,0.011215,9.743999999999999e-4,0.0011273,0.00697323423766428,0.002949,0.006848,14.339888137749842,1.6506946612013078,0.022151297347240313,0.01721788276382874,-0.09187986358908184,52.427838549140525,train,0,0.0035517642376711885,0
2020-05-01,0.002656,-0.00272,-0.001391,0.001912,0.004415,-2.4239999999999996e-4,0.0015903499999999997,0.006583367534932255,0.002374,0.006279,13.375054857114556,0.6518318420608702,0.023617158858545644,0.01392986545777708,-0.08947669440394601,51.25019588038058,train,0,0.011078699391174038,0
2020-05-04,-0.001669,0.002656,-0.00272,-0.001391,0.001912,-6.23e-4,0.00164285,0.005716321451189859,0.002076,0.00626,13.728969615757393,0.9225654457292978,0.021909399282397116,0.01229821517833507,-0.08711907776547723,51.255322553503895,train,1,0.013954696976287232,0
2020-05-05,9e-6,-0.001669,0.002656,-0.00272,-0.001391,-1.4899999999999996e-4,0.00196615,0.004164656716545394,0.002126,0.006036,14.13170501156356,1.3559888104732893,0.020358611715376805,0.011333703474836643,-0.07925682738904338,51.98936080592615,train,1,0.013944227239255678,0
2020-05-06,9.79e-4,9e-6,-0.001669,0.002656,-0.00272,-6.199999999999999e-4,0.0015436999999999998,0.004523255500435744,0.002942,0.006225,13.45377281968308,0.6921696718841557,0.020371817791240473,0.004684074074888134,-0.08392920956919903,47.95937394143221,train,1,0.01403571198764067,1
2020-05-07,-0.005075,9.79e-4,9e-6,-0.001669,0.002656,-2.2979999999999984e-4,0.0015755499999999998,0.0031424277610365738,0.003552,0.006239,13.957181112562397,1.1293833988735835,0.02112924067757677,0.007752193138850227,-0.07971104038153898,51.60646665990223,train,1,0.014051363770111427,1
2020-05-08,0.004607,-0.005075,9.79e-4,9e-6,-0.001669,0.0048368000000000005,0.0026129,0.008013746076447505,0.011079,0.007961,14.12087831268208,1.3363331287331996,0.02708952219918559,0.02893213905957337,-0.057932195351664384,65.17630503080765,train,0,0.007663927583165175,0
2020-05-11,0.023664,0.004607,-0.005075,9.79e-4,9e-6,0.0020618000000000004,0.00180665,0.009511322272837661,0.013955,0.008774,13.835067076546816,1.0044457170555148,0.027571662805077106,0.012879934208430033,-0.0709941586873245,55.18218551654776,train,0,0.004764239572061842,0
2020-05-12,-0.013866,0.023664,0.004607,-0.005075,9.79e-4,0.0024544000000000002,0.0013051500000000001,0.009503192072491572,0.013944,0.00838,13.953076177142977,1.1149940457152836,0.0260820439782585,0.014564960450950126,-0.0675022979861285,56.678451976242094,train,0,0.00596930517732173,0
2020-05-13,0.002942,-0.013866,0.023664,0.004607,-0.005075,0.0023230000000000004,0.0014281,0.009685556316839351,0.014036,0.00825,14.255735804612463,1.4524948278398526,0.024696053283322632,0.007352104026579376,-0.07162125978981193,52.95660714811147,train,0,0.003618388411986751,0
2020-05-14,-0.005732,0.002942,-0.013866,0.023664,0.004607,0.0023954000000000002,0.0016809999999999998,0.009760763856720778,0.014051,0.008279,14.302617095109673,1.4541242818831892,0.025969641141318233,0.010702181678757139,-0.06700582368297758,55.66074695142186,train,0,0.0041836721549375734,0
2020-05-15,0.004969,-0.005732,0.002942,-0.013866,0.023664,-0.0021929999999999996,0.0012465,0.009715043803298058,0.007664,0.008077,13.800018168233727,0.8698414981288232,0.02045425244021278,0.0102044918015336,-0.0605222744601458,56.057238853247,train,0,0.011735643292977169,0
2020-05-18,7.22e-4,0.004969,-0.005732,0.002942,-0.013866,0.0018692000000000001,0.00104545,0.009830897565555469,0.004764,0.007883,13.682415641498745,0.7785940058858256,0.02253635594445432,0.015677469522965337,-0.04604977031177793,59.54241119117198,train,1,0.012722037698419227,0
2020-05-19,0.006445,7.22e-4,0.004969,-0.005732,0.002942,0.0032316000000000003,0.00208435,0.01012042165349075,0.005969,0.007572,13.585514834044469,0.7222056815988425,0.02381952129412137,0.023469098758231777,-0.02978771462109997,64.19893000943004,train,1,0.012201910752009293,0
2020-05-20,0.009754,0.006445,7.22e-4,0.004969,-0.005732,0.0047558,0.00228625,0.009747775087452294,0.003618,0.007507,14.059751584172076,1.1393369464711043,0.02827685092767183,0.023088865115642454,-0.02333745959700151,65.04705749568654,train,1,0.012610128040587058,0
2020-05-21,0.001889,0.009754,0.006445,7.22e-4,0.004969,0.0056432,0.0021958000000000004,0.009922736283124955,0.004184,0.007404,13.472566625018928,0.6559177664166255,0.02682536220416628,0.030455966117387323,-0.01297874171615454,68.99082811566079,train,1,0.013121888114901758,0
2020-05-22,0.009406,0.001889,0.009754,0.006445,7.22e-4,0.0018179999999999997,0.0010548500000000002,0.009580447336459122,0.011736,0.00869,13.752366264439528,0.8635793171940369,0.0292470785401082,0.010459223104540838,-0.031145537481710894,55.63895508734952,train,0,0.009644281067036568,0
2020-05-25,-0.018404,0.009406,0.001889,0.009754,0.006445,0.0031438,0.0016129500000000001,0.009081448737215152,0.012722,0.009097,13.841182203340729,0.9401656966854935,0.030611542997545465,0.02204897326212052,-0.018480075738015245,61.26702030047383,train,0,0.007441699248155626,0
2020-05-26,0.013074,-0.018404,0.009406,0.001889,0.009754,0.001863,0.0018500000000000003,0.00908453867293216,0.012202,0.009077,13.689759108658684,0.8036984744945624,0.030549851842924754,0.023610678488316994,-0.005333852578434328,62.59502470012187,train,0,0.007176937821940497,0
2020-05-27,0.00335,0.013074,-0.018404,0.009406,0.001889,0.0032798000000000002,0.0024346500000000004,0.008780525772665578,0.01261,0.009143,13.885464700615355,0.9868136868239694,0.027481210075489322,0.030306935292980564,0,65.96783296136591,train,0,0.005281013378131133,0
2020-05-28,0.008973,0.00335,0.013074,-0.018404,0.009406,-4.831999999999996e-4,0.0018314,0.009732991911820104,0.013122,0.009518,14.456638391150294,1.7303442436501166,0.0286149193942977,0.01879003672845081,-0.009406539190448648,59.821482530783605,train,0,0.005483608556416112,0
2020-05-29,-0.009409,0.008973,0.00335,0.013074,-0.018404,0.0019384000000000005,0.00160005,0.010126895781915493,0.009644,0.009663,13.785110111639693,0.8711265154746308,0.030130566713221712,0.01080972328979768,-0.015642918764226743,56.09018946166465,train,0,0.00837097910641282,0
2020-06-01,-0.006296,-0.009409,0.008973,0.00335,0.013074,-3.727999999999996e-4,0.0016755000000000003,0.009999070581809091,0.007442,0.009655,13.706658398049672,0.8061295699338388,0.02716847260299206,0.01070215819160869,-0.014149652321838846,56.78525159183195,train,0,0.009172634937682847,0
2020-06-02,0.001518,-0.006296,-0.009409,0.008973,0.00335,-9.999999999999996e-4,0.0016372500000000003,0.009557266999514036,0.007177,0.00966,14.069343146350349,1.1628901594707035,0.030531087177680626,0.009320233961597646,-0.013938308347394068,56.88926390389674,train,0,0.009167403214651355,0
2020-06-03,2.14e-4,0.001518,-0.006296,-0.009409,0.008973,-0.0022715999999999995,0.00202175,0.009572314424073905,0.005281,0.009531,13.875406443728846,0.9423572324257388,0.032260520527025924,0.009977844905133537,-0.011360604790232376,58.2104035414275,train,0,0.009191610370332285,0
2020-06-04,0.002615,2.14e-4,0.001518,-0.006296,-0.009409,0.0014154000000000005,0.0022427000000000002,0.009533725789707471,0.005484,0.009644,14.175344207934335,1.2563093098355582,0.03210557120874491,0.01686528958543465,-0.002439117344410935,62.494393625630316,train,0,0.008999536138046226,0
2020-06-05,0.009026,0.002615,2.14e-4,0.001518,-0.006296,-7.979999999999936e-5,3.7090000000000023e-4,0.008579851216658713,0.008371,0.00887,13.856682251332758,0.9262823417481033,0.028977390510235883,0.002528032814116621,-0.016176475683316704,53.41433331150037,train,0,0.007375669617058508,0
2020-06-08,-0.013772,0.009026,0.002615,2.14e-4,0.001518,0.0012448000000000008,0.0014712500000000001,0.00792048014818406,0.009172,0.008361,13.753404276532148,0.8383717505537542,0.03154264284493048,0.009245743293350372,-0.008166192586330556,57.309353623102915,train,0,0.009572243535347396,0
2020-06-09,0.008141,-0.013772,0.009026,0.002615,2.14e-4,0.0012852000000000007,0.0013449500000000001,0.007854610962853462,0.009167,0.008357,13.369578079949113,0.5843621801084,0.02657563028712361,0.008348003661714065,-0.00775389860339748,57.50628996958466,train,0,0.010568779196293203,0
2020-06-10,4.16e-4,0.008141,-0.013772,0.009026,0.002615,5.062000000000007e-4,0.0015675500000000002,0.007217183554237453,0.009191,0.008217,13.410576808660013,0.6344738553398543,0.026967954158913954,0.005525885460876179,-0.009025427105384454,56.63851171042743,train,0,0.010822368862684362,0
2020-06-11,-0.00128,4.16e-4,0.008141,-0.013772,0.009026,-0.0035827999999999993,7.481500000000002e-4,0.007503343418473897,0.008999,0.008664,13.356584544739041,0.6310054273224506,0.026713046094652942,-0.006653913084412988,-0.02034099137647294,49.48237323652045,train,0,0.010786074387839165,0
2020-06-12,-0.011419,-0.00128,4.16e-4,0.008141,-0.013772,4.6400000000000925e-5,9.307500000000002e-4,0.007438152325081217,0.007376,0.008702,13.910345170158793,1.0915540097975849,0.02479895984391561,-0.003189673705593643,-0.01605521274715993,51.95822235283582,train,0,0.010026165159222144,0
2020-06-15,0.004374,-0.011419,-0.00128,4.16e-4,0.008141,-0.0053744,-3.396499999999998e-4,0.009502016356776305,0.009572,0.009657,13.47494796723901,0.712040849286155,0.02487702926784107,-0.02172184118965026,-0.03471238163871271,42.250564856117755,train,0,0.008018057040206188,0
2020-06-16,-0.018963,0.004374,-0.011419,-0.00128,4.16e-4,-0.0043502,-5.504999999999998e-4,0.009788631924045589,0.010569,0.009469,14.129404819572239,1.3317642377063117,0.02822532245296828,-0.015729420450934284,-0.029369883137176145,45.3965974428704,train,0,0.007567147646240292,0
2020-06-17,0.005537,-0.018963,0.004374,-0.011419,-0.00128,-0.006411599999999999,-0.0012242999999999998,0.010143839773204447,0.010822,0.009762,13.8230718988381,0.9933697628394883,0.026790920991455264,-0.02591420139886802,-0.04061615430188925,40.40643343613919,train,0,0.005495912544791811,0
2020-06-18,-0.011587,0.005537,-0.018963,0.004374,-0.011419,-0.0039722,-0.0016557,0.009367219951037294,0.010786,0.009453,13.754463534448801,0.9170546137318347,0.025622488922895446,-0.023508462401629737,-0.03986778875303598,40.87220515795499,train,0,0.00583870960058813,0
2020-06-19,7.78e-4,-0.011587,0.005537,-0.018963,0.004374,-0.0049676,-7.656499999999999e-4,0.008708542743255677,0.010026,0.008592,13.60454628719176,0.794376252887733,0.024325997552762574,-0.02333058327604276,-0.040449850846588475,40.60637261277747,train,0,0.007517800223469629,0
2020-06-22,-6.03e-4,7.78e-4,-0.011587,0.005537,-0.018963,7.662000000000002e-4,-9.340499999999999e-4,0.008931441098725333,0.008018,0.008335,13.971074809656466,1.1381163984960678,0.02018822029723826,-0.01289690506400265,-0.03113339269442783,46.59377151127016,train,0,0.0065007360967816565,0
2020-06-23,0.009706,-6.03e-4,7.78e-4,-0.011587,0.005537,-5.569999999999999e-4,-0.0011554999999999998,0.008893282011346168,0.007567,0.008274,13.614385314766507,0.7991620334467404,0.018937767913619723,-0.012791712484302109,-0.03217971860069502,46.032511835987535,train,0,0.006675371285554085,0
2020-06-24,-0.001079,0.009706,-6.03e-4,7.78e-4,-0.011587,7.198000000000001e-4,-0.0018643,0.008922238476600664,0.005496,0.007962,13.569164907692148,0.7748380355732669,0.01901380479670211,-0.01606258262194582,-0.03721732743418027,43.32648805153391,train,0,0.006035230674961811,0
2020-06-25,-0.005203,-0.001079,0.009706,-6.03e-4,7.78e-4,-1.7640000000000003e-4,-0.0015789999999999999,0.008417837978562746,0.005839,0.007778,14.112598010830503,1.3717777733725596,0.018214353449621364,-0.018131851666121968,-0.04078245775719003,41.46859009324622,train,0,0.00852234285276062,0
2020-06-26,-0.003703,-0.005203,-0.001079,0.009706,-6.03e-4,0.0020507999999999998,-7.375499999999998e-4,0.009136678696331616,0.007518,0.008142,13.904165001047884,1.1067678613200482,0.024280901577047213,-0.007022800410429353,-0.030676058192350752,48.243989475363385,train,0,0.006668401810029147,0
2020-06-29,0.010533,-0.003703,-0.005203,-0.001079,0.009706,0.0010376,-5.814499999999998e-4,0.006882985293057399,0.006501,0.008217,13.756778082409518,0.9528719652727234,0.023711693177282493,-0.0018009085159071958,-0.026178935588592966,50.96407900070329,train,0,0.007346293589287049,0
2020-06-30,0.00464,0.010533,-0.003703,-0.005203,-0.001079,7.064000000000001e-4,-7.288999999999999e-4,0.00676001043802613,0.006675,0.008229,13.975868504218763,1.1932066569395297,0.025842732555319263,-0.003770902564284917,-0.028843255528723688,49.31059874939006,train,0,0.009077977952165339,0
2020-07-01,-0.002735,0.00464,0.010533,-0.003703,-0.005203,0.0014386000000000002,-9.367499999999999e-4,0.0054549461714423295,0.0060350000000000004,0.008192,13.81774306406699,1.0217806939842597,0.025145948000249402,-0.004337028102277096,-0.03033998662643056,48.361360065856594,train,0,0.009328210787712721,0
2020-07-02,-0.001542,-0.002735,0.00464,0.010533,-0.003703,-2.581999999999999e-4,-0.0019974,0.006887187444813739,0.008523,0.008208,13.911263367066523,1.141298996127264,0.025707277300934576,-0.014462178705886286,-0.0421579259187399,41.55868663649381,train,0,0.011871694415710001,0
2020-07-03,-0.012187,-0.001542,-0.002735,0.00464,0.010533,-0.0016732000000000001,-0.0011359,0.006981006387174974,0.006669,0.007801,13.611297930593837,0.8555838777614085,0.019442330500656586,-0.009899505961563637,-0.03884571543400006,43.93883532748533,train,1,0.012994574625588944,0
2020-07-06,0.003458,-0.012187,-0.001542,-0.002735,0.00464,-0.005346999999999999,-0.0022294000000000003,0.007354652269897681,0.007346,0.007963,14.333110186267065,1.695262520215283,0.022409419177051977,-0.02128202225266318,-0.052042587543178254,37.40265127038861,train,0,0.01031326375596009,0
2020-07-07,-0.013729,0.003458,-0.012187,-0.001542,-0.002735,-0.0035272,-0.0019320000000000001,0.00783644962410345,0.009078,0.008176,13.670605009900695,0.8641896009831997,0.02549128338937263,-0.013101892256604186,-0.04600715797788857,41.67578510465448,train,0,0.011477284421848227,0
2020-07-08,0.006364,-0.013729,0.003458,-0.012187,-0.001542,-0.0029430000000000003,-0.00179905,0.0077585375884319276,0.009328,0.008208,14.20451425070577,1.4167400116305358,0.025511743723781816,-0.009916846430267356,-0.044694053612076456,42.59395682364031,train,0,0.011375346574940036,0
2020-07-09,0.001379,0.006364,-0.013729,0.003458,-0.012187,0.0033836000000000005,-2.5579999999999977e-4,0.00992990204774336,0.011871,0.009152,13.768293156355158,0.9019472739823698,0.026585091279857632,0.009639111604073936,-0.026116571792855203,53.699359123440026,train,0,0.009896064546070827,0
2020-07-10,0.019446,0.001379,0.006364,-0.013729,0.003458,0.0010018000000000002,-8.970499999999997e-4,0.00983867240423106,0.012994,0.009259,14.017284190422286,1.1502071639318596,0.02939778313622688,0.002058470188674333,-0.03434512817492352,49.16272153759605,train,0,0.008032280765760121,0
2020-07-13,-0.008451,0.019446,0.001379,0.006364,-0.013729,0.0036534000000000002,2.7550000000000317e-5,0.009682996297060579,0.010313,0.008225,13.999066352773031,1.1040103097638378,0.028820905813262958,0.001588576201054126,-0.03480246267700049,48.915375262675504,train,0,0.00791815275174709,0
2020-07-14,-4.71e-4,-0.008451,0.019446,0.001379,0.006364,0.005327800000000001,4.8750000000000036e-4,0.010814488882461755,0.011477,0.008788,14.102222910389534,1.2260450527314306,0.0256910888378581,0.01588732200005727,-0.020576587938148982,56.28331953258755,train,0,0.005414928254372351,0
2020-07-15,0.014736,-4.71e-4,-0.008451,0.019446,0.001379,0.007028200000000001,0.0015609000000000005,0.011126635602113617,0.011375,0.008543,13.605353565079898,0.7527952198264737,0.029250814826008116,0.024345716275580243,-0.010899805632836657,60.4608543643169,train,0,0.0038889289013814585,0
2020-07-16,0.009881,0.014736,-4.71e-4,-0.008451,0.019446,0.0020950000000000005,0.0012610000000000004,0.010325954957721291,0.009896,0.008676,14.084418748779555,1.1950258300412782,0.026515765984082555,0.017744854751865713,-0.016062142057797435,57.314295388755234,train,0,0.0031243272075760567,0
2020-07-17,-0.00522,0.009881,0.014736,-4.71e-4,-0.008451,0.0042136000000000005,0.0013982500000000004,0.010324163480237354,0.008032,0.008667,14.277120306958931,1.3993559945735934,0.026218530542950473,0.018528128241044772,-0.01395563162398783,58.26868490807602,train,0,0.005994018326631977,0
2020-07-20,0.002142,-0.00522,0.009881,0.014736,-4.71e-4,0.004381,9.312500000000004e-4,0.008676697487459667,0.007918,0.008444,13.750836560983599,0.8352408735566698,0.02705140134448027,0.017978245611275145,-0.013595307470836149,58.439857677131556,train,0,0.006160724364877883,0
2020-07-21,3.66e-4,0.002142,-0.00522,0.009881,0.014736,0.001955,0.0011155000000000006,0.008645085131641755,0.005415,0.008438,13.824186810197132,0.8912287897096354,0.023971233586266856,0.019518383668676087,-0.011024533224312183,59.709639222640455,train,0,0.0064767861088660325,0
2020-07-22,0.002606,3.66e-4,0.002142,-0.00522,0.009881,-0.0010689999999999996,0.0011137000000000005,0.009079896783554316,0.003889,0.00844,13.684648741704942,0.771892196449049,0.019447396955110118,0.013078098252709447,-0.016207657581185475,55.99502434183939,train,0,0.006299802560398223,0
2020-07-23,-0.005239,0.002606,3.66e-4,0.002142,-0.00522,-9.79999999999996e-5,0.0012806000000000004,0.007014248819367616,0.003124,0.008372,13.728900918449156,0.8223324781222624,0.02051846171980091,0.01144939563824754,-0.016564517079018404,55.73791940558647,train,0,0.007801329777672522,0
2020-07-24,-3.65e-4,-0.005239,0.002606,3.66e-4,0.002142,-0.0030131999999999997,1.322500000000004e-4,0.0076909019525959665,0.005994,0.008608,14.243365792576594,1.3488642784261902,0.02356548971019346,-0.001225851517866472,-0.028794750354261045,47.660991379278215,train,0,0.00784180601009742,0
2020-07-27,-0.012434,-3.65e-4,-0.005239,0.002606,3.66e-4,-0.0028001999999999997,-2.81999999999996e-5,0.00768498358561104,0.006161,0.008549,13.56445095435566,0.6890980615020392,0.021639191414770692,2.693800410769054e-4,-0.027401958916117297,48.57490798435092,train,0,0.00797205801534334,0
2020-07-28,0.001431,-0.012434,-3.65e-4,-0.005239,0.002606,-0.0025313999999999996,3.060500000000004e-4,0.006104645659022497,0.006477,0.008569,13.579980610999016,0.7119844709114554,0.02415402420463347,0.003944847652790795,-0.023563120822924888,51.10892237240427,train,0,0.008001565459333566,0
2020-07-29,0.00395,0.001431,-0.012434,-3.65e-4,-0.005239,-0.0017773999999999995,3.0970000000000037e-4,0.004949744074192119,0.0063,0.008568,14.21823524788755,1.3185834369976321,0.023725984770599097,0.002194818547302857,-0.024997488124893885,50.115236652661956,train,0,0.008002161720435297,0
2020-07-30,-0.001469,0.00395,0.001431,-0.012434,-3.65e-4,-0.004218399999999999,2.905500000000004e-4,0.0060086318243007695,0.007802,0.008598,13.971647264334587,1.0273221757836963,0.02438985334994117,-0.010650891787437833,-0.0372519739873679,42.510741209181916,train,0,0.007695438304606178,0
2020-07-31,-0.01257,-0.001469,0.00395,0.001431,-0.012434,-7.999999999999894e-5,5.305500000000004e-4,0.006759338103690331,0.007842,0.008756,14.345602783037238,1.4373647201024764,0.02557452148686725,-0.002968795178043271,-0.029300590030800877,48.02201941500622,train,0,0.0057055099246254935,0
2020-08-03,0.008258,-0.01257,-0.001469,0.00395,0.001431,2.87000000000001e-4,0.0013803000000000005,0.0069110213459693814,0.007972,0.0081,13.702900494386814,0.781808712762545,0.024962817181441645,-0.0010420065093422748,-0.026130430414130323,50.07691667436096,train,0,0.003762297609174479,0
2020-08-04,0.003266,0.008258,-0.01257,-0.001469,0.00395,-0.0015945999999999988,7.892000000000005e-4,0.006880642880170751,0.008002,0.008148,13.84707995895605,0.8965116134126198,0.02351515606274666,-0.0072351556081377,-0.031445211673116646,46.740695534053934,train,0,0.008279718521785629,0
2020-08-05,-0.005458,0.003266,0.008258,-0.01257,-0.001469,-0.001679799999999999,6.255000000000004e-4,0.006789798167512459,0.008002,0.008169,13.650341059987886,0.7570400595416137,0.024430471515417218,-0.009696543149803283,-0.03328147899206246,45.61008424630751,train,0,0.008280394658468882,0
2020-08-06,-0.001895,-0.005458,0.003266,0.008258,-0.01257,-0.001496799999999999,-9.295499999999998e-4,0.007444907539161697,0.007696,0.007313,13.851335126124635,0.9221696433445018,0.0260156562228173,-0.020313578805285615,-0.044548538088688194,39.32456170909399,train,0,0.0076378459856166255,0
2020-08-07,-0.011655,-0.001895,-0.005458,0.003266,0.008258,-0.004718999999999999,-8.996499999999998e-4,0.006912049563383257,0.005706,0.007281,13.371985263031569,0.5861654647642647,0.02120486967578194,-0.02712514689750678,-0.05205298150913451,35.78704165126565,train,0,0.0068142513675384766,0
2020-08-10,-0.007853,-0.011655,-0.001895,-0.005458,0.003266,-0.006162599999999999,-0.0010737,0.0067891066308052965,0.003762,0.007312,13.986748416887233,1.0846766695665457,0.021671166513265717,-0.02992377118184042,-0.055798273908720275,34.136574504133065,train,0,0.006328205788373194,0
2020-08-11,-0.003952,-0.007853,-0.011655,-0.001895,-0.005458,-0.003035599999999999,-0.00130165,0.007713670094204329,0.00828,0.00685,13.896378770968354,1.0023042603579397,0.022739390239665647,-0.018761883562870563,-0.04619078470978322,41.57967545797481,train,0,0.004295237630213258,0
2020-08-12,0.010177,-0.003952,-0.007853,-0.011655,-0.001895,-0.003609799999999999,-0.002034,0.007743889071749127,0.008281,0.006357,13.80112153065706,0.9039115835353243,0.02352780044042967,-0.02143303976503097,-0.050736412488003646,39.31583534096812,train,0,0.004577264062734419,0
2020-08-13,-0.004766,0.010177,-0.003952,-0.007853,-0.011655,-1.8439999999999922e-4,-0.0014994,0.00726125052284767,0.007638,0.006522,13.71791867705868,0.8473467648216833,0.02020631307759473,-0.014581816816037985,-0.045542894165173875,43.1258944824988,train,0,0.004762649084280722,0
2020-08-14,0.005472,-0.004766,0.010177,-0.003952,-0.007853,5.94800000000001e-4,-0.0018043499999999997,0.006553528624590979,0.006814,0.006485,13.591821858083582,0.7754706315341446,0.023533856316611212,-0.01668571043591982,-0.04931936846262841,41.10492503537572,train,0,0.007319044828391202,0
2020-08-17,-0.003957,0.005472,-0.004766,0.010177,-0.003952,0.0018520000000000008,-0.00170595,0.006475499295206681,0.006328,0.006535,13.997438704049049,1.1487783059023224,0.024602746926518287,-0.012677935424071696,-0.04709852440329976,42.80244659722179,train,0,0.007929544324865081,0
2020-08-18,0.002334,-0.003957,0.005472,-0.004766,0.010177,-3.395999999999992e-4,-0.0018752999999999999,0.006378629776231117,0.004295,0.00646,13.522736878586837,0.7237188424102612,0.024856572837537734,-0.011564358914137984,-0.047843425296834385,42.36141280141248,train,0,0.007726856670082602,0
2020-08-19,-7.81e-4,0.002334,-0.003957,0.005472,-0.004766,0.0020804000000000005,-0.0012466499999999998,0.0069841969879626585,0.004577,0.006722,13.94348415964145,1.0886129794810904,0.022963360226469682,-0.003041276003449944,-0.03851697490665973,47.791035248772324,train,0,0.003912413730678288,0
2020-08-20,0.007334,-7.81e-4,0.002334,-0.003957,0.005472,2.0040000000000067e-4,-0.0014247999999999997,0.006004149009920834,0.004763,0.006745,14.334123382624632,1.552193831648159,0.023838929281940636,-0.0055053746377686785,-0.04229226361031513,45.311317926713215,train,0,0.00651464329031145,0
2020-08-21,-0.003928,0.007334,-7.81e-4,0.002334,-0.003957,-0.001454199999999999,-0.0014145999999999998,0.006753647229460538,0.007319,0.006728,14.186890649292202,1.3449219463533728,0.02106906692970281,-0.016261171237011762,-0.05400711990969875,38.61569387255322,train,0,0.005750070069138288,0
2020-08-24,-0.01223,-0.003928,0.007334,-7.81e-4,0.002334,-0.004062199999999999,-0.0020214499999999997,0.007447145992481505,0.00793,0.006999,13.439227482099625,0.6394986627422676,0.025568233453172183,-0.024809790879444127,-0.06413475731527307,33.945617889100205,train,0,0.011177850540242519,0
2020-08-25,-0.010706,-0.01223,-0.003928,0.007334,-7.81e-4,-0.0046869999999999985,-0.0024141999999999996,0.006323353875383959,0.007727,0.006866,13.681325237289688,0.811483572577522,0.023214750757505072,-0.026252230011074018,-0.0677884865850481,32.422211938413994,train,1,0.012970553388348549,0
2020-08-26,-0.003905,-0.010706,-0.01223,-0.003928,0.007334,-0.0080822,-0.0028228499999999996,0.006693524290934734,0.003912,0.007047,13.920872773620655,1.0498758418940064,0.026724283816498225,-0.03290542396498619,-0.07677693843882949,28.976981407982848,train,1,0.01197468344049228,0
2020-08-27,-0.009642,-0.003905,-0.010706,-0.01223,-0.003928,-0.006570199999999998,-0.0020127499999999998,0.0064557999323605645,0.006515,0.006794,13.797939079802712,0.9366774965829615,0.02609072165300023,-0.02743203509474801,-0.06846234693129316,31.88351662970932,train,1,0.012697030861583348,0
2020-08-28,0.003632,-0.009642,-0.003905,-0.010706,-0.01223,-0.004799399999999999,-0.0025944499999999994,0.0064506916046093675,0.00575,0.006353,13.465658002801888,0.7052906757723049,0.024366923143291176,-0.02818204097341881,-0.0716049037853842,30.624739771489857,train,1,0.012708379491500874,0
2020-08-31,-0.003376,0.003632,-0.009642,-0.003905,-0.010706,0.0012112000000000013,-0.0017903999999999997,0.009549926890354245,0.011178,0.00795,13.91183930975707,1.0905707639014788,0.021987663401766697,-0.007556075527799244,-0.05364344549933475,44.18772761881585,train,0,0.006931694331114147,0
2020-09-01,0.019347,-0.003376,0.003632,-0.009642,-0.003905,-7.181999999999988e-4,-0.0021950999999999997,0.010280168126597497,0.01297,0.008343,13.813005422731614,0.9896350526164465,0.028501804399610448,-0.01881448141819475,-0.06527074651078213,38.41297548120803,train,1,0.01841567395725717,1
2020-09-02,-0.013552,0.019347,-0.003376,0.003632,-0.009642,0.001606000000000001,-0.0020013999999999995,0.009828830307371835,0.011975,0.008395,14.294091670198043,1.542449418848963,0.02443506450847238,-0.01485944727703059,-0.06164640276303657,39.63653546495254,train,1,0.018817280666982676,1
2020-09-03,0.001979,-0.013552,0.019347,-0.003376,0.003632,-8.551999999999987e-4,-0.0018523499999999998,0.009979277095283227,0.012697,0.00824,13.752203278537447,0.9013776268634357,0.024711598888473966,-0.02156888680433333,-0.06978699257048582,36.23102801571316,train,1,0.027199337295235704,1
2020-09-04,-0.008674,0.001979,-0.013552,0.019347,-0.003376,-8.993999999999987e-4,-0.0016395499999999996,0.009523595611835783,0.012708,0.008131,14.107511291560071,1.2442629206761762,0.024660964939309683,-0.023468422569631886,-0.07313220051631786,34.90390230361642,train,1,0.027388101107962925,1
2020-09-07,-0.003597,-0.008674,0.001979,-0.013552,0.019347,-0.004249599999999998,-0.0013121499999999998,0.009228709778608154,0.006931,0.008164,14.029366310902196,1.1479762932407929,0.02167720960111039,-0.0196247263051893,-0.07072575249664603,36.700173777970726,train,1,0.027488870971722354,1
2020-09-08,0.0025959999999999998,-0.003597,-0.008674,0.001979,-0.013552,-0.009900599999999997,-0.003911349999999999,0.015777200090989246,0.018415,0.011786,14.089135794400319,1.2058008625729648,0.02455072486468865,-0.056935006308716285,-0.10957570153038876,24.801591463293747,train,1,0.016188191365930908,1
2020-09-09,-0.041807,0.0025959999999999998,-0.003597,-0.008674,0.001979,-0.009433799999999997,-0.0034573999999999994,0.015967415921529414,0.018817,0.011925,14.526554138358017,1.7816102011548312,0.02616366579409333,-0.04957423925025306,-0.10573659377265898,27.309598209511307,train,1,0.017195028598405993,1
2020-09-10,0.004313,-0.041807,0.0025959999999999998,-0.003597,-0.008674,-8.385999999999973e-4,-0.0020158999999999997,0.020011315845735327,0.027199,0.014521,14.61707123907737,1.8437613967614401,0.0324477104530148,-0.014873983297757465,-0.07505876006627354,43.52000085850637,train,0,0.0116879339149398,0
2020-09-11,0.034302,0.004313,-0.041807,0.0025959999999999998,-0.003597,-0.0017415999999999972,-0.0022236499999999998,0.020133491220407407,0.027388,0.01458,14.106790400672102,1.0827421585912513,0.034476036961362214,-0.02058501715293437,-0.08256183380446469,41.10556031863414,train,1,0.022152959982810423,1
2020-09-14,-0.008112,0.034302,0.004313,-0.041807,0.0025959999999999998,-0.0013153999999999974,-0.0021039999999999995,0.018962739717960354,0.027489,0.014629,14.352157717822246,1.3558274650622903,0.0350892110238991,-0.013764149797843794,-0.07822532339929167,43.071382005214176,train,1,0.02224790213031332,1
2020-09-15,0.004727,-0.008112,0.034302,0.004313,-0.041807,0.010745800000000003,-0.0011399999999999995,0.019636878373780968,0.016188,0.015339,14.000743705295072,0.93709885166947,0.033490189521295045,0.0057618941206689644,-0.061173519964411116,50.12152040388616,train,1,0.018267819842553736,1
2020-09-16,0.018499,0.004727,-0.008112,0.034302,0.004313,0.009303000000000002,-0.0016517499999999994,0.0196545313587817,0.017195,0.015212,14.300833741317842,1.2414698614985904,0.035577137869604966,0.0046508725343636925,-0.06389872601871216,49.07548752602227,train,1,0.017931623930921594,1
2020-09-17,-0.002901,0.018499,0.004727,-0.008112,0.034302,3.6120000000000265e-4,-0.0019756999999999995,0.019746295838572975,0.011688,0.015331,14.555369076764865,1.5762754648820394,0.03253725866399401,-0.003689918736645925,-0.07364011167039719,45.42600165880836,train,1,0.01875464523258171,1
2020-09-18,-0.010407,-0.002901,0.018499,0.004727,-0.008112,-0.006198999999999997,-0.00340985,0.02360112499696195,0.022153,0.017525,14.237398732872698,1.143705986080557,0.04026813871843613,-0.04106838985008465,-0.11154079227134361,34.63440414977477,train,0,0.00510429007796383,0
2020-09-21,-0.040913,-0.010407,-0.002901,0.018499,0.004727,-0.0060487999999999965,-0.0026006499999999995,0.023707573555253977,0.022248,0.017544,13.753251037929768,0.6981468336666222,0.039457905008595195,-0.03317977171989506,-0.1066753536988192,36.71293210667627,train,0,0.0035387434493051343,0
2020-09-22,0.005478,-0.040913,-0.010407,-0.002901,0.018499,-0.009859599999999998,-0.0024331499999999994,0.019563399496963143,0.018268,0.017547,13.533061436377514,0.5626884917073538,0.03087362750323332,-0.031231797921174143,-0.10716925351071682,36.585751708934296,train,0,0.005124665081739489,0
2020-09-23,-5.55e-4,0.005478,-0.040913,-0.010407,-0.002901,-0.010829599999999998,-0.0023385999999999993,0.0196699221545655,0.017932,0.017511,13.653420948060358,0.6408937006464596,0.029527019693756283,-0.03637850963137601,-0.11409085654837592,34.76800490818093,train,0,0.005939235809428684,0
2020-09-24,-0.007751,-5.55e-4,0.005478,-0.040913,-0.010407,-0.008475599999999996,-0.0024520499999999995,0.015451000160363586,0.018755,0.017478,14.255038227007656,1.1451045113520346,0.028563400750017502,-0.032570992333169846,-0.11288237828522185,35.37175967922907,train,0,0.007744538475596851,0
2020-09-25,0.001363,-0.007751,-5.55e-4,0.005478,-0.040913,-0.001156799999999997,-0.002499199999999999,0.015386823745948637,0.005104,0.017482,13.83374136235852,0.7428181221135872,0.022350352785995113,-0.034219017799863916,-0.11671448037186094,34.288019378355145,train,0,0.008916872781418382,0
2020-09-28,-0.004319,0.001363,-0.007751,-5.55e-4,0.005478,-0.0030277999999999967,-0.003660399999999999,0.01510255136686808,0.003539,0.016709,13.564932858232233,0.5744907255313655,0.02380716486222984,-0.0342951423336737,-0.12014025353523683,33.30561073228405,train,0,0.008979338099214218,0
2020-09-29,-0.003877,-0.004319,0.001363,-0.007751,-5.55e-4,-0.0018767999999999968,-0.0027227999999999996,0.013330059913177017,0.005125,0.016651,13.736816856639045,0.684078091902565,0.024356497047480663,-0.026492493218459368,-0.11556555031297844,35.94493212612058,train,1,0.01196131310935384,0
2020-09-30,0.0052,-0.003877,-0.004319,0.001363,-0.007751,-0.002397999999999997,-0.0033395999999999994,0.01335415179551954,0.005939,0.016696,13.41615325915519,0.5143624229420866,0.02479159385758612,-0.03321864840735611,-0.1247254652641312,33.11881014298683,train,0,0.011047759306755375,0
2020-10-01,-0.010357,0.0052,-0.003877,-0.004319,0.001363,-9.247999999999968e-4,-0.0024694499999999993,0.014100413026259589,0.007745,0.016856,13.561969652922476,0.5988425768022118,0.023227779887411405,-0.022226135881384,-0.11708578093967059,37.530357177911185,train,0,0.010684150209539363,0
2020-10-02,0.008729,-0.010357,0.0052,-0.003877,-0.004319,-0.002227199999999997,-0.0028311499999999993,0.006872828788465166,0.008917,0.016958,14.155594834735655,1.0814761232449255,0.021491506790413336,-0.02994171331948492,-0.1266485219785416,34.46580503706393,train,0,0.009653982665200928,0
2020-10-05,-0.010831,0.008729,-0.010357,0.0052,-0.003877,-0.002442199999999997,-0.0032085499999999997,0.006441723285650268,0.008979,0.016915,13.779889597918373,0.7506623289803487,0.02496437992506595,-0.03150614824094211,-0.13097452387707842,33.14718414555027,train,0,0.009448619142499079,0
2020-10-06,-0.004952,-0.010831,0.008729,-0.010357,0.0052,-3.3539999999999655e-4,-3.3149999999999966e-4,0.008713212182911906,0.011961,0.014761,14.288193095728218,1.2340537772595286,0.027233797317310387,-0.01584226200530392,-0.11729945390793839,40.851008998744625,train,0,0.006254130099382328,0
2020-10-07,0.015734,-0.004952,-0.010831,0.008729,-0.010357,0.0036098000000000033,-7.86999999999996e-5,0.008941440245036342,0.011048,0.014887,13.79167267998418,0.7830129137982446,0.02760893577180379,-0.006439120729656134,-0.10891689175223407,44.98030252683159,train,0,0.0037153409264830597,0
2020-10-08,0.009369,0.015734,-0.004952,-0.010831,0.008729,0.0020902000000000034,-0.0017372499999999996,0.008939558341688053,0.010684,0.012514,13.806515220959286,0.8362290986496694,0.029290977371139303,-0.0034864122278404075,-0.10791145116256251,45.478574216408006,train,0,0.0034853944109669997,0
2020-10-09,0.001131,0.009369,0.015734,-0.004952,-0.010831,0.0028216000000000035,-0.0016903499999999995,0.009156454672949448,0.009654,0.012491,13.975733904626788,0.9973282323241958,0.02750799380851891,-0.00887211507287311,-0.11431193881876489,42.82007364352035,train,0,0.001950240574903517,0
2020-10-12,-0.007174,0.001131,0.009369,0.015734,-0.004952,0.0030352000000000035,-0.0021208999999999993,0.009156809503193664,0.009449,0.012406,13.14736228454515,0.4589435543840239,0.022033672631794236,-0.010527109871626084,-0.11775215714300724,41.418606175253856,train,0,9.102193691632802e-4,0
2020-10-13,-0.003884,-0.007174,0.001131,0.009369,0.015734,7.560000000000311e-5,-0.0029990499999999996,0.00900105500544859,0.006254,0.011455,13.866745350640633,0.9486965505884818,0.019989943810570333,-0.0064871516245074146,-0.112272892153928,41.910665212943776,train,0,0.004947699819107865,0
2020-10-14,9.36e-4,-0.003884,-0.007174,0.001131,0.009369,-0.001668199999999997,-0.0028215,0.008253418050184489,0.003715,0.011484,13.803263872505918,0.9166525850624011,0.018034894709473906,-0.0028920814052132426,-0.11137298835996734,42.273533500691514,train,0,0.00464455576993107,0
2020-10-15,6.5e-4,9.36e-4,-0.003884,-0.007174,0.001131,-0.0019697999999999972,-0.00232,0.007791770299489071,0.003486,0.011353,14.187019630153896,1.38700479795883,0.013948067697522026,-8.345531970201936e-4,-0.10534084618987472,42.109438065936395,train,0,0.006808484581755326,0
2020-10-16,-3.77e-4,6.5e-4,9.36e-4,-0.003884,-0.007174,-5.143999999999971e-4,-2.6919999999999993e-4,0.006797332143324075,0.00195,0.006811,14.056680257609099,1.2323693255179355,0.015874647567362454,-4.3959633244261553e-4,-0.10524859133939857,42.17559472257239,train,0,0.007716216838580938,0
2020-10-19,1.03e-4,-3.77e-4,6.5e-4,9.36e-4,-0.003884,-1.059999999999719e-5,-6.113499999999999e-4,0.006528670581877039,9.1e-4,0.006678,13.532087403432866,0.7359544592141606,0.017725314604114452,-0.001168308863499945,-0.10646919397646804,41.499850878468386,train,0,0.007732751043451483,0
2020-10-20,-0.001365,1.03e-4,-3.77e-4,6.5e-4,9.36e-4,-0.002434999999999997,-0.0011429,0.0054785773508173536,0.004948,0.007084,14.126045014238262,1.2943310525063354,0.02125554745403513,-0.011188043637102796,-0.11516484609863042,36.36199753428441,train,0,0.006811728172791395,0
2020-10-21,-0.011186,-0.001365,1.03e-4,-3.77e-4,6.5e-4,-0.0033213999999999974,-9.4445e-4,0.004059766025004123,0.004645,0.006943,13.749931495651456,0.8849725188641056,0.020599976991748266,-0.013979452655110247,-0.11748675676925646,34.81001059544387,train,0,0.007001617763060191,0
2020-10-22,-0.003782,-0.011186,-0.001365,1.03e-4,-3.77e-4,-0.0017125999999999969,-6.292499999999998e-4,0.005100970774709893,0.006808,0.007192,13.589396348611478,0.7815766589679334,0.023718602415044816,-0.0057687408505485704,-0.11072016848875965,40.34633760368826,train,0,0.004620150614428062,0
2020-10-23,0.007667,-0.003782,-0.011186,-0.001365,1.03e-4,-0.003852599999999997,-9.431499999999999e-4,0.005589998116676288,0.007716,0.007492,13.86478631849842,1.0277540354126133,0.024490439663580634,-0.015355949883148368,-0.12014429696143902,35.78774029366414,train,0,0.006981901553301937,0
2020-10-26,-0.010597,0.007667,-0.003782,-0.011186,-0.001365,-0.0038127999999999973,-8.076e-4,0.0055641467759616516,0.007733,0.007461,13.764818135648516,0.9222107597221816,0.023456281892268012,-0.01568803477295544,-0.11634645308760772,35.3204905719017,train,0,0.007062436774938236,0
2020-10-27,-0.001166,-0.010597,0.007667,-0.003782,-0.011186,-0.002817199999999997,-0.0013779999999999999,0.005616272873435628,0.006812,0.007413,14.200126491336478,1.388530767055379,0.0259422697670314,-0.020434905610311804,-0.12016572110542856,32.85958787717159,train,0,0.008287071979897363,0
2020-10-28,-0.006208,-0.001166,-0.010597,0.007667,-0.003782,-0.0018125999999999971,-7.980999999999998e-4,0.0056575357022490115,0.007001,0.007122,13.900665713239837,1.0092598861863875,0.02825046444175844,-0.018419485211239484,-0.11211010168511937,33.84650273334101,train,0,0.008559665922219161,0
2020-10-29,0.001241,-0.006208,-0.001166,-0.010597,0.007667,-0.0038977999999999977,-0.0013725,0.0056049855148985195,0.00462,0.006768,13.866924895025864,0.9634200033292728,0.025895921658792415,-0.01976948761050379,-0.11455921397222169,32.695956004468584,train,0,0.009073822165989369,0
2020-10-30,-0.002759,0.001241,-0.006208,-0.001166,-0.010597,6.554000000000028e-4,-2.2249999999999996e-4,0.007332977009525001,0.006982,0.007025,14.040672071821797,1.1542902268220268,0.026310558789719513,-0.00759789362948915,-0.10378384236097316,42.032446797713035,train,0,0.0068346930947921864,0
2020-11-02,0.012169,-0.002759,0.001241,-0.006208,-0.001166,0.0017692000000000027,2.4524999999999997e-4,0.007576209970104519,0.007062,0.007005,14.088728020520497,1.1919372774191916,0.024330511302873524,-0.0034499899423615643,-0.09983925442953379,45.03822763214542,train,0,0.006498554200743424,0
2020-11-03,0.004403,0.012169,-0.002759,0.001241,-0.006208,9.820000000000026e-4,-0.0010486500000000001,0.007426571007762151,0.008287,0.006353,14.011411167361146,1.1230069183587505,0.018539839080252706,-0.012507591306857746,-0.10897104773601607,39.88245938087717,train,0,0.005022455843509229,0
2020-11-04,-0.010144,0.004403,0.012169,-0.002759,0.001241,0.0018778000000000028,-0.0012311000000000002,0.007624592946511965,0.00856,0.006085,14.170376166041633,1.2897337845928987,0.01649910873378151,-0.005609303250301512,-0.10387414886123503,43.752787025214,train,0,0.005641951373416825,0
2020-11-05,0.00572,-0.010144,0.004403,0.012169,-0.002759,0.0012602000000000028,-0.0015800000000000002,0.007312337911593893,0.009074,0.006142,13.967680420124054,1.044912345662006,0.01769869754332034,-0.009834686057678232,-0.10911553813643493,40.84094762045102,train,0,0.005641721926858855,0
2020-11-06,-0.005847,0.00572,-0.010144,0.004403,0.012169,-0.002026799999999997,-0.0014346,0.006665211575369865,0.006835,0.006036,13.857422837907311,0.9413591705049947,0.018074668022567134,-0.012623054730594663,-0.11291563566745522,38.82355685621345,train,0,0.005697016965044074,0
2020-11-09,-0.004266,-0.005847,0.00572,-0.010144,0.004403,-0.002335199999999997,-0.0010973500000000002,0.006754028657853852,0.006499,0.00608,14.125302887203684,1.1850447114347251,0.021376142887713827,-0.008689299432151354,-0.11037621688009103,40.923620040885226,train,0,0.005526963587721562,0
2020-11-10,0.002861,-0.004266,-0.005847,0.00572,-0.010144,-0.001023199999999997,-0.0013233500000000003,0.006546029894354118,0.005022,0.006085,13.792786306878718,0.8525963653109738,0.023498727341969672,-0.010914777673878717,-0.11356584246934087,39.10768500071818,train,0,0.005567777896073082,0
2020-11-11,-0.003584,0.002861,-0.004266,-0.005847,0.00572,-6.68599999999997e-4,-9.812000000000002e-4,0.006965058557622549,0.005642,0.006387,13.823821922683539,0.8786858812086221,0.022847293713755372,-0.0024974380078595093,-0.10340238188490947,44.61943321721978,train,0,0.006302150466309099,0
2020-11-12,0.007493,-0.003584,0.002861,-0.004266,-0.005847,-6.68399999999997e-4,-0.0012546500000000002,0.007195305915047053,0.005642,0.006476,14.245904348357142,1.3349986132312925,0.023523048094530225,-0.0070593643885578095,-0.09760807709958697,41.44293485907415,train,0,0.006615187503011536,0
2020-11-13,-0.005846,0.007493,-0.003584,0.002861,-0.004266,-7.355999999999971e-4,-0.0014899000000000002,0.00597070739899758,0.005697,0.006509,14.220990999288217,1.289429726641651,0.022031850057535243,-0.010127202485990305,-0.09729622031672014,39.098370091706535,train,0,0.00829110917187803,0
2020-11-16,-0.004602,-0.005846,0.007493,-0.003584,0.002861,-0.002287999999999997,-0.0016667000000000001,0.005687410095992727,0.005527,0.006553,13.813466470239701,0.8489208957445115,0.02001844484004625,-0.01330899490927595,-0.10172011747863685,36.7262863915384,train,0,0.008677245559507924,0
2020-11-17,-0.004901,-0.004602,-0.005846,0.007493,-0.003584,-0.002406199999999997,-0.00131615,0.005051760706262059,0.005568,0.006195,13.702122350885885,0.7750080805602013,0.019459389826886823,-0.01611835003417017,-0.10546880765087019,34.799626119374466,train,0,0.010088769657396288,0
2020-11-18,-0.004175,-0.004901,-0.004602,-0.005846,0.007493,-0.002075999999999997,-6.698500000000002e-4,0.005687674784615903,0.006302,0.006586,14.181303704455216,1.2245974144398841,0.02242550901006378,-0.0064352667154393695,-0.09728884100535751,41.955253440504066,train,0,0.010484491179833192,0
2020-11-19,0.009144,-0.004175,-0.004901,-0.004602,-0.005846,1.692000000000029e-4,-7.842000000000002e-4,0.00581294400836998,0.006615,0.006452,14.015614729345595,1.0192625459877214,0.023038512937170227,-2.812491363375358e-4,-0.09243325412872472,45.76054406881318,train,1,0.012547082023323192,0
2020-11-20,0.00538,0.009144,-0.004175,-0.004901,-0.004602,0.0038956000000000034,4.4715e-4,0.007136868345274262,0.008291,0.006821,13.894405838364076,0.9017245030817926,0.025053350028383013,0.01330993303900141,-0.07970025237244871,54.23368798142914,train,0,0.011394146756120004,0
2020-11-23,0.01403,0.00538,0.009144,-0.004175,-0.004901,0.008574000000000003,0.00143,0.008933863653413218,0.008677,0.007906,13.735042093002297,0.7697824248625262,0.03150199508235671,0.030578743398107733,-0.05216048115991778,62.634623378253345,train,0,0.003878559719792903,0
2020-11-24,0.018491,0.01403,0.00538,0.009144,-0.004175,0.007829800000000003,0.0013456000000000002,0.009387183553476872,0.010089,0.008,13.89843434211755,0.9211182314066031,0.032216982693853743,0.02108652473936834,-0.05964502516612635,57.67555787026258,train,0,0.0039145615591021175,0
2020-11-25,-0.007896,0.018491,0.01403,0.00538,0.009144,0.0061836000000000035,0.0013292,0.009244332219137182,0.010484,0.008001,13.810082854596216,0.8466118611821004,0.032427428379778765,0.020685692783576126,-0.058783145970994655,58.087085473809694,train,0,0.0018085428388622702,0
2020-11-26,9.13e-4,-0.007896,0.018491,0.01403,0.00538,0.0032956000000000036,0.0010141500000000001,0.009598586900627034,0.012547,0.008289,13.649425276586891,0.7273310591875445,0.03388951272668265,0.010443447879872947,-0.06731239203190809,52.63308143693529,train,0,0.003009149514397714,0
2020-11-27,-0.00906,9.13e-4,-0.007896,0.018491,0.01403,-6.845999999999971e-4,1.1215000000000002e-4,0.00969949521309686,0.011394,0.007987,13.847770563039271,0.8953428967908268,0.029795664007397128,0.0044310220855916516,-0.07278588458280943,49.42586188217451,train,0,0.0034873380535875784,0
2020-11-30,-0.005871,-0.00906,9.13e-4,-0.007896,0.018491,-0.005320999999999998,-3.4254999999999995e-4,0.009684058070985645,0.003879,0.007989,13.881866489111342,0.9363643146589344,0.022989442942924217,9.238962219915159e-5,-0.07713632242490276,46.97569198067597,train,0,0.006989445779173052,0
2020-12-01,-0.004691,-0.005871,-0.00906,9.13e-4,-0.007896,-0.005363199999999997,-2.4069999999999994e-4,0.010019793655559979,0.003915,0.00787,13.721661310478456,0.808593317892181,0.021085280975182127,-0.007748050348677316,-0.08461713535234439,43.02591500200608,train,0,0.0068359552587769325,0
2020-12-02,-0.008107,-0.004691,-0.005871,-0.00906,9.13e-4,-0.007158799999999997,-9.299499999999999e-4,0.009987940641927477,0.001809,0.007924,14.041466949531499,1.1219125267467833,0.01893873307641094,-0.014811967540260373,-0.09200094023184924,39.49596750834329,train,1,0.013004426965460647,0
2020-12-03,-0.008065,-0.008107,-0.004691,-0.005871,-0.00906,-0.005507599999999997,-6.777999999999999e-4,0.009773420975050424,0.003009,0.007839,14.137717962500279,1.2234496669127743,0.01605121956864646,-0.014914924931141327,-0.09273223167014277,39.15335589250936,train,1,0.013207533770541721,0
2020-12-04,-8.04e-4,-0.008065,-0.008107,-0.004691,-0.005871,-0.006210199999999997,-9.336999999999998e-4,0.00846091055252198,0.003487,0.008043,14.057984468210769,1.1182091708124662,0.01973799766671131,-0.023231022166191773,-0.1012465534159892,35.31254761419001,train,0,0.011693077494825732,0
2020-12-07,-0.009384,-8.04e-4,-0.008065,-0.008107,-0.004691,-0.003854599999999997,-7.223999999999999e-4,0.005384732878962315,0.006989,0.008202,13.746447684027208,0.8346283274768879,0.025020316911977113,-0.015572930954162456,-0.09487760196105499,40.05000536574126,train,1,0.013031499579864169,0
2020-12-08,0.007087,-0.009384,-8.04e-4,-0.008065,-0.008107,-0.0036315999999999974,-8.927999999999998e-4,0.00533033668313321,0.006836,0.008299,14.004465895829586,1.0692925871821422,0.02679372837906046,-0.021561519480915114,-0.09858891412620063,37.139686676435225,train,1,0.01331316265205229,0
2020-12-09,-0.006992,0.007087,-0.009384,-8.04e-4,-0.008065,0.0025468000000000027,-1.2609999999999984e-4,0.01013815932230523,0.013004,0.009704,13.835000391247467,0.9021542530261151,0.03037174735240905,9.449123417086813e-4,-0.06831656961355215,49.86156642986862,train,0,0.009621775215624193,0
2020-12-10,0.022827,-0.006992,0.007087,-0.009384,-8.04e-4,0.002055400000000003,3.1500000000001363e-6,0.0098712440896666,0.013207,0.009641,13.506573524089482,0.6735461188056986,0.02936108570707463,-0.002276859538546394,-0.03701147712613073,48.323587374323246,train,0,0.00913378148961316,0
2020-12-11,-0.003261,0.022827,-0.006992,0.007087,-0.009384,0.004117400000000002,2.795500000000001e-4,0.009787785224451956,0.011693,0.009581,13.983692621604508,1.101376860708434,0.026926069584989692,-0.001589710180481152,-0.03612138227417272,48.804330107887644,train,0,0.011098005194628446,0
2020-12-14,9.26e-4,-0.003261,0.022827,-0.006992,0.007087,6.974000000000024e-4,2.3950000000000165e-5,0.010146105407166503,0.013031,0.009792,13.85204304569056,0.9637593236862747,0.024802651355584796,-0.011564632067204816,-0.045243401023194574,44.02278432753498,train,0,0.009227124237811041,0
2020-12-15,-0.010013,9.26e-4,-0.003261,0.022827,-0.006992,0.004895600000000002,9.326500000000001e-4,0.010942603722251035,0.013313,0.010216,14.463897269217455,1.696650808838823,0.026788883285747335,0.0013911253668543733,-0.030953016760654206,51.15533421397509,train,0,0.008309509835122648,0
2020-12-16,0.013999,-0.010013,9.26e-4,-0.003261,0.022827,0.002191400000000002,9.407500000000001e-4,0.010786259205839416,0.009622,0.010223,14.179827924057784,1.2772140210147978,0.029236447148507556,0.009811297192680035,-0.021932580386735956,55.29260481501249,train,0,0.009202265058125636,0
2020-12-17,0.009306,0.013999,-0.010013,9.26e-4,-0.003261,0.003388600000000002,8.080000000000002e-4,0.01072848340737041,0.009134,0.010179,13.993297683077424,1.0611440238179584,0.03294380219396236,0.011792660656390286,-0.019266112690658255,56.466459233107145,train,0,0.009723346455824764,0
2020-12-18,0.002725,0.009306,0.013999,-0.010013,9.26e-4,0.0011186000000000024,-4.146999999999999e-4,0.010863072646969334,0.011098,0.009974,13.877802494920346,0.9461483637032172,0.036358065642604416,0.0017080603098504898,-0.029492153751904615,50.94226418103993,train,0,0.007673523942752769,0
2020-12-21,-0.010424,0.002725,0.009306,0.013999,-0.010013,0.003528200000000002,-0.0012374999999999999,0.010749019508773812,0.009227,0.00896,13.856440386670215,0.9212739287443305,0.03304490399363514,0.00505088425986977,-0.027516847049213866,51.92073517423498,train,1,0.01246591121819821,0
2020-12-22,0.002035,-0.010424,0.002725,0.009306,0.013999,-9.957999999999979e-4,-0.00127375,0.010913419358752782,0.00831,0.00899,13.564587196064085,0.6975912685839618,0.030791749347875364,-0.00229186524994629,-0.03590110114512812,47.582598885814484,train,1,0.012318371389920016,0
2020-12-23,-0.008621,0.002035,-0.010424,0.002725,0.009306,-4.471999999999977e-4,-7.169499999999999e-4,0.00898422374622439,0.009202,0.009465,13.380762869461797,0.589629105726427,0.027729617449440407,0.010510389902216755,-0.024284883994910578,53.39290919905224,train,0,0.010860708554233467,0
2020-12-24,0.012049,-0.008621,0.002035,-0.010424,0.002725,3.7260000000000233e-4,7.725000000000017e-5,0.00903461468402991,0.009723,0.009394,13.597370717184614,0.7336703052110372,0.025247921801976065,0.017371356853711717,-0.017624605331364562,56.37854192620446,train,0,0.011628099745874216,0
2020-12-25,0.006824,0.012049,-0.008621,0.002035,-0.010424,0.0026802000000000024,4.265000000000001e-4,0.009032602937261342,0.007674,0.00929,13.803580679098145,0.9035294844842554,0.02225892935318909,0.018103852007961718,-0.01653288512590123,56.86630029454897,train,1,0.012676626443971597,0
2020-12-28,0.001114,0.006824,0.012049,-0.008621,0.002035,-0.0015549999999999971,-2.959999999999997e-4,0.010680992267679169,0.012466,0.010224,13.289124496080227,0.5522177102730352,0.027814862468845715,-0.0010353987627268468,-0.03535524104239651,47.089887690548466,train,0,0.01030570960681505,0
2020-12-29,-0.019141,0.001114,0.006824,0.012049,-0.008621,-0.0013341999999999972,-2.664999999999997e-4,0.009907613211846512,0.012318,0.010201,13.679429632326459,0.817302037627066,0.026516282543123826,-0.008234944265744226,-0.04260850442185948,43.953955507130914,train,0,0.009128790703044955,0
2020-12-30,-0.007517,-0.019141,0.001114,0.006824,0.012049,-0.002573599999999997,4.293500000000002e-4,0.009555979119553021,0.010861,0.010116,13.753606430429407,0.8933472420723134,0.027047031777837894,-0.002807109718016121,-0.03700460250388782,46.896377232906495,train,0,0.009397692253952563,0
2020-12-31,0.005852,-0.007517,-0.019141,0.001114,0.006824,-0.0019277999999999973,9.722000000000001e-4,0.010177613125548313,0.011628,0.010335,13.761652925839769,0.9194662718012114,0.028899777517649033,0.006291812274731967,-0.02500797121701781,51.62127091312129,train,0,0.010955250645238565,0
2021-01-01,0.010053,0.005852,-0.007517,-0.019141,0.001114,-3.0599999999999735e-4,0.00190255,0.010003403792376539,0.012677,0.01019,13.650079156039071,0.8397864288060514,0.027569362704435173,0.01369997449224769,-0.016017225701565496,55.56625009789568,train,0,0.00951057167051487,0
2021-01-04,0.009223,0.010053,0.005852,-0.007517,-0.019141,0.0010450000000000023,9.289000000000001e-4,0.010869561843361795,0.010306,0.010591,13.730131302884226,0.9104585164378317,0.025899518781940162,2.759253324169375e-4,-0.02820433083109286,49.65544456580271,train,0,0.007946101830457498,0
2021-01-05,-0.012386,0.009223,0.010053,0.005852,-0.007517,0.0031008000000000025,0.0014166,0.01048534128146952,0.009129,0.01043,14.246483555990013,1.5012209980344908,0.027264675635183568,0.001687309570727491,-0.025519703667547078,50.89461991302167,train,0,0.007853796897042856,0
2021-01-06,0.002762,-0.012386,0.009223,0.010053,0.005852,0.003625200000000003,6.9895e-4,0.01011681352776434,0.009398,0.009314,13.981046182658096,1.1423073257569307,0.027080523627859045,0.009510434709296023,-0.01726112919669809,54.596917989420426,train,0,0.007830540453889501,0
2021-01-07,0.008474,0.002762,-0.012386,0.009223,0.010053,-9.687999999999971e-4,2.161500000000001e-4,0.010662603830939024,0.010955,0.009769,13.675434366217953,0.8360408978082794,0.02542431156988899,-0.003699301377838027,-0.02995603037328909,48.53876861517727,train,0,0.006600434281166657,0
2021-01-08,-0.012917,0.008474,0.002762,-0.012386,0.009223,-0.002755999999999997,1.8420000000000009e-4,0.010643712677236057,0.009511,0.009768,13.798423400440575,0.9546408247143966,0.02763612149012205,-0.003549828471107963,-0.029676545727230774,48.67379676051475,train,0,0.006358397180107578,0
2021-01-11,2.87e-4,-0.012917,0.008474,0.002762,-0.012386,2.2940000000000292e-4,8.119000000000002e-4,0.008686232705967658,0.007946,0.009477,13.808431560883974,0.9663197360956982,0.025794828447581335,-0.0017799247192624712,-0.02721235715775916,49.921457409535606,train,0,0.0056720240038279105,0
2021-01-12,0.002541,2.87e-4,-0.012917,0.008474,0.002762,-7.341999999999971e-4,9.150000000000055e-6,0.008278726714363211,0.007854,0.008967,13.623521622282468,0.8480457896801928,0.022418283570507555,-0.0038029249135915766,-0.02921205011828898,48.88299868277267,train,0,0.005533244681016737,0
2021-01-13,-0.002056,0.002541,2.87e-4,-0.012917,0.008474,-0.005322399999999998,-0.0011795,0.009420337328237126,0.00783,0.009242,13.62322714625075,0.8754326575714961,0.019781876295284686,-0.017022636183111506,-0.04325713768358397,42.23725632301508,train,0,0.001235645661182849,0
2021-01-14,-0.014467,-0.002056,0.002541,2.87e-4,-0.012917,-0.003190199999999998,-0.0014285500000000002,0.008606648221643028,0.0066,0.009198,14.068141452656224,1.3592922686166136,0.02156065072435183,-0.01780174096749565,-0.04541428678273807,41.30836676319271,train,0,0.0017032973316482359,0
2021-01-15,-0.002256,-0.014467,-0.002056,0.002541,2.87e-4,-0.0037011999999999974,-0.0010207500000000002,0.007643110626207398,0.006358,0.008956,13.710564400892515,0.9589439542010652,0.022616095379627506,-0.018999903096885595,-0.04757930868882332,40.34925176481899,train,0,0.0031497184001113496,0
2021-01-18,-0.002268,-0.002256,-0.014467,-0.002056,0.002541,-0.004376399999999997,-0.00116425,0.006946486294043438,0.005672,0.008927,13.541835264313388,0.8223707898286164,0.022320352159205643,-0.01864772294811623,-0.04837446218887642,39.98207821703367,train,0,0.0031971825096481434,0
2021-01-19,-8.35e-4,-0.002268,-0.002256,-0.014467,-0.002056,-0.004796799999999998,-9.411e-4,0.0067532501352229575,0.005533,0.008785,13.804724598070388,1.057568844142781,0.026897362370633837,-0.021782899150325274,-0.05233054767181422,38.12330739372758,train,0,0.0029401863376323618,0
2021-01-20,-0.004158,-8.35e-4,-0.002268,-0.002256,-0.014467,-0.002542199999999997,-0.00170325,0.005484326314345475,0.001236,0.008244,13.84501207701177,1.0789845712605635,0.028750982458007723,-0.02322395196711835,-0.055357641936867874,36.716711887909696,train,0,0.0027034052045522144,0
2021-01-21,-0.003194,-0.004158,-8.35e-4,-0.002268,-0.002256,-0.0020845999999999972,-0.00204285,0.004581650556537701,0.001703,0.008011,13.322333281915306,0.6463074334144318,0.028391182304536328,-0.02116504624691684,-0.05532615070914293,36.742859771287094,train,0,0.007236061843295703,0
2021-01-22,3.2e-5,-0.003194,-0.004158,-8.35e-4,-0.002268,-8.529999999999972e-4,-0.0019040500000000002,0.004962978170637286,0.00315,0.008092,13.805323849176043,1.0475136016762503,0.02488103816479174,-0.015448681993769808,-0.05165348627572919,39.86362493151897,train,0,0.007302604069782231,0
2021-01-25,0.00389,3.2e-5,-0.003194,-0.004158,-8.35e-4,-0.0011029999999999972,-0.00105125,0.004670988452375174,0.003197,0.007005,14.032504841224402,1.2708727965110194,0.02708634777452572,-0.016449912543551548,-0.053629560815465216,38.755740819089496,train,0,0.007454247996947781,0
2021-01-26,-0.002085,0.00389,3.2e-5,-0.003194,-0.004158,-8.567999999999972e-4,-8.217500000000001e-4,0.004664939794776444,0.00294,0.006856,13.928317678708696,1.1308620199347699,0.026049281667394612,-0.018510284082580597,-0.05640078885525446,37.194569002684275,train,0,0.007571459813008321,0
2021-01-27,-0.002927,-0.002085,0.00389,3.2e-5,-0.003194,-1.9999999999724015e-7,-0.0010599000000000003,0.0023920072835266295,0.002703,0.006693,14.372958855731971,1.695037150414137,0.022937354536155318,-0.016384640119752825,-0.0553733875507304,38.18868074592777,train,0,0.00876582781601373,0
2021-01-28,0.001089,-0.002927,-0.002085,0.00389,3.2e-5,-0.0030099999999999975,-0.0023134,0.004979827798227566,0.007236,0.006848,14.128287844878244,1.3006585310561185,0.02291897377829107,-0.028904479373648928,-0.06956018564078748,30.91253237520459,train,0,0.00887293014172883,0
2021-01-29,-0.015017,0.001089,-0.002927,-0.002085,0.00389,-0.0029547999999999974,-0.00256625,0.005416424783317252,0.007303,0.006483,14.177743825760437,1.3293569858577903,0.02576550588795206,-0.02232377129873775,-0.06568282822716187,34.58117783160914,train,0,0.010523273136244255,0
2021-02-01,0.0041660000000000004,-0.015017,0.001089,-0.002927,-0.002085,-0.0024687999999999976,-0.0019297000000000001,0.005455014827355346,0.007454,0.006081,14.51553155959236,1.7736362297233652,0.0215685476587265,-0.020081043942721588,-0.06536004314298194,34.89114012427676,train,0,0.010809115944423948,0
2021-02-02,3.45e-4,0.0041660000000000004,-0.015017,0.001089,-0.002927,-0.0017497999999999975,-0.0020344000000000004,0.005435280020385335,0.007572,0.006013,14.005049341144417,1.0802486527747994,0.02152947131132393,-0.01740490329816613,-0.06473415499195001,35.52901922932428,train,0,0.010770781656871519,0
2021-02-03,6.68e-4,3.45e-4,0.0041660000000000004,-0.015017,0.001089,-3.6039999999999743e-4,-0.0020563000000000005,0.006118432153020176,0.008766,0.005974,13.856277190952108,0.9367148723829191,0.022071541723276227,-0.007426594003191012,-0.05721956077610113,42.77767198838325,train,0,0.009276047110703999,0
2021-02-04,0.008036,6.68e-4,3.45e-4,0.0041660000000000004,-0.015017,-4.115999999999973e-4,-0.0021741000000000004,0.00775483453222712,0.008873,0.006217,14.058945244686125,1.1265794657834594,0.023581873994296614,-0.02043811870290546,-0.07161892465330133,34.72172246722015,train,0,0.007391101961142195,0
2021-02-05,-0.015273,0.008036,6.68e-4,3.45e-4,0.0041660000000000004,-0.0043329999999999974,-0.0029605000000000005,0.00857008882943721,0.010523,0.006852,13.6757012144657,0.7717983523647312,0.024147574217517294,-0.032692851246787336,-0.08595530607505131,28.888533902105394,train,0,0.0032917394793634566,0
2021-02-08,-0.015441,-0.015273,0.008036,6.68e-4,3.45e-4,-0.003893999999999997,-0.00296055,0.00878565238455416,0.010809,0.006852,13.84243190459299,0.9104428173213207,0.025568088501851084,-0.02733122665660548,-0.08363282803034178,30.913395555603728,train,0,0.004412419608332825,0
2021-02-09,0.00254,-0.015441,-0.015273,0.008036,6.68e-4,-0.003968999999999997,-0.0028431000000000003,0.008854748170081155,0.010771,0.006888,13.653578515038408,0.7529225691040761,0.02339433010161472,-0.024238779952775236,-0.08336121619121473,31.16027028802823,train,0,0.004285486880157259,0
2021-02-10,2.93e-4,0.00254,-0.015441,-0.015273,0.008036,-0.005233999999999997,-0.0020342000000000003,0.008887688685917041,0.009276,0.006383,13.915006510640136,0.9659314117814594,0.023574326210901768,-0.020562066200027873,-0.08179452761190209,32.65514865683129,train,0,0.004830274547062517,0
2021-02-11,0.001711,2.93e-4,0.00254,-0.015441,-0.015273,-0.0028487999999999973,-0.0020887500000000003,0.00780511918622074,0.007391,0.006389,13.652532699645363,0.7574414559964546,0.024065261719682245,-0.021782968944379033,-0.08486885871854322,31.222350730497666,train,0,0.009830206289798806,0
2021-02-12,-0.003347,0.001711,2.93e-4,0.00254,-0.015441,0.0013724000000000028,-0.0016921000000000002,0.007942000014689834,0.003292,0.00662,13.64377754416437,0.7527908188201459,0.024493326766169714,-0.014550383027384206,-0.07968461535433524,36.29815335354131,train,0,0.011573705694374641,0
2021-02-15,0.005665,-0.003347,0.001711,2.93e-4,0.00254,0.0024266000000000027,-0.0012598000000000004,0.008466277537645717,0.004412,0.006953,13.91887818914633,0.9759788753939036,0.025242608167145165,-0.005569514688532173,-0.06597057051343036,42.62096598031965,train,1,0.014801887328986126,1
2021-02-16,0.007811,0.005665,-0.003347,0.001711,2.93e-4,0.003212400000000003,-8.408000000000003e-4,0.008605113506256356,0.004285,0.007021,13.781082660896605,0.8512136047855403,0.02700895475224574,-4.995031369430247e-4,-0.06202628991849801,45.77910994132507,train,1,0.015150658352032099,1
2021-02-17,0.004222,0.007811,0.005665,-0.003347,0.001711,0.002522800000000003,-7.679500000000002e-4,0.008082397020686376,0.00483,0.007003,13.333628660588062,0.5542076444528513,0.02842173040533123,-0.0014405186289813132,-0.05681337198623193,44.685042017210556,train,1,0.017956052121777772,1
2021-02-18,-0.001737,0.004222,0.007811,0.005665,-0.003347,-1.1019999999999728e-4,-0.0015951500000000005,0.008325297462153129,0.00983,0.007831,13.451621080321443,0.6212648085732412,0.030052656173534663,-0.016331315446100003,-0.07238633731841526,35.914048756116586,train,1,0.014363243742274932,1
2021-02-19,-0.016512,-0.001737,0.004222,0.007811,0.005665,0.0015360000000000029,-0.00109485,0.00802227289488459,0.011574,0.008492,14.059321460632242,1.126358184767853,0.029719935456558415,-0.0015248393662059545,-0.059496713705008086,45.456935025021174,train,1,0.01452704459964242,1
2021-02-22,0.013896,-0.016512,-0.001737,0.004222,0.007811,0.004382000000000003,1.1144999999999988e-4,0.010348484774218021,0.014802,0.009935,14.1253953164422,1.1969068629992357,0.03455263388542885,0.02041780896679568,-0.03876470447303482,56.64063826770598,train,1,0.016049457311697487,1
2021-02-23,0.022041,0.013896,-0.016512,-0.001737,0.004222,0.005868000000000003,8.403999999999998e-4,0.010589627596012157,0.015151,0.010231,14.449744432820713,1.6016104977777128,0.03607620579446593,0.03147285951624368,-0.027564148637964525,61.26196379716543,train,1,0.019734757125437343,1
2021-02-24,0.011652,0.022041,0.013896,-0.016512,-0.001737,0.003058600000000003,-3.2500000000001713e-6,0.012399476441007947,0.017956,0.010884,14.400873176126495,1.522024401067613,0.040559442411242166,0.015252916310158238,-0.04291350216024992,52.935412209522354,train,1,0.017196442428595516,1
2021-02-25,-0.015784,0.011652,0.022041,0.013896,-0.016512,0.008796600000000003,0.0013564999999999998,0.012516969022535412,0.014363,0.010605,14.612458588535665,1.8151596198876876,0.04276944560056387,0.02626123159300464,-0.03125773656931574,57.6433553745967,train,1,0.017301731956656824,1
2021-02-26,0.012178,-0.015784,0.011652,0.022041,0.013896,0.009125400000000002,0.0019251999999999997,0.013012559036476174,0.014527,0.011058,14.534339130403874,1.6375299506485372,0.04552397438885675,0.04022372055112755,-0.016203870081538452,62.81675658416233,train,1,0.016819481897490184,1
2021-03-01,0.01554,0.012178,-0.015784,0.011652,0.022041,0.010339000000000003,0.0033133999999999998,0.014890110127568268,0.016049,0.012499,14.614114449555123,1.758874161493436,0.0455763013479228,0.06589166451181794,0,70.05243475112891,train,1,0.013435129091303887,0
2021-03-02,0.028109,0.01554,0.012178,-0.015784,0.011652,0.004864600000000002,0.0024939999999999997,0.016594943601055782,0.019735,0.013199,14.498237637346248,1.5200761117862676,0.04783012757841433,0.04655360439510625,-0.015720427475612087,62.51873488236808,train,1,0.012823754937614801,0
2021-03-03,-0.01572,0.028109,0.01554,0.012178,-0.015784,0.007216200000000002,0.0018908999999999996,0.016719130275093724,0.017196,0.013208,14.39855823379697,1.337353153940882,0.042812442896985756,0.04041890608027621,-0.01968014338672186,60.746621242774026,train,1,0.013422565503658382,0
2021-03-04,-0.004026,-0.01572,0.028109,0.01554,0.012178,0.007480800000000003,0.0033296,0.015007180215187366,0.017302,0.012801,14.620976539069222,1.6125702622710427,0.03775287143434487,0.05097961917711635,-0.006446875456472934,64.3803977513193,train,1,0.011960618809242271,0
2021-03-05,0.013501,-0.004026,-0.01572,0.028109,0.01554,0.004589400000000002,0.004155799999999999,0.015007991295010506,0.016819,0.012036,14.57599156789488,1.4741894784890328,0.03534550414391409,0.04780132694357553,-0.005369106320148864,64.66727861349642,train,1,0.012089583379918433,0
2021-03-08,0.001083,0.013501,-0.004026,-0.01572,0.028109,-0.005044799999999997,0.0030256999999999997,0.016138306227041852,0.013435,0.0132,14.440162600290376,1.2507430823482746,0.03526085072260761,0.023777746769205077,-0.025325600767466372,55.71865338715234,train,0,0.005780066158790918,0
2021-03-09,-0.020062,0.001083,0.013501,-0.004026,-0.01572,-3.98199999999997e-4,0.0033866999999999994,0.015933472724634346,0.012824,0.01322,14.6639065294924,1.490244354389992,0.033483522315674655,0.02808520417167637,-0.01800229766167538,58.01467860850479,train,1,0.011926955194013265,0
2021-03-10,0.007513,-0.020062,0.001083,0.013501,-0.004026,0.002500200000000003,0.003824449999999999,0.014754032321143036,0.013422,0.013306,13.759691247125556,0.6064133383618234,0.03506198735987269,0.03497589665394418,-0.007725986079802349,61.06542568141479,train,1,0.015694409329439576,1
2021-03-11,0.010466,0.007513,-0.020062,0.001083,0.013501,1.2660000000000291e-4,0.004073449999999999,0.014548142180361039,0.011961,0.013211,14.273522574357631,0.9905068966635282,0.03412482789738319,0.03257033335671178,-0.006103410566875023,61.54061145893918,train,1,0.016731664134209723,1
2021-03-12,0.001633,0.010466,0.007513,-0.020062,0.001083,7.106000000000029e-4,0.003990349999999999,0.013959563484101739,0.01209,0.013206,14.269690906800259,0.9645794288545331,0.03202134523424109,0.032687842998665007,-0.002123955294294211,62.74164483044409,train,1,0.016583629509247966,1
2021-03-15,0.004003,0.001633,0.010466,0.007513,-0.020062,0.003801600000000003,0.0033694499999999995,0.010807890206284995,0.00578,0.013309,14.634309291598347,1.3413563268347568,0.026350817781045956,0.024584314165459142,-0.006723226517068692,60.3941863956606,train,1,0.01790790179501775,1
2021-03-16,-0.004607,0.004003,0.001633,0.010466,0.007513,0.007630800000000003,0.004491299999999999,0.012418471484490799,0.011927,0.014293,14.738987407733088,1.4240229469685017,0.028556809333003065,0.047276354119576425,0,67.85250540451293,train,1,0.01633151919755171,1
2021-03-17,0.026659,-0.004607,0.004003,0.001633,0.010466,0.002305200000000003,0.0037700499999999996,0.013767974345075845,0.015695,0.014972,13.98359372832169,0.6585141538086027,0.030190839655485847,0.026618742090980474,-0.01616300047230801,60.24797221800966,train,1,0.017593942187582635,1
2021-03-18,-0.016162,0.026659,-0.004607,0.004003,0.001633,-1.2579999999999674e-4,0.00406955,0.01371203531533116,0.016732,0.0146,14.698930517072414,1.2849199458255143,0.0310043060463041,0.01190224680713392,-0.02651506352930233,55.924816808962056,train,1,0.021590377944816067,1
2021-03-19,-0.010522,-0.016162,0.026659,-0.004607,0.004003,-8.767999999999967e-4,0.00338715,0.013707251823193607,0.016584,0.014435,14.053277070726573,0.6738466046745477,0.029474721872201175,0.008906790673271159,-0.026275038133066975,56.00364654382996,train,1,0.02165635118850819,1
2021-03-22,2.48e-4,-0.010522,-0.016162,0.026659,-0.004607,0.0032188000000000034,0.0030786499999999996,0.012548827238697114,0.017908,0.014077,14.060834300086084,0.6804989645969993,0.034435519164426685,0.021889490309065396,-0.010820499717389409,60.85791133591229,train,1,0.013731125074078964,0
2021-03-23,0.015871,2.48e-4,-0.010522,-0.016162,0.026659,-0.007493599999999996,0.0011508999999999994,0.01566223982279248,0.016332,0.015417,14.28756707858583,0.8601465677545254,0.03592044174919306,-0.006616642648159199,-0.03743234768065784,50.52116585543441,train,1,0.014583935213103492,1
2021-03-24,-0.026903,0.015871,2.48e-4,-0.010522,-0.016162,-0.008968199999999997,7.633499999999994e-4,0.01680333635026092,0.017594,0.015953,14.266586814266963,0.8474176165541901,0.03711549388556509,-0.030597169871590113,-0.060087647983399495,43.713993647076336,train,1,0.018811631622482936,1
2021-03-25,-0.023535,-0.026903,0.015871,2.48e-4,-0.010522,-0.014189599999999997,-0.0016770000000000008,0.01966058717926129,0.02159,0.017747,13.956534312615034,0.6399361359906804,0.04132067100378238,-0.06447802768103805,-0.09451580683375527,35.8162632354844,train,1,0.01216818173352124,0
2021-03-26,-0.036629,-0.023535,-0.026903,0.015871,2.48e-4,-0.014111399999999996,-0.0024220500000000007,0.019476321381216844,0.021656,0.017294,14.508608237299054,1.1130862877427632,0.044763955787234536,-0.06156323527760699,-0.09393510022995977,36.02621113936416,train,1,0.012688663022556789,0
2021-03-29,6.39e-4,-0.036629,-0.023535,-0.026903,0.015871,-0.021301599999999997,-0.004831500000000001,0.019832834756758524,0.013731,0.016134,14.515989296849241,1.1278520050315424,0.04621505213533668,-0.07597030028285912,-0.11213057381555203,32.44503208898618,train,0,0.009450181294557264,0
2021-03-30,-0.02008,6.39e-4,-0.036629,-0.023535,-0.026903,-0.017295399999999995,-0.004389100000000001,0.015484138660434282,0.014584,0.01594,14.609649022977786,1.2305567375825384,0.04372421990654508,-0.07831822596309479,-0.11823186453276346,31.3207316444567,train,0,0.010518857661362282,0
2021-03-31,-0.006872,-0.02008,6.39e-4,-0.036629,-0.023535,-0.010197399999999997,-0.00359005,0.017183566036574983,0.018811,0.016354,14.23777443990956,0.8547202600159741,0.04144254417802547,-0.06392290255419097,-0.10769010398519585,35.48078913801086,train,0,0.009833695887101654,0
2021-04-01,0.011955,-0.006872,-0.02008,6.39e-4,-0.036629,-0.005171199999999996,-0.0048400000000000006,0.017192262834710786,0.012168,0.015929,14.336242947278043,0.9580490554628706,0.039475797949979075,-0.07018607786899289,-0.11794925398558298,33.36282131304891,train,0,0.010139899728301064,0
2021-04-02,-0.011498,0.011955,-0.006872,-0.02008,6.39e-4,-0.004456399999999996,-0.0046835,0.01748982696979399,0.012688,0.016005,14.338531713005867,0.9727622398387414,0.038988797638051936,-0.06183817375833456,-0.11423273172129189,34.87936442481478,train,0,0.01015951136620261,0
2021-04-05,0.004213,-0.011498,0.011955,-0.006872,-0.02008,-0.0015079999999999959,-0.0039473,0.015241993860530335,0.00945,0.015594,14.768137462085496,1.4641968674226897,0.03344581824890155,-0.06313615437847098,-0.11895968347618702,33.824966249791416,train,1,0.012471084704226814,0
2021-04-06,-0.005338,0.004213,-0.011498,0.011955,-0.006872,0.0022960000000000046,-0.00371555,0.015821600972861262,0.010519,0.015806,13.637576959982496,0.49361256734702014,0.03577029302408076,-0.04815290414358153,-0.1082591964569154,38.36705933769642,train,0,0.011925933368084864,0
2021-04-07,0.012148,-0.005338,0.004213,-0.011498,0.011955,0.0016254000000000047,-0.0038087500000000005,0.01546236555137811,0.009834,0.015724,14.106902490367887,0.7802129877118213,0.032586709467637386,-0.036174968237093985,-0.10058612653209764,41.46943829435135,train,1,0.017000650805189782,1
2021-04-08,0.008602,0.012148,-0.005338,0.004213,-0.011498,0.0014440000000000047,-0.00451065,0.011120206984484496,0.01014,0.015781,14.34752373193079,0.9889609550458748,0.03247060289750411,-0.043705176675845725,-0.1117434360796884,38.439494101800115,train,1,0.017072195400709304,1
2021-04-09,-0.012405,0.008602,0.012148,-0.005338,0.004213,4.200000000004753e-6,-0.0048601,0.011088601469276657,0.01016,0.01566,14.074746086885394,0.759008229418693,0.03255825795240438,-0.04176639670788218,-0.11439532957035448,37.7337971119136,train,1,0.01761647782049522,1
2021-04-12,-0.002986,-0.012405,0.008602,0.012148,-0.005338,0.0048392000000000044,-0.0036879,0.010954719380756,0.012471,0.016533,14.281558247789514,0.9521878821701381,0.03643625503566385,-0.019912431055856716,-0.0977135645319892,44.62118956320032,train,1,0.016004382181140264,1
2021-04-13,0.018837,-0.002986,-0.012405,0.008602,0.012148,0.0038358000000000047,-0.0046643,0.010632363973056771,0.011926,0.015166,14.314619609991588,1.0104807628369008,0.03230940247965445,-0.008005585272393922,-0.091279335361935,47.053820814397746,train,1,0.016185407989914868,1
2021-04-14,0.007131,0.018837,-0.002986,-0.012405,0.008602,-0.002903599999999995,-0.00511095,0.0133090379187311,0.017001,0.015647,14.181717032200176,0.8777481493382897,0.041955157645267645,-0.027705075170718962,-0.11408561938166362,40.29692459790984,train,0,0.008461232782520523,0
2021-04-15,-0.025095,0.007131,0.018837,-0.002986,-0.012405,0.0019476000000000048,-0.0039923,0.013240274089140133,0.017072,0.016035,14.362255875586376,1.0740227419499628,0.038534897592327214,-0.012003642225580813,-0.10358644398504102,44.264878790154945,train,0,0.00767519076635884,0
2021-04-16,0.011851,-0.025095,0.007131,0.018837,-0.002986,8.794000000000048e-4,-0.00442105,0.013565228366018105,0.017617,0.01603,13.97254763955173,0.7296177323376192,0.03779518426192439,-0.015631423692904933,-0.11105045953249248,42.1216086030096,train,0,0.005314985352754983,0
2021-04-19,-0.008327,0.011851,-0.025095,0.007131,0.018837,-5.579999999999949e-4,-0.0046321,0.013822273612623295,0.016005,0.015774,13.756442910933291,0.5940291139129628,0.03400029129382427,8.162199644949908e-4,-0.10069452509813936,46.02642206933269,train,0,0.0038122502147681756,0
2021-04-20,0.01165,-0.008327,0.011851,-0.025095,0.007131,-2.755999999999949e-4,-0.0028598,0.013577106134551976,0.016186,0.015118,13.702210832237938,0.5755548394018976,0.030902857230031354,0.012499527310640746,-0.09300984104124566,48.78751544564746,train,0,0.003324233415390682,0
2021-04-21,0.008543,0.01165,-0.008327,0.011851,-0.025095,0.005277200000000005,-0.0015495999999999997,0.013373988325601802,0.008461,0.014348,13.774068579627098,0.6308499745119922,0.021934564499190574,0.01693198288446318,-0.09059023019209778,49.660710281454335,train,0,0.003282453929608152,0
2021-04-22,0.002669,0.008543,0.01165,-0.008327,0.011851,0.003228600000000005,3.622500000000002e-4,0.012497004258354613,0.007675,0.011737,13.81365082974125,0.6596460920620607,0.023721170008300613,0.01826157556075292,-0.08912684955053296,50.213605022001595,train,0,0.00431958545464724,0
2021-04-23,0.001608,0.002669,0.008543,0.01165,-0.008327,0.004629600000000005,2.642000000000002e-4,0.012425410525299444,0.005315,0.011743,13.380429185963676,0.4477385299740929,0.022467473210273762,0.016710804918590227,-0.09033084790906909,49.72965104885467,train,0,0.0050332869280421515,0
2021-04-26,-0.001322,0.001608,0.002669,0.008543,0.01165,0.0034552000000000046,0.0015571,0.01117019067976112,0.003812,0.010769,13.930898728218384,0.8011383311315233,0.023975774423721112,0.021038808590758684,-0.0850773888333991,51.907674623965356,train,0,0.005074686246458986,0
2021-04-27,0.005778,-0.001322,0.001608,0.002669,0.008543,0.0012234000000000047,0.0017699,0.0110437983647938,0.003324,0.010634,13.702759465818222,0.6692259176543334,0.025159815131562818,0.01662377756351785,-0.08746990004103661,50.827624770499014,train,0,0.006471552727128166,0
2021-04-28,-0.002616,0.005778,-0.001322,0.001608,0.002669,0.0011366000000000048,0.0012839000000000001,0.00643194524662295,0.003283,0.010363,14.130894126407402,1.03283705050367,0.024192643370566175,0.01763487197557212,-0.08542968417303509,51.749601493763556,train,0,0.006571867352587087,0
2021-04-29,0.002235,-0.002616,0.005778,-0.001322,0.001608,0.0022800000000000047,0.00222505,0.005892736509183714,0.00432,0.009989,13.96327345067975,0.8910344480903937,0.021922271086514275,0.02285541495192489,-0.07873220134259362,54.74908388712994,train,0,0.0041054162151967005,0
2021-04-30,0.007325,0.002235,-0.002616,0.005778,-0.001322,0.0017156000000000046,0.0018072000000000001,0.005115995356613305,0.005034,0.010076,14.108026428765937,1.0437489185994506,0.021319631112310482,0.016828866795946196,-0.08254937941820939,52.73686501933534,train,0,0.00764951186024311,0
2021-05-03,-0.004144,0.007325,0.002235,-0.002616,0.005778,-3.559999999999951e-4,0.0018451000000000001,0.004683966533707184,0.005075,0.010049,13.562759240709818,0.6511003368588578,0.01860675253673779,0.010369978865142349,-0.08674982385233021,50.53578960532237,train,1,0.012150932713170623,0
2021-05-04,-0.00458,-0.004144,0.007325,0.002235,-0.002616,-0.001673799999999995,7.774500000000001e-4,0.005084950667301393,0.006472,0.010031,13.722663641833408,0.7616271487472991,0.020322135015085917,3.421842569133471e-4,-0.0951584554752889,46.3640539428468,train,1,0.012701521326203408,0
2021-05-05,-0.009205,-0.00458,-0.004144,0.007325,0.002235,-0.0037539999999999948,-6.094999999999981e-5,0.005534243881908751,0.006572,0.010044,13.504895523827978,0.6284820172993835,0.023759204354784482,-0.007716566272473746,-0.10254504347556781,43.00555284909496,train,1,0.013723984436015657,0
2021-05-06,-0.008166,-0.009205,-0.00458,-0.004144,0.007325,-0.008074399999999995,-1.5454999999999983e-4,0.006750201985455282,0.004105,0.010173,13.639212423881569,0.7464790425399777,0.024901865195400205,-0.021689267279477287,-0.11535930253265503,37.879296678401026,train,0,0.010680768361873597,0
2021-05-07,-0.014277,-0.008166,-0.009205,-0.00458,-0.004144,-0.0060077999999999954,3.0420000000000013e-4,0.007337296693378745,0.007649,0.010245,14.128536494310886,1.213796424779622,0.023977225665023232,-0.01588093769568677,-0.10988517494754291,41.108775589998594,train,0,0.011082018372119765,0
2021-05-10,0.006189,-0.014277,-0.008166,-0.009205,-0.00458,-0.0021275999999999947,1.034000000000002e-4,0.008828217648225741,0.012151,0.009896,14.187383032193981,1.295603147664796,0.027637753783790193,-0.001350336300078414,-0.09669152090930899,48.11057702094858,train,0,0.01057450382760345,0
2021-05-11,0.014821,0.006189,-0.014277,-0.008166,-0.009205,0.0020640000000000046,3.3450000000000016e-4,0.009705476271443641,0.012702,0.01012,13.528476275651148,0.6983361423936283,0.026474279721266834,0.010094872893086082,-0.08607620419192741,52.95685278277973,train,0,0.009299980456968714,0
2021-05-12,0.011753,0.014821,0.006189,-0.014277,-0.008166,0.0011654000000000048,9.563000000000002e-4,0.010470328436427707,0.013724,0.008767,13.700941103221139,0.8515954438903649,0.02701260537572278,-0.0035953823671297513,-0.0976438797395337,47.725895283796966,train,0,0.0104223038575931,0
2021-05-13,-0.012659,0.011753,0.014821,0.006189,-0.014277,0.005250600000000005,6.712e-4,0.010368874807165272,0.010681,0.008482,13.796461266839133,0.9715826260055367,0.027801718115408096,0.0018949180267990862,-0.09209619598460739,50.26328070421103,train,0,0.010002525516088425,0
2021-05-14,0.006149,-0.012659,0.011753,0.014821,0.006189,0.006358200000000004,0.0016739,0.011093539369080247,0.011082,0.008547,13.961911284331471,1.1470967303393242,0.02928695125032609,0.011990535527492963,-0.08144990824835652,54.79779375269007,train,0,0.007435816713717465,0
2021-05-17,0.011727,0.006149,-0.012659,0.011753,0.014821,0.002733200000000004,9.262e-4,0.01103997599433783,0.010574,0.008279,13.375556484307365,0.6477713492836046,0.02475200761637863,0.0077467846731362755,-0.08448506809752776,53.30570296858098,train,0,0.008030342228074716,0
2021-05-18,-0.003304,0.011727,0.006149,-0.012659,0.011753,6.150000000000042e-4,5.5715e-4,0.010522579555413207,0.0093,0.008083,13.414759819730817,0.6813131025705693,0.026751282138681214,0.008386467932157693,-0.08342043932390264,53.78109634722374,train,0,0.008236090061430848,0
2021-05-19,0.001162,-0.003304,0.011727,0.006149,-0.012659,4.200000000003973e-6,-3.619500000000001e-4,0.011504876403797942,0.010422,0.00884,13.937916668500685,1.1397102626037905,0.026763874568223135,-0.007062554019451994,-0.09782196309803093,46.83480586679509,train,0,0.007432129957152256,0
2021-05-20,-0.015713,0.001162,-0.003304,0.011727,0.006149,-7.28799999999996e-4,-3.181500000000001e-4,0.010251831158383365,0.010003,0.008853,13.32825008217093,0.6316942581157854,0.024874259870180437,-0.004241893644064465,-0.09558043560738039,47.96140435604996,train,0,0.008768626306326436,0
2021-05-21,0.002484,-0.015713,0.001162,-0.003304,0.011727,-0.004705799999999996,-6.599500000000001e-4,0.010637670200231293,0.007436,0.009024,13.70381110473762,0.9080884751458437,0.024936731257231125,-0.011678867609216659,-0.10295928085294181,44.61017104063266,train,0,0.008360169956406389,0
2021-05-24,-0.008158,0.002484,-0.015713,0.001162,-0.003304,-0.003655599999999996,-8.515000000000002e-4,0.00947082082327961,0.00803,0.00892,13.856033307715279,1.061759306382439,0.02590105403637651,-0.008874205037809557,-0.10121328966419674,45.579154552046184,train,0,0.008903932709763702,0
2021-05-25,0.001947,-0.008158,0.002484,-0.015713,0.001162,-0.006315999999999995,-0.0013277,0.009051630709435732,0.008236,0.009267,13.919426330483148,1.1189179390559145,0.023678253612769727,-0.019575948846251245,-0.11212670243819356,40.777309442267295,train,0,0.010307107581664218,0
2021-05-26,-0.01214,0.001947,-0.008158,0.002484,-0.015713,-0.002234799999999996,-0.0012048000000000002,0.008615081711742495,0.007432,0.009332,13.780080252132306,0.9936997424610796,0.021387962885852967,-0.013745161714205145,-0.1079572290229418,43.237716972897324,train,0,0.009357779667207387,0
2021-05-27,0.004693,-0.01214,0.001947,-0.008158,0.002484,-0.0010223999999999958,-0.0011437500000000002,0.008869252745675177,0.008769,0.009395,13.724070479646974,0.9516543855419475,0.021569802465499395,-0.004128093016439238,-0.10033448700378622,47.52960098468289,train,0,0.00581610675624167,0
2021-05-28,0.008546,0.004693,-0.01214,0.001947,-0.008158,-5.737999999999957e-4,-0.0012323,0.007770448346853039,0.00836,0.009433,14.026652780566423,1.2949902337432375,0.024081611572660613,-0.008752698142510784,-0.1056576308719116,44.97233877550923,train,0,0.006034801529462257,0
2021-05-31,-0.005915,0.008546,0.004693,-0.01214,0.001947,-0.0027121999999999958,-0.00144055,0.008008957935406524,0.008904,0.009556,13.886811164580967,1.1087117275071552,0.024680889888256185,-0.015962664043644215,-0.11347781313635763,41.44448037046791,train,0,0.008297574085237203,0
2021-06-01,-0.008745,-0.005915,0.008546,0.004693,-0.01214,-0.0036637999999999957,-0.0018252000000000001,0.008906077805508875,0.010307,0.010028,13.653756042110285,0.8809812141229165,0.02532267112487587,-0.030801595756474343,-0.12846004351428153,35.67114254056777,train,0,0.005761097230562942,0
2021-06-02,-0.016898,-0.008745,-0.005915,0.008546,0.004693,-0.004958599999999995,-0.00150595,0.008095033457483532,0.009358,0.009917,13.82494095169336,1.030712785407686,0.023993269409247425,-0.031048128738835667,-0.13001246583509474,35.125137816509735,train,0,0.00600526425729959,0
2021-06-03,-0.001781,-0.016898,-0.008745,-0.005915,0.008546,-0.007528399999999996,-0.0010072500000000001,0.007807999533242245,0.005816,0.009482,13.911302439913309,1.108842828357774,0.023380686319512015,-0.03422819313364378,-0.13375608774089642,33.78226486044349,train,0,0.006010315698863081,0
2021-06-04,-0.004303,-0.001781,-0.016898,-0.008745,-0.005915,-0.008756999999999996,-0.0019196,0.008114849149005243,0.0060350000000000004,0.00963,14.24506972558191,1.5351150397175974,0.02168386405492579,-0.04404457648447735,-0.14420106385449816,30.30145336367596,train,0,0.0068798575712001485,0
2021-06-07,-0.012058,-0.004303,-0.001781,-0.016898,-0.008745,-0.006213199999999996,-0.00246195,0.00832106774732399,0.008298,0.008916,14.012090808040666,1.2304062833523983,0.022415611998181546,-0.037873252371806276,-0.1407981231562565,32.73323134020299,train,0,0.007094080877745898,0
2021-06-08,0.003974,-0.012058,-0.004303,-0.001781,-0.016898,-0.0034835999999999956,-0.0032121,0.007872512038027562,0.005761,0.008265,14.119149637490247,1.328856338337625,0.022268185792868236,-0.03790493214253865,-0.1342251409919729,31.753242161622254,train,0,0.006918143067326665,0
2021-06-09,-0.00325,0.003974,-0.012058,-0.004303,-0.001781,-0.004778599999999996,-0.00299195,0.007413246075625561,0.006005,0.008056,13.662858088592365,0.8433802824927225,0.022311710661968215,-0.042996435048414106,-0.14137160435362872,29.359235259214913,train,0,0.0052173933817568335,0
2021-06-10,-0.008256,-0.00325,0.003974,-0.012058,-0.004303,-0.0047353999999999955,-0.00350375,0.005766821702154874,0.00601,0.007764,13.684464075391883,0.8662240730199036,0.025932265228243895,-0.04356221236181823,-0.14487830269538304,28.23435296192011,train,0,0.006994775457439646,0
2021-06-11,-0.004087,-0.008256,-0.00325,0.003974,-0.012058,-5.397999999999956e-4,-0.0036441,0.007481911657086338,0.00688,0.007495,13.75666460338101,0.9410601743749812,0.02678887321140148,-0.0314639550481034,-0.1372504510569017,34.14505725424915,train,0,0.005813207703153226,0
2021-06-14,0.00892,-0.004087,-0.008256,-0.00325,0.003974,-2.9999999999999564e-4,-0.00322025,0.007917054112624356,0.007094,0.007751,13.7796170236078,0.9477424899888294,0.02963074954857104,-0.023257915460424883,-0.10881324983811735,37.393105597418945,train,0,0.005249306639928744,0
2021-06-15,0.005173,0.00892,-0.004087,-0.008256,-0.00325,2.1200000000000434e-4,-0.00331285,0.006310022253878701,0.006918,0.007707,13.563503175360255,0.7595349987149531,0.02904964407680401,-0.020623481258497778,-0.08796260065490036,37.12843117754069,train,0,0.005420100921569635,0
2021-06-16,-6.9e-4,0.005173,0.00892,-0.004087,-0.008256,0.002923800000000004,-0.00226205,0.006678780530738959,0.005217,0.007352,14.13199362131926,1.3253580938234308,0.030972713133192824,-0.013153563604742624,-0.06457143577524793,40.602587150883615,train,0,0.0050193115264944455,0
2021-06-17,0.005303,-6.9e-4,0.005173,0.00892,-0.004087,0.0019538000000000042,-0.0028331,0.007087285999904649,0.006995,0.007407,14.036348252833697,1.1687518631911402,0.02553767107956893,-0.019144148650252713,-0.0729296673096076,36.88394995793795,train,0,0.007050207762896069,0
2021-06-18,-0.008937,0.005303,-6.9e-4,0.005173,0.00892,2.9160000000000416e-4,-0.00239475,0.006020625298828095,0.005813,0.007334,13.739090530453879,0.8669057699768514,0.024718780465952866,-0.016150651764315183,-0.07236656875475378,37.30057784716492,train,0,0.008777145224957828,0
2021-06-21,6.09e-4,-0.008937,0.005303,-6.9e-4,0.005173,-4.3719999999999583e-4,-0.00241565,0.005883799550932676,0.005249,0.007322,13.975937500783017,1.0918073667879593,0.019703523313285776,-0.012206125558740788,-0.07094621568355541,38.40503862873287,train,0,0.010008839907801503,0
2021-06-22,0.001529,6.09e-4,-0.008937,0.005303,-6.9e-4,-9.809999999999958e-4,-0.0019791,0.005892659393026397,0.00542,0.006963,13.871234721536636,0.9856656519517151,0.017648742344044628,-0.013589270412781684,-0.07411469561161321,36.84579485176886,train,1,0.026317533818730053,1
2021-06-23,-0.003409,0.001529,6.09e-4,-0.008937,0.005303,-0.0012747999999999959,-0.00202205,0.005309627864130928,0.005019,0.006922,13.995466819651943,1.1041095944736463,0.01527883313460012,-0.007753294280865908,-0.07056381293361746,39.7957991940457,train,1,0.029415464431145736,1
2021-06-24,0.003834,-0.003409,0.001529,6.09e-4,-0.008937,-0.0022869999999999956,-0.00314925,0.00698800730140177,0.00705,0.006946,14.010062023615859,1.1049470275952054,0.02142131015576968,-0.018492518897690546,-0.08357391088755262,33.602514004870656,train,1,0.037132166123187586,1
2021-06-25,-0.013998,0.003834,-0.003409,0.001529,6.09e-4,-5.633999999999957e-4,-0.00239215,0.007032892647331458,0.008777,0.007437,14.309723146273502,1.4641078947876125,0.02313262794783578,-0.006996812001959785,-0.0751190281087033,40.124023963119896,train,1,0.035107145899374956,1
2021-06-28,0.009227,-0.013998,0.003834,-0.003409,0.001529,0.0011274000000000043,-0.00145575,0.007579565502791773,0.010009,0.007766,14.331628751342368,1.4573782715502797,0.02809471263490862,0.004434531690137522,-0.06588673314591398,46.32365988222454,train,1,0.03692697387141275,1
2021-06-29,0.009983,0.009227,-0.013998,0.003834,-0.003409,-0.008682599999999995,-0.0032337999999999998,0.01836738331209248,0.026317,0.013467,14.502048948499748,1.6467907913041997,0.0406091450300317,-0.04512955050879741,-0.1148889141022571,29.100708781293605,train,1,0.03067017760789787,1
2021-06-30,-0.052459,0.009983,0.009227,-0.013998,0.003834,-0.005154199999999996,-0.00207095,0.01999854579296538,0.029415,0.014559,14.189028754566534,1.1824645333768933,0.04502854948249761,-0.022499907430691635,-0.09587803453390986,38.63326178366046,train,1,0.026460869638014545,1
2021-07-01,0.021476,-0.052459,0.009983,0.009227,-0.013998,-0.013315999999999995,-0.004596149999999999,0.025858825840191068,0.037132,0.018744,13.721155921482982,0.7464053159846895,0.05544642300052045,-0.07177377244328242,-0.1454307073610429,28.047695841483687,train,1,0.012567958994999944,0
2021-07-02,-0.054807,0.021476,-0.052459,0.009983,0.009227,-0.017369199999999994,-0.0045452,0.025699734477876095,0.035107,0.018724,14.07571325716269,1.0745880102435994,0.057956463613276464,-0.07782391093523944,-0.15486470926885432,26.555841797347966,train,1,0.012721908178414117,0
2021-07-05,-0.011039,-0.054807,0.021476,-0.052459,0.009983,-0.015664599999999994,-0.0038185999999999997,0.02699802721681716,0.036927,0.019344,14.330876459054483,1.3611744735609548,0.05663086138117864,-0.057060937410450596,-0.1392240165735873,32.925703185872905,train,0,0.009050200953570037,0
2021-07-06,0.018506,-0.011039,-0.054807,0.021476,-0.052459,-0.0063049999999999955,-0.00393915,0.026971635260440222,0.03067,0.019348,14.36210942070594,1.3834060754868058,0.04860416149006865,-0.05860091228975117,-0.14409860107829175,31.994354344251846,train,0,0.011513815731546168,0
2021-07-07,-0.005661,0.018506,-0.011039,-0.054807,0.021476,-0.012875999999999993,-0.0040953,0.02668926993485501,0.026461,0.019397,14.236447359772825,1.1883994635700115,0.048943576774662684,-0.06542077763247811,-0.153839365631658,30.158543984996612,train,0,0.010623250947803125,0
2021-07-08,-0.011379,-0.005661,0.018506,-0.011039,-0.054807,-0.003594599999999993,-0.004310949999999999,0.026631788570344945,0.012568,0.019421,13.961196656950705,0.8927111151787506,0.036910953916350214,-0.06920315942009392,-0.16094533321567095,28.85768330128836,train,0,0.010763484914283106,0
2021-07-09,-0.0084,-0.011379,-0.005661,0.018506,-0.011039,3.262000000000069e-4,-0.0043286999999999996,0.02658373043904026,0.012722,0.019408,13.835892429230976,0.785219886396007,0.03273765479185614,-0.05704180868314379,-0.15375952329925335,32.04958646937111,train,0,0.009256762257938787,0
2021-07-12,0.008565,-0.0084,-0.011379,-0.005661,0.018506,-0.006379399999999993,-0.00533845,0.025814654524556828,0.00905,0.019413,13.807411851795576,0.7623743823933908,0.03498865424783907,-0.06612774512181052,-0.16647126306367643,29.525881790502936,train,0,0.007465508937775106,0
2021-07-13,-0.015022,0.008565,-0.0084,-0.011379,-0.005661,-0.0033707999999999932,-0.00483485,0.021894785814841344,0.011514,0.019669,14.091556188876854,0.9922923693149884,0.032266511829721733,-0.05263491606841708,-0.1586509167160428,33.02022428053154,train,0,0.0066508956013457314,0
2021-07-14,0.009382,-0.015022,0.008565,-0.0084,-0.011379,-0.0011131999999999934,-0.00510455,0.019994535337881144,0.010623,0.01956,13.667982235179121,0.6623600827867581,0.027938413986034204,-0.047671827170301384,-0.15872655682042625,33.00317906843151,train,1,0.014370328190406786,1
2021-07-15,-9.1e-5,0.009382,-0.015022,0.008565,-0.0084,-0.0012709999999999935,-0.005117149999999999,0.01109916210851572,0.010764,0.019562,13.7804386665357,0.74929486066914,0.025996520271721037,-0.051402963047626815,-0.16645865637961255,31.22856306561755,train,1,0.03208310699885533,1
2021-07-16,-0.009189,-9.1e-5,0.009382,-0.015022,0.008565,-0.0038469999999999937,-0.00536335,0.010716951143969176,0.009257,0.019517,13.543195144643281,0.5948472615581869,0.02436423908611989,-0.05021705436049151,-0.17005576356584262,30.409350900599648,train,1,0.032024824663064125,1
2021-07-19,-0.004315,-0.009189,-9.1e-5,0.009382,-0.015022,-0.002400199999999993,-0.0058292,0.008097632888690373,0.007465,0.019455,14.170236604034674,1.1027493827831754,0.020142975297676023,-0.051885905824334055,-0.1765187902625972,28.940371365895032,train,1,0.03215891955274617,1
2021-07-20,-0.007788,-0.004315,-0.009189,-9.1e-5,0.009382,-0.002820599999999993,-0.005294749999999999,0.008869211790733656,0.006651,0.019671,13.913634955957473,0.8516628851012499,0.020922720890000072,-0.03965188292987165,-0.17052221087620656,32.21235744387198,train,1,0.03501158573958055,1
2021-07-21,0.00728,-0.007788,-0.004315,-0.009189,-9.1e-5,0.002234600000000007,-0.0042271999999999995,0.01204371013387855,0.01437,0.020743,14.514098411186676,1.50526518055261,0.028580370962985872,-0.010939678420130994,-0.1496329353823398,42.19721259087972,train,1,0.03341877347839086,1
2021-07-22,0.025185,0.00728,-0.007788,-0.004315,-0.009189,-0.008051799999999994,-0.00655835,0.02284163248300981,0.032083,0.024226,14.662365463118435,1.6757499022125961,0.04264178970217401,-0.06449757111100929,-0.1988182090219036,30.326185212551835,train,1,0.03936779813756416,1
2021-07-23,-0.060621,0.025185,0.00728,-0.007788,-0.004315,-0.008631799999999993,-0.007380449999999999,0.02236650259850406,0.032025,0.023939,14.473551150739251,1.3730275933747005,0.047560344676960915,-0.06402451801269982,-0.2046007240787805,29.332267103818694,train,1,0.03912879975414528,1
2021-07-26,-0.007215,-0.060621,0.025185,0.00728,-0.007788,-0.010171599999999994,-0.008653949999999999,0.022387264154474576,0.032159,0.023643,14.283458951659567,1.1385224474772593,0.050448225230479884,-0.07010672309450927,-0.21692017853304502,27.28086698773248,train,1,0.03982640873591291,1
2021-07-27,-0.015487,-0.007215,-0.060621,0.025185,0.00728,-0.006960999999999995,-0.00486435,0.023858470365423216,0.035012,0.022287,14.212520689952216,1.0797829923457982,0.05473433888587892,-0.0435003956593677,-0.19864540791597662,34.58891268886198,train,1,0.03814909883863576,1
2021-07-28,0.023333,-0.015487,-0.007215,-0.060621,0.025185,-0.021538599999999998,-0.0083233,0.027297121557653903,0.033419,0.023328,14.52741079560639,1.4486573159056937,0.060782497717678664,-0.08125069452302314,-0.23687238427594226,28.203868104906263,train,1,0.03032863112967679,1
2021-07-29,-0.047703,0.023333,-0.015487,-0.007215,-0.060621,0.0017252000000000049,-0.0027980500000000007,0.03424677026475149,0.039368,0.02478,14.77571941439765,1.7510232683535083,0.060452331331401564,-0.02706865424287319,-0.1943717415401215,41.20001159602696,train,0,0.007218159682356716,0
2021-07-30,0.055698,-0.047703,0.023333,-0.015487,-0.007215,0.0028452000000000048,-0.0023268500000000005,0.03424732476510635,0.039129,0.024705,14.601465699479343,1.4280587818262978,0.0591833348634903,-0.026089627965023232,-0.19566985716513463,40.956154617862865,train,0,0.008071609430590656,0
2021-08-02,-0.001615,0.055698,-0.047703,0.023333,-0.015487,0.0017696000000000044,-0.0042954000000000004,0.034701643255999656,0.039827,0.024525,14.232699341112687,0.9926836714387494,0.06305991868780517,-0.04201597092913567,-0.21245263774566214,37.8379761304094,train,0,0.0051692461732829095,0
2021-08-03,-0.020865,-0.001615,0.055698,-0.047703,0.023333,-0.005325199999999995,-0.004619400000000001,0.03453074172530906,0.038149,0.024587,14.012122847408014,0.8096955775921955,0.05943503525699795,-0.04899536321483766,-0.2220157038273337,36.14910218386435,train,0,0.0066071154674335756,0
2021-08-04,-0.012141,-0.020865,-0.001615,0.055698,-0.047703,0.0030028000000000056,-0.004353600000000001,0.03274864192756701,0.030329,0.024539,13.83491997070684,0.6897662362614038,0.04884447870224618,-0.05038442218662964,-0.22673190962080692,35.312012328732976,train,0,0.0070473119130630224,0
2021-08-05,-0.006063,-0.012141,-0.020865,-0.001615,0.055698,-0.010106199999999992,-0.0044259500000000005,0.02740165547006239,0.007218,0.024553,13.770204567007877,0.6509701734342485,0.03625464422253781,-0.05533544837297766,-0.23434780226495888,33.945028157078426,train,0,0.007614994077476358,0
2021-08-06,-0.009847,-0.006063,-0.012141,-0.020865,-0.001615,-0.009561399999999994,-0.004798750000000001,0.027425990724331384,0.008071,0.024402,13.735098448737052,0.630615247547833,0.032998708818980274,-0.04946253756278751,-0.23184855421992068,34.25143973124284,train,0,0.005899782945159932,0
2021-08-09,0.001109,-0.009847,-0.006063,-0.012141,-0.020865,-0.007282999999999993,-0.004521300000000001,0.02719544421017772,0.005169,0.024311,13.86520317194621,0.7167922973821702,0.03073022582034505,-0.05396569986939337,-0.2391260274204039,32.85161095624514,train,0,0.006043432700047218,0
2021-08-10,-0.009473,0.001109,-0.009847,-0.006063,-0.012141,-0.008273399999999993,-0.00584505,0.025858075411969685,0.006607,0.024235,14.002510321531371,0.8254507835307907,0.03205998038707577,-0.06444811426303954,-0.242075705107077,30.456195581009723,train,0,0.004194291835340026,0
2021-08-11,-0.017093,-0.009473,0.001109,-0.009847,-0.006063,-0.0075981999999999925,-0.00597485,0.021496549821618662,0.007047,0.024209,13.9909014866766,0.806839918735918,0.030838248540113473,-0.06110715005388634,-0.24411322806131397,30.090902603002206,train,0,0.011534834047354127,0
2021-08-12,-0.002687,-0.017093,-0.009473,0.001109,-0.009847,-0.008443399999999993,-0.006219050000000001,0.007049602948630039,0.007615,0.024268,13.953692121764028,0.7725926442799187,0.03185016086656428,-0.06831224540906866,-0.2508122157244964,28.18997947546204,train,0,0.009890041238538897,0
2021-08-13,-0.014073,-0.002687,-0.017093,-0.009473,0.001109,-0.009798599999999994,-0.00628665,0.006666449413126735,0.0059,0.024264,13.755342207040442,0.62977625495128,0.03256751700191919,-0.06750987009636189,-0.25505940470504185,27.44829339284847,train,0,0.009464373391831073,0
2021-08-16,-0.005667,-0.014073,-0.002687,-0.017093,-0.009473,-0.009288599999999992,-0.0062434000000000005,0.00540609550620614,0.006043,0.024262,13.67376034027913,0.5914740546933469,0.028422492029731322,-0.06792686675677373,-0.2602145540451569,26.535694012684743,train,0,0.011284102077702063,0
2021-08-17,-0.006923,-0.005667,-0.014073,-0.002687,-0.017093,-0.007193999999999994,-0.0069384,0.005248248343759828,0.004194,0.024052,13.554531433746948,0.5310174000044602,0.02838775811822241,-0.06736917064774106,-0.26511151560529966,25.66284378420177,train,0,0.011061540249892868,0
2021-08-18,-0.00662,-0.006923,-0.005667,-0.014073,-0.002687,-0.003384999999999993,-0.00737975,0.00928107777745188,0.011535,0.023507,13.667220504401932,0.6188629818145955,0.028215158916902867,-0.04460663705367218,-0.25309287444758566,31.60881452868132,train,0,0.006882723828543464,0
2021-08-19,0.016358,-0.00662,-0.006923,-0.005667,-0.014073,-4.1019999999999306e-4,-0.00430865,0.00933651706175512,0.00989,0.019924,13.820422474725287,0.7574039099242227,0.02372640248196721,-0.03951113000869755,-0.24804557299557606,31.9007505589869,train,0,0.006865868313622102,0
2021-08-20,8.01e-4,0.016358,-0.00662,-0.006923,-0.005667,0.0011858000000000072,-0.00383225,0.009423197254058142,0.009464,0.019965,13.618938341141616,0.646207999119031,0.02193057796270765,-0.03338468584752463,-0.23965693424281853,32.79424116731575,train,0,0.008406349522830942,0
2021-08-23,0.002313,8.01e-4,0.016358,-0.00662,-0.006923,-2.0179999999999273e-4,-0.0037509500000000003,0.0097857094763515,0.011284,0.019918,13.839523915522927,0.8242522502992359,0.023753575738328668,-0.04303582714775056,-0.23730477425774232,30.230310773984712,train,0,0.007129569397937017,0
2021-08-24,-0.013861,0.002313,8.01e-4,0.016358,-0.00662,1.4580000000000726e-4,-0.0051617,0.00878433382600335,0.011061,0.018871,13.574145753322707,0.6505005750378546,0.021033460275598555,-0.042569733823941136,-0.23967729159899076,29.37048764363975,train,0,0.00700020916116083,0
2021-08-25,-0.004882,-0.013861,0.002313,8.01e-4,0.016358,-0.0027113999999999927,-0.0026729500000000003,0.008961841809707546,0.006883,0.016034,13.400261745120039,0.5797466207916622,0.020297281612660617,-0.03792594731987542,-0.23480487674073536,30.274160709711055,train,0,0.006676251665418254,0
2021-08-26,0.002072,-0.004882,-0.013861,0.002313,8.01e-4,-0.004440799999999993,-0.00585015,0.008302787982224873,0.006866,0.008279,14.020361413461805,1.1475988556943122,0.024775792261873146,-0.039737935108413946,-0.2368791076490434,28.773201412130916,train,0,0.006353169893840397,0
2021-08-27,-0.007846,0.002072,-0.004882,-0.013861,0.002313,-0.0033803999999999926,-0.00538865,0.008775532653032775,0.008406,0.00877,13.696906060000098,0.8844709331031465,0.025523199060152345,-0.027012708401960905,-0.23106606829198173,32.25568707211352,train,0,0.004014968555294052,0
2021-08-30,0.007615,-0.007846,0.002072,-0.004882,-0.013861,-0.0024625999999999927,-0.004809,0.008977904479578988,0.007129,0.008047,13.606251420523833,0.8372704972500234,0.023081542038731792,-0.03127643810434544,-0.23819535226389588,30.299083940913178,train,0,0.0025661308423383243,0
2021-08-31,-0.009272,0.007615,-0.007846,0.002072,-0.004882,-0.0018743999999999927,-0.004299,0.008791696992680714,0.007,0.007879,13.542048237258742,0.804150618479214,0.020704632385141843,-0.028901276420686073,-0.23967331976658002,29.89424002330503,train,0,0.0025841146065915884,0
2021-09-01,-0.001941,-0.009272,0.007615,-0.007846,0.002072,-0.0031563999999999924,-0.00421275,0.006396804383613917,0.006676,0.007868,13.921268694560416,1.169297899808624,0.02311765466427855,-0.02895233617071291,-0.2429751620598105,28.963174166549166,train,0,0.002872582287768272,0
2021-09-02,-0.004338,-0.001941,-0.009272,0.007615,-0.007846,-0.0012541999999999929,-0.00363715,0.00645839428358336,0.006353,0.007855,14.15923713241984,1.448818277967882,0.020972351122089325,-0.023713822763314907,-0.2417128250742353,29.862560849583204,train,0,0.0038446624299150116,0
2021-09-03,0.001665,-0.004338,-0.001941,-0.009272,0.007615,-0.003731999999999993,-0.0039313,0.006213388730082089,0.004015,0.007778,13.714741706684615,0.9297946150208485,0.023025565046217486,-0.024461203705155365,-0.24533362084068955,28.73862307680423,train,0,0.0038093882448498213,0
2021-09-06,-0.004774,0.001665,-0.004338,-0.001941,-0.009272,-0.0022409999999999926,-0.0035485000000000004,0.005052897030417303,0.002566,0.007679,13.761619154570463,0.9796278027434354,0.020793108989235764,-0.022697515946601077,-0.24670377308481928,28.30449279795674,train,0,0.0037364285086162164,0
2021-09-07,-0.001817,-0.004774,0.001665,-0.004338,-0.001941,-0.0021605999999999926,-0.0027708000000000003,0.004976914288324979,0.002584,0.006991,14.083417892730957,1.3444404477025176,0.023137131444850807,-0.02145341298718595,-0.24786278711427978,27.920274228814193,train,0,0.003936455639277547,0
2021-09-08,-0.001539,-0.001817,-0.004774,0.001665,-0.004338,-0.002397999999999993,-0.0029127000000000003,0.004861803364550602,0.002872,0.007018,13.362898809361432,0.6733120007317906,0.021436696182687183,-0.023983202262207848,-0.25096495568851507,26.529797823333496,train,0,0.003835446558094637,0
2021-09-09,-0.005525,-0.001539,-0.001817,-0.004774,0.001665,-0.0018847999999999927,-0.0019975,0.004961752921655366,0.003845,0.006671,14.30722736569138,1.6876416746462473,0.020022553252415785,-0.01787140762738937,-0.24779792163390169,29.411145646620042,train,0,0.0038458092386388586,0
2021-09-10,0.004231,-0.005525,-0.001539,-0.001817,-0.004774,-4.78599999999993e-4,-0.0016013000000000004,0.004068676745030939,0.003809,0.006677,14.426535119333572,1.8170342410903637,0.020325895027750517,-0.014055173468727422,-0.24610193890863297,30.972354083894345,train,0,0.004593070508929729,0
2021-09-13,0.002257,0.004231,-0.005525,-0.001539,-0.001817,-1.8699999999999294e-4,-0.0012731000000000003,0.0032098977484579716,0.003736,0.006562,13.138925465703307,0.5104220839709844,0.026610920053844734,-0.013132587113181216,-0.24637185658374194,30.855390575160683,train,0,0.004753275260281062,0
2021-09-14,-3.59e-4,0.002257,0.004231,-0.005525,-0.001539,-4.97999999999993e-4,-0.0010968000000000002,0.003259241938106331,0.003936,0.006458,13.791133845472212,0.9698838675182353,0.02532319784212441,-0.0150892344274689,-0.2487021458455172,29.808783612556923,train,0,0.007526263528471482,0
2021-09-15,-0.003094,-3.59e-4,0.002257,0.004231,-0.005525,0.0019514000000000072,-0.0015786000000000005,0.003931959055116305,0.003835,0.005352,13.635773658065048,0.8314268585137861,0.022868156532803795,-0.006872133657506052,-0.2436501866930587,34.95953830377697,train,0,0.009179040102320069,0
2021-09-16,0.006722,-0.003094,-3.59e-4,0.002257,0.004231,7.978000000000071e-4,-0.0016955000000000004,0.0038912661249978207,0.003846,0.005322,13.749317335229476,0.9346058032035425,0.02227051956538881,-0.00668815380801091,-0.24481533132394617,34.33376897944605,train,0,0.009604439588023863,0
2021-09-17,-0.001537,0.006722,-0.003094,-3.59e-4,0.002257,-7.47799999999993e-4,-0.0020847000000000005,0.003980677128328797,0.004593,0.005298,14.241542053916843,1.4766516131048155,0.02566228864439027,-0.010022402459170854,-0.2489450717531153,32.13796032615697,train,0,0.0118835840469111,0
2021-09-20,-0.005471,-0.001537,0.006722,-0.003094,-3.59e-4,-2.89199999999993e-4,-0.0012949500000000002,0.004031049034956313,0.004753,0.004579,14.549078212445867,1.9108470432409481,0.024736953743625563,-0.00680378741593235,-0.2225300135252588,33.743590183895805,train,0,0.01189186199886292,0
2021-09-21,0.001934,-0.005471,-0.001537,0.006722,-0.003094,0.003114200000000007,-3.5470000000000044e-4,0.005973843680765528,0.007526,0.005617,13.787367223475423,0.8845350140895724,0.027415056660155097,0.007400895710331534,-0.21170515865453898,44.02723238521141,train,0,0.011600921299620991,0
2021-09-22,0.013923,0.001934,-0.005471,-0.001537,0.006722,-3.047999999999926e-4,-9.769500000000003e-4,0.006737851669651256,0.009179,0.006009,13.587782765052681,0.7200370859231362,0.029675674736289393,-0.002047691471638413,-0.18059637371972004,39.092198005029076,train,0,0.010334813776745085,0
2021-09-23,-0.010373,0.013923,0.001934,-0.005471,-0.001537,0.0013044000000000072,-2.592000000000005e-4,0.006902363869638349,0.009604,0.006003,13.772464216417394,0.8767673766493673,0.030463052844852373,0.004724561176049358,-0.17526533162792068,43.338386017732184,train,0,0.010053951601236203,0
2021-09-24,0.006509,-0.010373,0.013923,0.001934,-0.005471,-5.603999999999929e-4,-0.0013797000000000004,0.008494123870195337,0.011884,0.006525,13.944206277545158,1.0293099907806427,0.029478434878227322,-0.008743872693168009,-0.18746521641492297,36.984063924482626,train,0,0.008213400178975818,0
2021-09-27,-0.014795,0.006509,-0.010373,0.013923,0.001934,-5.295999999999929e-4,-8.117000000000005e-4,0.008538699552299779,0.011892,0.006292,13.519579892548373,0.6752409970166771,0.025730562279370168,-0.00584980067522467,-0.18113394671982253,38.33606070934369,train,0,0.008244789700168223,0
2021-09-28,0.002088,-0.014795,0.006509,-0.010373,0.013923,-7.239999999999927e-4,-6.710000000000041e-5,0.009438299746246673,0.011601,0.006993,13.403950915854912,0.6041994862422331,0.02561358708206841,0.0071170919296505986,-0.16513063287886498,46.089705963225505,train,0,0.005694969868225819,0
2021-09-29,0.012951,0.002088,-0.014795,0.006509,-0.010373,0.002202400000000007,3.6274999999999963e-4,0.009309300854521784,0.010335,0.006981,14.313695828007665,1.4649653803285776,0.02590913778262573,0.011062904720885891,-0.16157263504331365,48.41799200680884,train,0,0.006793983419173173,0
2021-09-30,0.004259,0.012951,0.002088,-0.014795,0.006509,0.0012436000000000072,3.652499999999996e-4,0.009269532242783344,0.010054,0.006982,13.654902742301024,0.7774106834564964,0.02645833957494511,0.012447391230531624,-0.16013461091811165,49.36973569383529,train,0,0.005624017629773221,0
2021-10-01,0.001715,0.004259,0.012951,0.002088,-0.014795,0.0021950000000000073,1.0204999999999958e-4,0.009739373822559414,0.008213,0.007278,14.31180004211065,1.450575615221774,0.02583508343096282,0.0022072385869742472,-0.16856508912290402,44.21865864645218,train,0,0.006761065248908636,0
2021-10-04,-0.010038,0.001715,0.004259,0.012951,0.002088,0.0018992000000000076,2.233499999999996e-4,0.009731503421591365,0.008245,0.007265,14.246689545610034,1.3245413890192237,0.02786799460689047,0.002615941910307784,-0.16806103942953432,44.59089961632268,train,0,0.007387670559790819,0
2021-10-05,6.09e-4,-0.010038,0.001715,0.004259,0.012951,-0.0015883999999999929,7.594999999999962e-5,0.008627631293311818,0.005695,0.007332,14.483160427250692,1.632754547744619,0.02910717648680029,-0.0019306674797464618,-0.17179199549320268,42.338713197317304,train,0,0.007940547103317252,0
2021-10-06,-0.004487,6.09e-4,-0.010038,0.001715,0.004259,-0.005259799999999993,-3.5270000000000033e-4,0.009135263896328094,0.006794,0.007905,14.789335966216084,2.0453183072500165,0.034437373807358215,-0.015630794526913405,-0.1834691467229358,36.17953783746104,train,0,0.01057995116718409,0
2021-10-07,-0.014098,-0.004487,6.09e-4,-0.010038,0.001715,-0.006636399999999992,-8.226500000000005e-4,0.008731056117866459,0.005624,0.007898,14.491121880165032,1.4988096178257944,0.03694981335459675,-0.01989310526579391,-0.18768932748899247,34.24084831562965,train,1,0.013292911769059479,0
2021-10-08,-0.005168,-0.014098,-0.004487,6.09e-4,-0.010038,-0.003904599999999993,-7.544500000000004e-4,0.007786745030998368,0.006761,0.007931,13.966546964902436,0.9105929491621181,0.036983890470608065,-0.015579766680917984,-0.18474903761100203,36.78255800982738,train,1,0.014899923801818586,1
2021-10-11,0.003621,-0.005168,-0.014098,-0.004487,6.09e-4,-0.006778399999999993,-0.0014245000000000004,0.008682477810702043,0.007387,0.008446,14.000107856625576,0.916751667248751,0.03959216241734427,-0.027727150497475317,-0.1959666141203097,31.741809814124323,train,1,0.015071973769218152,1
2021-10-12,-0.01376,0.003621,-0.005168,-0.014098,-0.004487,-0.008773599999999993,-0.0019929500000000003,0.007535159277237166,0.00794,0.008932,14.246397118685438,1.1481501256317734,0.03865249335152646,-0.03987909872506401,-0.20759434871343785,27.53024150300965,train,1,0.016014108913704816,1
2021-10-13,-0.014463,-0.01376,0.003621,-0.005168,-0.014098,-0.010840799999999994,-0.0035507500000000005,0.008883462863971209,0.01058,0.009987,14.279080409778777,1.1538247149766505,0.03945938286213173,-0.06004745007662482,-0.18161225012948023,22.23902930179331,train,0,0.006081643749842636,0
2021-10-14,-0.024434,-0.014463,-0.01376,0.003621,-0.005168,-0.008390599999999993,-0.00311975,0.009666766404657879,0.013293,0.010261,13.915650872047808,0.7973392161776488,0.03973329646578096,-0.05044356572780051,-0.17581572490570185,26.53896735435181,train,0,0.006080743030255431,0
2021-10-15,0.007083,-0.024434,-0.014463,-0.01376,0.003621,-0.007141599999999993,-0.0023529000000000007,0.011040704249377493,0.0149,0.010642,14.550973656584803,1.4755308074148104,0.03683038528126477,-0.03880143802786806,-0.16768594133372394,32.20157015197209,train,0,0.006066822685722734,0
2021-10-18,0.009866,0.007083,-0.024434,-0.014463,-0.01376,-0.0035455999999999934,-0.0022386000000000003,0.011319087949123816,0.015072,0.010703,14.074558560477769,0.94253542302309,0.0337563564911924,-0.032547549699351364,-0.16417035924854428,34.55101329399626,train,0,0.007224043348430296,0
2021-10-19,0.00422,0.009866,0.007083,-0.024434,-0.014463,0.002831600000000006,-0.0020636000000000005,0.01339451611667999,0.016014,0.011005,14.719463896216519,1.7035295062364142,0.03588652057713998,-0.013589084555011843,-0.14961103641661744,43.31221025826144,train,0,0.0066054353906461,0
2021-10-20,0.017423,0.00422,0.009866,0.007083,-0.024434,0.008044800000000008,-0.0014633500000000004,0.01285539985116501,0.006082,0.010854,14.801296755004016,1.7360064850895152,0.02917459237398069,-0.010471080091090768,-0.14822468336219385,44.079830375642445,train,1,0.018861488443386434,1
2021-10-21,0.001632,0.017423,0.00422,0.009866,0.007083,0.008049400000000007,-0.0014335000000000003,0.013040073944916452,0.006081,0.010878,14.284075027115737,1.0139502172153458,0.030699926176245163,-0.0019337674013196748,-0.1407873570144781,47.42710166502128,train,1,0.020269858785891926,1
2021-10-22,0.007106,0.001632,0.017423,0.00422,0.009866,0.0071800000000000076,-4.178000000000004e-4,0.013114990717156879,0.006067,0.010507,14.455881766565946,1.175667032252925,0.032692700700016106,0.004051452780448717,-0.11763415195414717,49.95070061683023,train,1,0.02166634361630961,1
2021-10-25,0.005519,0.007106,0.001632,0.017423,0.00422,0.006016400000000007,-6.021000000000004e-4,0.012229219982393716,0.007224,0.010493,14.038151583033319,0.7622834629286972,0.035251635329818544,0.003112656470706021,-0.10821279592610655,49.2114085154388,train,1,0.02171320795506735,1
2021-10-26,-0.001598,0.005519,0.007106,0.001632,0.017423,6.308000000000068e-4,-0.0017249000000000003,0.011606715707344223,0.006605,0.010163,14.502057504823892,1.1651688782433964,0.034600862703481644,-0.0046361794145575175,-0.11130369377176774,44.94825837906298,train,1,0.020457434044864962,1
2021-10-27,-0.009505,-0.001598,0.005519,0.007106,0.001632,0.008285400000000007,5.739999999999978e-5,0.013212423736350908,0.018861,0.013757,14.221590143908925,0.8839576291966649,0.041526329579442335,0.03512092649723875,-0.06768169971297555,60.33440721807866,train,1,0.01334335491171542,0
2021-10-28,0.039905,-0.009505,-0.001598,0.005519,0.007106,0.005247200000000007,-4.3260000000000016e-4,0.014185286806719452,0.02027,0.013869,14.074329313768327,0.7530752047966172,0.039358589531067856,0.02730620274005746,-0.07522021708290727,56.73640044141886,train,1,0.017808220691579495,1
2021-10-29,-0.008085,0.039905,-0.009505,-0.001598,0.005519,0.0017562000000000075,-5.275000000000002e-4,0.015269763692052053,0.021666,0.013945,14.273804647355693,0.9209650864106176,0.040480795361555605,0.01568375659601884,-0.07752174661241351,51.858552536576774,train,1,0.01677788500377804,1
2021-11-01,-0.011936,-0.008085,0.039905,-0.009505,-0.001598,0.0036482000000000077,-1.648500000000003e-4,0.015306577148765531,0.021713,0.01407,14.229701485140732,0.8818960252241056,0.04011867152161466,0.023943470812857637,-0.05409908281751241,54.5948787898834,train,1,0.01852123001584938,1
2021-11-02,0.007862,-0.011936,-0.008085,0.039905,-0.009505,0.006465800000000008,2.886499999999997e-4,0.014657844316648719,0.020457,0.014069,14.264848362466086,0.9237361334874785,0.03628416547983515,0.028432519526116584,-0.04720026275851141,56.171318811501216,train,1,0.02180941346758321,1
2021-11-03,0.004583,0.007862,-0.011936,-0.008085,0.039905,-0.006562399999999993,-2.6825000000000037e-4,0.017276658558426295,0.013344,0.014866,14.583558325047592,1.289173436252509,0.03425937399748974,0.002855263894073534,-0.05804817533340234,46.54887736357453,train,1,0.017102248486675662,1
2021-11-04,-0.025236,0.004583,0.007862,-0.011936,-0.008085,-8.937999999999935e-4,0.0010030499999999997,0.018276515897305057,0.017808,0.015499,14.149811868400976,0.8499261041087747,0.03607865124262329,0.022246659030164206,-0.0389687216421426,53.290713757926305,train,1,0.01565653364254042,1
2021-11-05,0.020258,-0.025236,0.004583,0.007862,-0.011936,0.0011642000000000065,7.396999999999996e-4,0.018271373005636745,0.016778,0.015497,14.77989444925171,1.5280875849928746,0.03464764688915852,0.019918927392119645,-0.04054814661658457,52.69815079528063,train,1,0.01708047608528521,1
2021-11-08,-0.001646,0.020258,-0.025236,0.004583,0.007862,-0.004397599999999993,4.3034999999999965e-4,0.019493117554950288,0.018521,0.015859,14.01487358061308,0.7106858210602416,0.03747698033195843,-7.342426223264642e-4,-0.05968503394327862,46.020935348327114,train,0,0.011733756205921445,0
2021-11-09,-0.019947,-0.001646,0.020258,-0.025236,0.004583,-0.001024599999999994,0.0022259,0.02032211090413592,0.02181,0.016115,14.749996351182778,1.4400762714872388,0.04231941147185345,0.01855604926962573,-0.039520084542311484,52.806591905500035,train,0,0.008894134398579775,0
2021-11-10,0.021448,-0.019947,-0.001646,0.020258,-0.025236,0.005093600000000006,0.00371535,0.01571193436849836,0.017102,0.014848,13.561381887702286,0.44904900040117235,0.03818648824934455,0.020379180572321243,-0.03437403080740209,54.38260164364478,train,0,0.009964795893544433,0
2021-11-11,0.005355,0.021448,-0.019947,-0.001646,0.020258,-9.111999999999943e-4,0.0028729,0.015808014270194303,0.015657,0.015122,13.81525652570081,0.5806033060169443,0.034336688241731146,0.007678626496391061,-0.04380463374570698,51.020055094688885,train,0,0.006523988672583667,0
2021-11-12,-0.009766,0.005355,0.021448,-0.019947,-0.001646,0.002331400000000005,0.00310795,0.015973471909526884,0.017081,0.015273,13.692960930135749,0.5323453881516381,0.033901664780443846,0.019328142109231727,-0.016243353271093386,55.40549299483756,train,0,0.005463832739021208,0
2021-11-15,0.014567,-0.009766,0.005355,0.021448,-0.019947,0.007444800000000006,0.0031779499999999997,0.015893653794308387,0.011734,0.015281,13.729577871705825,0.5585526626533187,0.027635030628116054,0.02194282303876105,-0.00791977432147517,57.027038391161376,train,0,0.006657584081331606,0
2021-11-16,0.00562,0.014567,-0.009766,0.005355,0.021448,0.003208800000000006,0.0023201999999999997,0.01585990317645939,0.0088940000000000009,0.014917,14.015849652998535,0.773037133515948,0.02497652068988255,0.019962588905377165,-0.007651109410864665,57.10845176826392,train,0,0.00668091660627492,0
2021-11-17,2.68e-4,0.00562,0.014567,-0.009766,0.005355,0.004752200000000006,0.0028922,0.013196917261660434,0.009965,0.015107,14.190466972827247,0.9576357508448099,0.02406481986231341,0.030415355659957344,0,60.95475925164073,train,0,0.003943164148244402,0
2021-11-18,0.013072,2.68e-4,0.00562,0.014567,-0.009766,0.0070302000000000055,0.0026181,0.012057374324914653,0.006524,0.015076,14.113141723644695,0.8937607315714965,0.02376887358971818,0.029486668868070387,0,61.42275702987899,train,0,0.003945789376031112,0
2021-11-19,0.001624,0.013072,2.68e-4,0.00562,0.014567,0.004141800000000006,0.0023483999999999996,0.011993416696023048,0.005464,0.01507,13.714295880873431,0.6202450517654414,0.02509255513573918,0.02730203707019152,0,61.46198250537004,train,0,0.005055767726072866,0
2021-11-22,1.25e-4,0.001624,0.013072,2.68e-4,0.00562,0.002031400000000006,0.0021817,0.009435630408780916,0.006658,0.015134,13.861574151272524,0.7236853972280154,0.024696046234454216,0.02012162693640973,-0.004929565212348219,58.96722328489417,train,0,0.004331867980444464,0
2021-11-23,-0.004932,1.25e-4,0.001624,0.013072,2.68e-4,0.0029788000000000063,0.0029071999999999995,0.007416897701270465,0.006681,0.01489,13.619990685319966,0.5921989541123885,0.023711373044332535,0.022369918891998353,0,60.70124261922335,train,0,0.0037133908628098925,0
2021-11-24,0.005005,-0.004932,1.25e-4,0.001624,0.013072,0.001197000000000006,0.0011200999999999995,0.00738603351979637,0.003943,0.0121,13.567622111442981,0.576950479169398,0.02101493993567103,0.025533051534583295,0,62.14299641848448,train,0,0.005035543118671511,0
2021-11-25,0.004163,0.005005,-0.004932,1.25e-4,0.001624,9.65600000000006e-4,0.0015476999999999995,0.006004398026076848,0.003946,0.011907,13.528934540275012,0.5664580457178561,0.02451929976043252,0.024480710411339368,0,62.310982138266375,train,0,0.0057836751464790965,0
2021-11-26,4.67e-4,0.004163,0.005005,-0.004932,1.25e-4,-2.533999999999938e-4,0.0018459999999999998,0.005476733410021382,0.005056,0.011622,13.706116362391423,0.6942027663884635,0.02121070427643229,0.016555134193164456,-0.005968736290378418,58.72841287203765,train,0,0.0073046715531911496,0
2021-11-29,-0.00597,4.67e-4,0.004163,0.005005,-0.004932,0.0010108000000000061,0.0015223499999999998,0.005322468985348811,0.004332,0.011536,13.877911483571541,0.8388979333452292,0.021612663541179748,0.016479079303064026,-0.004589115426354651,59.310746363923336,train,0,0.009970514565457493,0
2021-11-30,0.001389,-0.00597,4.67e-4,0.004163,0.005005,-3.179999999999374e-5,0.0012827999999999997,0.005337029495265445,0.003713,0.011519,13.337555398930919,0.50764135116026,0.023184227537681793,0.015024756701383035,-0.00479692442679347,59.17530529003244,train,0,0.01041223181167227,0
2021-12-01,-2.08e-4,0.001389,-0.00597,4.67e-4,0.004163,-0.002927999999999994,0.0020286999999999996,0.004786091127191142,0.005036,0.010108,13.803921665401793,0.8498800683771032,0.027460534693885402,0.0025974834877204867,-0.01506615253180632,52.76312612165796,train,0,0.01032773348804083,0
2021-12-02,-0.010318,-2.08e-4,0.001389,-0.00597,4.67e-4,-0.005306199999999994,4.445999999999996e-4,0.005719550255240549,0.005784,0.009569,14.19451669438795,1.252564580087952,0.02460731500841496,-0.009247210080859714,-0.0263167009166686,46.78222540428414,train,0,0.011913635843016187,0
2021-12-03,-0.011424,-0.010318,-2.08e-4,0.001389,-0.00597,-0.003137999999999994,7.704499999999996e-4,0.0061144487177686125,0.007305,0.009605,14.095988241012472,1.2019968903180855,0.02328071608468449,-0.005133424427258504,-0.021571728739984697,49.38798510576557,train,0,0.011417165484479937,0
2021-12-06,0.004871,-0.011424,-0.010318,-2.08e-4,0.001389,-0.007508799999999994,7.445499999999995e-4,0.0085255428240344,0.009971,0.009664,13.669213457887688,0.7973493218962125,0.029182295628658945,-0.026154180035075525,-0.04159643492114795,40.39807260601023,train,0,0.0061606006444177176,0
2021-12-07,-0.020465,0.004871,-0.011424,-0.010318,-2.08e-4,-0.007068599999999994,-2.282000000000004e-4,0.008250298025593445,0.010412,0.008362,13.466292031436684,0.7113330614709276,0.025715005283227333,-0.02396309903347338,-0.03968574661155877,41.492418665695325,train,0,0.006577894777206458,0
2021-12-08,0.001993,-0.020465,0.004871,-0.011424,-0.010318,-0.005699999999999994,-6.697000000000005e-4,0.007798041449264325,0.010328,0.008284,13.930467381420462,1.11210018433309,0.021943582832610987,-0.02668438149665253,-0.04302223556304696,40.1075609512394,train,0,0.006035486575248096,0
2021-12-09,-0.003475,0.001993,-0.020465,0.004871,-0.011424,-0.0012519999999999944,3.593999999999995e-4,0.00908376948738793,0.011914,0.008373,13.236152670900806,0.5677695053908958,0.021620498968381537,-0.016472050688289164,-0.03267219284675238,46.11564782492446,train,0,0.00458710903511133,0
2021-12-10,0.010816,-0.003475,0.001993,-0.020465,0.004871,-0.0029457999999999945,-5.488500000000006e-4,0.009036542658069573,0.011417,0.007709,14.093048350756034,1.308711577836216,0.02059092143766532,-0.019453200975302565,-0.036152993604100736,44.49892550356606,train,0,0.0045212121936489555,0
2021-12-13,-0.003598,0.010816,-0.003475,0.001993,-0.020465,0.002272400000000005,-5.485500000000005e-4,0.009360889841367764,0.00616,0.007709,13.762112945789113,0.9385720404234175,0.018484081628236403,-0.013374315426779138,-0.030732642175991143,47.5807699994368,train,0,0.005253908383289529,0
2021-12-14,0.005626,-0.003598,0.010816,-0.003475,0.001993,0.0013088000000000054,-7.032000000000005e-4,0.009322524460800424,0.006578,0.007723,14.273335325024476,1.5375962942014114,0.02013331908908934,-0.015445298171813171,-0.03346879401510072,46.186578115547796,train,0,0.00659675646056454,0
2021-12-15,-0.002825,0.005626,-0.003598,0.010816,-0.003475,0.0022558000000000053,-0.0012938000000000005,0.009009831623164651,0.0060350000000000004,0.007035,13.383768720715391,0.6574562164616101,0.02021196447988549,-0.012904735759821984,-0.03225080237364053,46.93201770994875,train,0,0.0066439345044935535,0
2021-12-16,0.00126,-0.002825,0.005626,-0.003598,0.010816,0.0013416000000000055,-0.0010627500000000005,0.008619886926301425,0.004587,0.00721,14.045046434762597,1.2794090629113946,0.019184193254492766,-0.005653820218891048,-0.026207023944214702,50.58956096225948,train,0,0.0069486540783089785,0
2021-12-17,0.006245,0.00126,-0.002825,0.005626,-0.003598,0.0013912000000000054,-0.0012365000000000004,0.008499647261308358,0.004521,0.007222,13.79038247557069,0.9881783095476648,0.021446275170606113,-0.007727205393285974,-0.029468470756655596,48.6412940067461,train,0,0.006508225065253967,0
2021-12-20,-0.00335,0.006245,0.00126,-0.002825,0.005626,0.0019304000000000053,-5.738000000000006e-4,0.005400808832429125,0.005254,0.007469,13.732747236107235,0.938855415527627,0.018128827612306237,0.0011347138280071167,-0.021392782100718044,53.42429969885628,train,0,0.008453309026647494,0
2021-12-21,0.008322,-0.00335,0.006245,0.00126,-0.002825,9.754000000000054e-4,-0.0012040500000000006,0.006213081816261199,0.0065970000000000004,0.007505,13.473048417634843,0.7282978732352223,0.021418985362989737,-0.005239223996485243,-0.028827726338636173,48.90831599410821,train,0,0.00779031426195375,0
2021-12-22,-0.0076,0.008322,-0.00335,0.006245,0.00126,0.0012648000000000056,-0.0012768500000000006,0.006006765242439376,0.006644,0.007457,13.964446809114975,1.1677092986906572,0.02633912759903496,-0.0012326441104241193,-0.02620125147198038,50.50014946687672,train,0,0.010640833581068732,0
2021-12-23,0.002707,-0.0076,0.008322,-0.00335,0.006245,0.0015620000000000057,-9.136500000000006e-4,0.005552005559555333,0.006949,0.007719,13.984544220431294,1.1659968014254747,0.02900148653326464,0.0074524374131264,-0.018673947678311653,54.84253014959807,train,0,0.010968638826217226,0
2021-12-24,0.007731,0.002707,-0.0076,0.008322,-0.00335,0.0033580000000000055,-3.336500000000006e-4,0.005383763330608061,0.006508,0.007754,14.261791900576105,1.489671251257647,0.030579829578725914,0.013497350772536887,-0.013149691749982706,57.7704519274305,train,0,0.010969202090398372,0
2021-12-27,0.00563,0.007731,0.002707,-0.0076,0.008322,0.004830000000000006,3.809999999999995e-4,0.006809039315498186,0.008453,0.00854,14.067522964823672,1.2137914899066669,0.031386280532869,0.02902581853922448,0,64.67960720998698,train,0,0.007348303797475986,0
2021-12-28,0.015682,0.00563,0.007731,0.002707,-0.0076,0.005198400000000006,1.0349999999999947e-4,0.007160145024136499,0.00779,0.00865,13.667036071361911,0.8040553577052584,0.0274267212238282,0.023028648108758043,-0.005759074862214164,60.69100506248703,train,0,0.00730770999014055,0
2021-12-29,-0.005758,0.015682,0.00563,0.007731,0.002707,0.0025204000000000064,8.524999999999951e-5,0.008389266610775143,0.010641,0.008673,13.564544783182386,0.7329219683197946,0.028836005412023507,0.012050748601723393,-0.016378808908137032,54.06957357831875,train,0,0.006690532243401865,0
2021-12-30,-0.010683,-0.005758,0.015682,0.00563,0.007731,-5.467999999999937e-4,2.7619999999999956e-4,0.008727332024546028,0.010968,0.008446,13.473386379166772,0.6935842915940622,0.02826661710471799,0.00410983858331293,-0.023859847154153235,49.936452180362544,train,0,0.006171154891914479,0
2021-12-31,-0.007605,-0.010683,-0.005758,0.015682,0.00563,-5.459999999999935e-4,3.1434999999999954e-4,0.008748489342610974,0.010969,0.008469,14.183816400009642,1.4030263885071907,0.03126318231047216,0.009482685356249743,-0.01835993066073871,52.793428128070246,train,0,0.007392103131044642,0
2022-01-03,0.005634,-0.007605,-0.010683,-0.005758,0.015682,-0.0028157999999999937,0.0015542499999999996,0.008485082680799286,0.007348,0.006945,13.620966611144423,0.8007222364585163,0.033170576863723114,0.012312556750026626,-0.014103974337562386,54.936494792560644,train,1,0.012475231112087664,0
2022-01-04,0.004333,0.005634,-0.007605,-0.010683,-0.005758,-0.001430599999999994,0.0015129999999999996,0.00793183171292875,0.007308,0.006945,14.185567462725551,1.3591804270177825,0.031555166053763,0.011990484136389368,-0.01295215936511962,55.52495868280256,train,1,0.025270826565429158,1
2022-01-05,0.001168,0.004333,0.005634,-0.007605,-0.010683,-0.0010207999999999938,0.0012550499999999995,0.008584951223572043,0.00669,0.00723,13.946778265385642,1.0695383837882169,0.025645889789112513,0.0020307768701974815,-0.0214755901611966,50.29131399849926,train,1,0.022944438352245626,1
2022-01-06,-0.008634,0.001168,0.004333,0.005634,-0.007605,0.0017972000000000064,0.0010384999999999997,0.008480779586806864,0.006171,0.006989,13.897985996454873,0.9940962797916756,0.023710262988694022,0.007508949851668056,-0.01512908966303661,53.78439903217116,train,1,0.022627817221287608,1
2022-01-07,0.006485,-0.008634,0.001168,0.004333,0.005634,-0.0012191999999999936,7.459999999999996e-4,0.00882546396891782,0.007392,0.007309,13.73879256728899,0.8633548021314861,0.021298873420706934,-0.0027234417333005245,-0.02443575464037462,48.41193227200551,train,1,0.0224523957452206,1
2022-01-10,-0.009448,0.006485,-0.008634,0.001168,0.004333,0.002096400000000006,0.0015102499999999997,0.009993554100852542,0.012475,0.008541,14.511306726854526,1.7815428604223773,0.023636517178481507,0.016625134692337395,-0.004037111478412125,58.25469358850684,train,1,0.03079356051514667,1
2022-01-11,0.020911,-0.009448,0.006485,-0.008634,0.001168,0.012159600000000007,0.0042257,0.018943785385245004,0.025271,0.013987,14.342270749485099,1.4969735214118272,0.040696031606666926,0.06446112248368419,0,72.472999651693,train,1,0.017057320577980588,1
2022-01-12,0.051484,0.020911,-0.009448,0.006485,-0.008634,0.015215600000000006,0.004495,0.018085886469227264,0.022944,0.013979,14.253835163887425,1.3178086454126026,0.042279935641433605,0.06672952595626347,0,73.77891978519344,train,1,0.015285043038866459,1
2022-01-13,0.006646,0.051484,0.020911,-0.009448,0.006485,0.016027800000000005,0.0047100499999999995,0.01734192095120312,0.022628,0.01404,14.520139569299792,1.6657425788226072,0.04621452681549415,0.07288571230543606,0,75.75622480508086,train,0,0.010235751281659789,0
2022-01-14,0.010546,0.006646,0.051484,0.020911,-0.009448,0.016153200000000006,0.0044365,0.01822548203294863,0.022452,0.014257,14.310145212538071,1.314267322569195,0.04749771075229815,0.05874767973617501,-0.008822527719063,70.88828616513976,train,1,0.016541135520271876,1
2022-01-17,-0.008821,0.010546,0.006646,0.051484,0.020911,0.005464200000000006,0.0023936999999999995,0.022220746647371385,0.030794,0.016432,14.146554516678716,1.0952222554237814,0.04939048531783556,0.02198532506414641,-0.0410690827706629,56.577973149185596,train,0,0.010969083243370889,0
2022-01-18,-0.032534,-0.008821,0.010546,0.006646,0.051484,-0.006992399999999996,0.0022337499999999996,0.02269426066064575,0.017057,0.01655,14.496095158717745,1.4798571477702962,0.03826922576802476,0.008851867481863396,-0.0514214973429703,52.886795690220275,train,0,0.010172900849806803,0
2022-01-19,-0.010799,-0.032534,-0.008821,0.010546,0.006646,-0.010000199999999996,0.0016787499999999997,0.022681148785573747,0.015285,0.016718,13.799513281129267,0.7422990331512289,0.037116469995847584,-0.0011386706859319862,-0.059384477324698204,50.1751978139023,train,0,0.009206870711593597,0
2022-01-20,-0.008393,-0.010799,-0.032534,-0.008821,0.010546,-0.014354599999999995,7.308999999999996e-4,0.02303350323236905,0.010236,0.016893,13.937737925154417,0.8540767406934885,0.03718250967296852,-0.01292883475251505,-0.0699423184002681,46.7525110768096,train,0,0.006841096600692026,0
2022-01-21,-0.011226,-0.008393,-0.010799,-0.032534,-0.008821,-0.009764599999999995,0.0011558499999999995,0.023070442485040366,0.016541,0.017128,13.702045063299298,0.6922620129541827,0.03692364178433441,4.5852577086336055e-6,-0.05680583411269258,51.211950116181136,train,0,0.008201735560233578,0
2022-01-24,0.014129,-0.011226,-0.008393,-0.010799,-0.032534,-0.0027511999999999957,4.983999999999995e-4,0.022218582359267557,0.010969,0.016791,13.513229097855874,0.5855807214147233,0.030845156818447295,0.0021714717880552126,-0.05441639952211297,51.99940984989095,train,0,0.008415946601541623,0
2022-01-25,0.002533,0.014129,-0.011226,-0.008393,-0.010799,8.620000000000436e-5,9.556999999999996e-4,0.013755915224206479,0.010173,0.016736,14.249278663940414,1.1903863630779428,0.027382578542104335,0.0047432597251708675,-0.05121066487909576,53.093283194892656,train,0,0.010816334776623734,0
2022-01-26,0.003388,0.002533,0.014129,-0.011226,-0.008393,0.0013404000000000042,0.0013837499999999996,0.01331298053655404,0.009207,0.016531,14.20216314845586,1.105995080200412,0.030468207487344984,0.001363949925798913,-0.05322708818743549,52.286148645058965,train,0,0.011083463050869977,0
2022-01-27,-0.002122,0.003388,0.002533,0.014129,-0.011226,0.002973200000000004,0.0016108999999999995,0.012278782332408481,0.006841,0.016431,14.567084653032454,1.5129336099756783,0.030735934931354136,-0.0031549811705974262,-0.05612468307555907,51.084341459926584,train,0,0.01174895454072404,0
2022-01-28,-0.003062,-0.002122,0.003388,0.002533,0.014129,0.0036298000000000046,0.0021997999999999996,0.014189336373175144,0.008202,0.01679,14.249185986705667,1.0971047622921193,0.03138794412597974,0.012124596179156955,-0.039690562814559294,57.10626801022125,train,1,0.015470214678536301,1
2022-01-31,0.017412,-0.003062,-0.002122,0.003388,0.002533,0.0030168000000000044,0.0019565499999999996,0.009705498656832517,0.008416,0.016793,14.271058962040405,1.0920970160431904,0.029622791871256382,0.009760917938619329,-0.040198723112103374,56.87311901450654,train,1,0.016190812709681996,1
2022-02-01,-5.32e-4,0.017412,-0.003062,-0.002122,0.003388,0.005964000000000005,0.0028043499999999997,0.010372481600101513,0.010816,0.017175,15.03656110398478,2.2000811384822367,0.03504978737069465,0.025329925455508828,-0.022802341862137143,62.5152962263225,train,0,0.00985200060901338,0
2022-02-02,0.018124,-5.32e-4,0.017412,-0.003062,-0.002122,0.005692800000000004,0.0030621499999999996,0.009875879428632616,0.011083,0.017032,14.257681038920849,0.996221692987435,0.03362432812198619,0.01880790866507609,-0.026202691087192753,60.83982896641397,train,0,0.010750384923341117,0
2022-02-03,-0.003478,0.018124,-5.32e-4,0.017412,-0.003062,0.005083400000000004,0.0024324499999999996,0.009131669569264004,0.011749,0.017132,14.187999203611131,0.9184248972070042,0.03191625273776843,0.010289225219958231,-0.03215465372119297,57.91396385732207,train,0,0.010578175929714915,0
2022-02-04,-0.006109,-0.003478,0.018124,-5.32e-4,0.017412,-0.0034537999999999956,0.0016411499999999996,0.012255735645901563,0.01547,0.01805,14.814197165101636,1.6258894747033157,0.033426570683149616,-0.016658467880763084,-0.05661121953065451,47.751996216261304,train,0,0.007137114318826622,0
2022-02-07,-0.025274,-0.006109,-0.003478,0.018124,-5.32e-4,-0.006441799999999996,-1.7800000000000037e-4,0.013146799688728644,0.016191,0.017838,13.803590799060174,0.6104137725861825,0.036098649295111654,-0.031564659823903884,-0.07120731318351614,42.91245964383063,train,0,0.004554537298123707,0
2022-02-08,-0.015472,-0.025274,-0.006109,-0.003478,0.018124,-0.010414999999999997,-0.0028393000000000003,0.013025185682191083,0.009852,0.013053,14.257616772849007,0.9652794183041049,0.028293699067561056,-0.030432093670608396,-0.07282910136716747,42.39829429637245,train,0,0.008043112780509794,0
2022-02-09,-0.001742,-0.015472,-0.025274,-0.006109,-0.003478,-0.009558999999999996,-0.0031315,0.013060539485624457,0.01075,0.012894,13.465911946196575,0.44911423543963513,0.02544880717700847,-0.026513991447465468,-0.07208307880268783,42.73817545702884,train,0,0.0073542779863151764,0
2022-02-10,8.02e-4,-0.001742,-0.015472,-0.025274,-0.006109,-0.010324999999999997,-0.004155750000000001,0.013305345340209034,0.010578,0.01256,13.945056142799956,0.7462119277772428,0.02388562474652115,-0.03206128609671355,-0.0813056476070515,39.62538512641939,train,0,0.00825291547272841,0
2022-02-11,-0.009939,8.02e-4,-0.001742,-0.015472,-0.025274,-0.005255399999999995,-0.0037110000000000003,0.011397749185207091,0.007137,0.012544,14.333280613252626,1.0988031859695195,0.016809868619770983,-0.02828584529920486,-0.08124077607970548,39.658676799635955,train,0,0.008778012018674843,0
2022-02-14,7.4e-5,-0.009939,8.02e-4,-0.001742,-0.015472,-0.002004999999999996,-0.0020453000000000003,0.011454052608380824,0.004555,0.010572,13.822947832745452,0.6680253082637767,0.012938517999830326,-0.025492264315585378,-0.08052178331828674,40.05322688191554,train,0,0.00874399992566331,0
2022-02-15,7.8e-4,7.4e-5,-0.009939,8.02e-4,-0.001742,-0.005036199999999996,-0.0023502500000000003,0.008940190405628334,0.008043,0.01092,13.749508566476175,0.6428667742290035,0.01677962747854717,-0.03968730051753799,-0.0960585141176662,34.763527900678895,train,0,0.006013261369672867,0
2022-02-16,-0.016898,7.8e-4,7.4e-5,-0.009939,8.02e-4,-0.006590799999999996,-0.00227915,0.008823266281699639,0.007354,0.010883,13.523571437126371,0.5170721125866723,0.017079702544300933,-0.0442017683700584,-0.10236186419145743,32.867038204627065,train,0,0.006427282652879053,0
2022-02-17,-0.006971,-0.016898,7.8e-4,7.4e-5,-0.009939,-0.003881399999999996,-0.0015374500000000003,0.009567500727869205,0.008253,0.010746,14.086096317744644,0.9018700324650147,0.01857688777629448,-0.03926118034614723,-0.09912369378476704,34.83384498370299,train,0,0.0067776584968556805,0
2022-02-18,0.003608,-0.006971,-0.016898,7.8e-4,7.4e-5,-0.003206999999999996,-0.0020716000000000007,0.007619109306357418,0.008778,0.010176,13.622977440199534,0.5688911737096519,0.02129240524799733,-0.03392638844917495,-0.0960152664327687,36.74949253358641,train,0,0.006827764150876918,0
2022-02-21,0.003446,0.003608,-0.006971,-0.016898,7.8e-4,-0.0051387999999999955,-0.0026422000000000004,0.006777062087988013,0.008744,0.010224,13.791807855251408,0.6680512344817584,0.023368372218899168,-0.039959822375044585,-0.10404311794184273,33.97197032777339,train,0,0.004920694595278191,0
2022-02-22,-0.008879,0.003446,0.003608,-0.006971,-0.016898,-0.0014355999999999954,-0.0027307000000000004,0.0069587251618222264,0.006013,0.010177,13.50688400655176,0.5167132323346239,0.020734676013491587,-0.035752881870535824,-0.10259432049778083,34.92783079751344,train,0,0.005932586493259074,0
2022-02-23,0.001618,-0.008879,0.003446,0.003608,-0.006971,0.0016644000000000047,-0.0021981500000000003,0.007831221599044005,0.006428,0.010485,14.204733811693105,1.0381593559001994,0.024130914231725534,-0.02534371800816604,-0.09493948027094667,39.88002953295712,train,0,0.004810806346133671,0
2022-02-24,0.008529,0.001618,-0.008879,0.003446,0.003608,0.0022562000000000046,-0.0017167000000000003,0.007819948908614004,0.006778,0.010662,14.104231340769626,0.9655739482061989,0.021245155945441963,-0.01720609582062671,-0.08899832955817077,43.475522624243034,train,0,0.0036333779462092847,0
2022-02-25,0.006567,0.008529,0.001618,-0.008879,0.003446,0.0014846000000000048,-0.0026079000000000002,0.007815335420398369,0.006828,0.009679,13.807613457789602,0.732328060951286,0.018880134403642744,-0.014968820318018605,-0.08937134084041065,43.300429944173224,train,0,0.004491103316558193,0
2022-02-28,-4.12e-4,0.006567,0.008529,0.001618,-0.008879,0.0025816000000000046,-0.0027510000000000004,0.007829392770550954,0.004921,0.009668,13.526972118935285,0.5705555153498049,0.021321173885002424,-0.01553082414701834,-0.0924635503105724,41.79761233911644,train,0,0.003878623106206634,0
2022-03-01,-0.003394,-4.12e-4,0.006567,0.008529,0.001618,0.001321000000000005,-0.0038914500000000003,0.005815847011017016,0.005932,0.008328,14.199487098377093,1.2060870257439855,0.024327881057022688,-0.016201846719078206,-0.09671804131235096,39.75328482962067,train,0,0.0023138762283233735,0
2022-03-02,-0.004685,-0.003394,-4.12e-4,0.006567,0.008529,4.3380000000000474e-4,-0.0035129000000000007,0.005391363679276536,0.00481,0.008518,13.724026648641791,0.7700569090059664,0.023225577864042647,-0.00856705988373374,-0.09302036425362603,42.390578926863995,train,0,0.002628125149227106,0
2022-03-03,0.004093,-0.004685,-0.003394,-4.12e-4,0.006567,-4.973999999999953e-4,-0.0031119000000000003,0.005328207353322504,0.003633,0.008578,13.539208816530193,0.6593870344094552,0.025569468652314842,-0.0034494952923295186,-0.09128505089711914,43.63752833638449,train,0,0.0028254184645818397,0
2022-03-04,0.001911,0.004093,-0.004685,-0.003394,-4.12e-4,6.620000000000047e-4,-0.0015789500000000004,0.005465499530895801,0.004491,0.007004,13.37498029041694,0.6148656703415611,0.026153016756931435,0.0035546022776533626,-0.08639265654310435,47.11314067575044,train,0,0.0031292354177977727,0
2022-03-07,0.005385,0.001911,0.004093,-0.004685,-0.003394,0.0016218000000000044,-7.351000000000004e-4,0.004207544151745634,0.003879,0.006214,13.654018160225968,0.8181287861531563,0.026072394734560144,0.005735625206324313,-0.08510603791740767,48.020925471167615,train,0,0.005766232019265267,0
2022-03-08,0.001405,0.005385,0.001911,0.004093,-0.004685,0.0039388000000000045,-3.030000000000003e-4,0.004463812706395484,0.002314,0.006437,13.451849841666089,0.6972322229740479,0.025783820849167506,0.01300309450286563,-0.07879728188300417,52.34070263988333,train,0,0.009078332759928994,0
2022-03-09,0.0069,0.001405,0.005385,0.001911,0.004093,0.0033416000000000045,-2.8775000000000035e-4,0.003962909286258154,0.002628,0.00644,13.659804836352686,0.8519579350429747,0.026217167907940302,0.014444147117414374,-0.07777555532730385,53.021638643672226,train,0,0.01103042185503347,0
2022-03-10,0.001107,0.0069,0.001405,0.005385,0.001911,0.004285000000000005,5.405999999999996e-4,0.003970951097938908,0.002825,0.006194,14.001612460239572,1.195181588878251,0.026479362501669636,0.020628311210062034,-0.07166141387493852,56.982497269254495,train,0,0.010675224882877176,0
2022-03-11,0.006628,0.001107,0.0069,0.001405,0.005385,0.004671400000000004,9.027499999999996e-4,0.004216853936552963,0.003129,0.006374,13.721660212083705,0.9391172976762284,0.02819113233075335,0.02716893024935052,-0.06487152734605173,60.92277563015545,train,0,0.01133288973298514,0
2022-03-14,0.007317,0.006628,0.001107,0.0069,0.001405,0.0031732000000000045,5.594499999999995e-4,0.00470448604466465,0.005766,0.006563,13.904433107499646,1.1224977669350282,0.025678108882129465,0.02035814138709302,-0.07056400387066775,56.26930799206896,train,0,0.011299209029839214,0
2022-03-15,-0.006086,0.007317,0.006628,0.001107,0.0069,-0.0010297999999999952,6.985999999999995e-4,0.006772477476276069,0.009078,0.006193,13.63467669400636,0.8615935744962009,0.026833611527582107,0.005271565542578127,-0.08368427027640679,47.3012966114128,train,0,0.010189439076808889,0
2022-03-16,-0.014115,-0.006086,0.007317,0.006628,0.001107,0.0012884000000000044,0.0016820499999999996,0.007636520935609356,0.01103,0.006466,13.83180212674116,1.0349289606046834,0.02708950859894808,0.01635033635290606,-0.0720452370784026,54.26488773310641,train,0,0.0076155853484811,0
2022-03-17,0.012698,-0.014115,-0.006086,0.007317,0.006628,4.4340000000000454e-4,0.0016217999999999992,0.0076352136665147315,0.010675,0.006453,14.295735520942541,1.6206421889344242,0.02797258203565999,0.017157355364865845,-0.0698179813061881,55.47730645259498,train,0,0.007140408636765826,0
2022-03-18,0.002403,0.012698,-0.014115,-0.006086,0.007317,-0.003693199999999995,7.811999999999995e-4,0.008992727610562759,0.011333,0.007249,13.728388265732868,0.9147439734348844,0.027154006437660916,0.002806411921727703,-0.08225169071418137,47.85107645205177,train,0,0.007287412627263534,0
2022-03-21,-0.013366,0.002403,0.012698,-0.014115,-0.006086,-0.0035481999999999953,9.570999999999995e-4,0.009168964987633253,0.011299,0.007042,13.911617692842798,1.0919169479088495,0.0261723819190929,-0.0034875222009012052,-0.08717111487125706,45.20340598578116,train,0,0.00797296831173936,0
2022-03-22,-0.005361,-0.013366,0.002403,0.012698,-0.014115,5.79800000000005e-4,0.0012024499999999994,0.009137469914831154,0.010189,0.007151,13.424127333090413,0.6725637431063363,0.028060567915407054,0.0018468009905410199,-0.08121374627664468,48.8914069835747,train,0,0.007726235804063969,0
2022-03-23,0.006525,-0.005361,-0.013366,0.002403,0.012698,-0.002337199999999995,6.816499999999994e-4,0.009138026922943729,0.007616,0.006966,14.195536825122929,1.455607482100953,0.025433271201758013,-6.9865147305892e-4,-0.08294905963315158,47.880515805505325,train,0,0.0078912285291962,0
2022-03-24,-0.001887,0.006525,-0.005361,-0.013366,0.002403,-0.0035669999999999947,1.6599999999999943e-4,0.008819118862511782,0.00714,0.006889,13.696208869738602,0.9035742871552854,0.023307594227574686,-0.004581228155528527,-0.08638184462188003,45.86045872319769,train,0,0.007887613688562594,0
2022-03-25,-0.003746,-0.001887,0.006525,-0.005361,-0.013366,0.0014176000000000054,7.644499999999993e-4,0.00937765536676294,0.007287,0.007341,14.078143247940876,1.3033919640488667,0.023395719520867435,0.006179331874087479,-0.07582400354631014,52.49830418377665,train,0,0.005748954278823237,0
2022-03-28,0.011557,-0.003746,-0.001887,0.006525,-0.005361,8.842000000000053e-4,5.327499999999993e-4,0.00951067714612255,0.007973,0.007549,13.784715211516968,0.9613285625492257,0.026365168451422026,-0.0023966059259817873,-0.08324098150620873,48.04204349411988,train,0,0.005087163423755915,0
2022-03-29,-0.008028,0.011557,-0.003746,-0.001887,0.006525,-0.0016277999999999948,4.6524999999999925e-4,0.008604012616861455,0.007726,0.007604,13.968405020509472,1.1727832225857613,0.019672592315730784,-0.008848735342637415,-0.0887766851730718,44.973630652696365,train,0,0.0023262778208975815,0
2022-03-30,-0.0060350000000000004,-0.008028,0.011557,-0.003746,-0.001887,-8.42199999999995e-4,3.6264999999999925e-4,0.0073534729066536235,0.007891,0.007566,13.983263167832662,1.174377439763759,0.021126613493903636,-0.007155524649321676,-0.08691703472248502,46.216385523753196,train,0,0.0020862645326036678,0
2022-03-31,0.002041,-0.0060350000000000004,-0.008028,0.011557,-0.003746,6.018000000000051e-4,4.407999999999993e-4,0.00742553233707112,0.007888,0.007591,13.702400088846387,0.8809282252993181,0.02230635546576653,-0.004113342701291711,-0.08374373584314054,48.35961383945803,train,0,0.003460544278000211,0
2022-04-01,0.003474,0.002041,-0.0060350000000000004,-0.008028,0.011557,-8.453999999999947e-4,3.875999999999993e-4,0.006301942865321597,0.005749,0.007558,14.088486777470761,1.2545642427672985,0.022114743138235228,-1.7121763935212808e-4,-0.07978657267503142,50.98277422025357,train,0,0.0035483471222528384,0
2022-04-04,0.004321,0.003474,0.002041,-0.0060350000000000004,-0.008028,0.0022882000000000054,6.993499999999993e-4,0.006348384410400982,0.005087,0.007729,13.625764306212016,0.790727531006055,0.021996294477044848,0.006794806926758712,-0.07275341791859702,55.32626155187185,train,0,0.0021536349040633604,0
2022-04-05,0.00764,0.004321,0.003474,0.002041,-0.0060350000000000004,0.003883000000000006,4.5129999999999926e-4,0.006113259218016742,0.002326,0.007598,14.009993695365269,1.1330323810952296,0.02523113579803434,0.008314465268581817,-0.07095863899535626,56.38829541230373,train,0,0.0021640812600269886,0
2022-04-06,0.001939,0.00764,0.004321,0.003474,0.002041,0.004327800000000005,6.091999999999992e-4,0.00608566804148165,0.002086,0.007645,13.717958366729558,0.8440657493862981,0.026794712128724696,0.012023155010977282,-0.06699606986663487,58.72153928739125,train,0,0.0030046204752014853,0
2022-04-07,0.004265,0.001939,0.00764,0.004321,0.003474,0.003288200000000006,1.915999999999993e-4,0.0059142119602793326,0.00346,0.007526,13.902899447020589,1.0209138785486669,0.02520411648085084,0.01011397940620018,-0.060311209769346896,57.381956427049715,train,0,0.002465177620375457,0
2022-04-08,-0.001724,0.004265,0.001939,0.00764,0.004321,0.0025944000000000054,-1.3165000000000068e-4,0.004855072153028326,0.003548,0.007341,13.700012160533372,0.834204479171363,0.030201937139560108,0.011131197786778069,-0.04606031101497554,57.89050596478879,train,0,0.0024994304751282843,0
2022-04-11,8.52e-4,-0.001724,0.004265,0.001939,0.00764,0.0013084000000000053,2.3314999999999932e-4,0.0037188636272089595,0.002154,0.007209,13.828004186545668,0.9516933650541898,0.029646758544966602,0.012143660310503623,-0.044904100949862524,58.651149724684174,train,0,0.004877412767031308,0
2022-04-12,0.00121,8.52e-4,-0.001724,0.004265,0.001939,0.0013348000000000053,0.0010424499999999992,0.0025080442336166595,0.002164,0.006374,13.546836025568737,0.7208119611151637,0.02873659137611611,0.013202069109910841,-0.042923607154119026,59.984519908047304,train,0,0.004871020683593943,0
2022-04-13,0.002071,0.00121,8.52e-4,-0.001724,0.004265,0.0017878000000000054,7.340499999999993e-4,0.002781885363881441,0.003005,0.005913,13.877399321593117,1.0009534915535927,0.02676988285935152,0.01907432214553806,-0.03667785996027961,63.93433564855667,train,0,0.003960664300341548,0
2022-04-14,0.00653,0.002071,0.00121,8.52e-4,-0.001724,0.0030908000000000055,8.534499999999993e-4,0.002834456375470338,0.002465,0.005972,13.826557317223049,0.9792205636434581,0.027140686460101492,0.02309219805074081,-0.032058551805402624,66.56310208204971,train,0,0.0036058285178305416,0
2022-04-15,0.004791,0.00653,0.002071,0.00121,8.52e-4,0.0030612000000000057,0.0015569499999999992,0.0029039520121532463,0.0025,0.00495,13.680471744036648,0.8478892513678525,0.02492151093960746,0.02221997775053941,-0.031378102819714204,66.94530546915374,train,1,0.01833430556361489,1
2022-04-18,7.04e-4,0.004791,0.00653,0.002071,0.00121,0.0015946000000000055,0.0015188499999999993,0.0035576829304103724,0.004878,0.005009,13.801753360179447,0.9625683479133921,0.027324884298928997,0.014432516124218253,-0.03730851999579565,60.45891271222247,train,1,0.018989340839007548,1
2022-04-19,-0.006123,7.04e-4,0.004791,0.00653,0.002071,0.0014340000000000056,0.0012559999999999993,0.0035537923781035195,0.004871,0.004869,14.379639574515718,1.6295366990961202,0.031240068544688047,0.014449171723464493,-0.036091456769360986,61.28788982153551,train,1,0.018724910314872004,1
2022-04-20,0.001268,-0.006123,7.04e-4,0.004791,0.00653,3.720000000000538e-5,0.0013276499999999992,0.0034402830067694528,0.003961,0.00483,14.192049303798571,1.3511302417095001,0.034298699235745245,0.012655872601657903,-0.03652849310976258,60.79499883135103,train,1,0.021636123643111304,1
2022-04-21,-4.54e-4,0.001268,-0.006123,7.04e-4,0.004791,-2.1559999999999462e-4,0.0016912999999999993,0.0033935740320657675,0.003606,0.0047,14.313948571122367,1.4744371835389678,0.03332947849101967,0.014523544162719393,-0.03313178028689501,63.26758617851485,train,1,0.02171432049823342,1
2022-04-22,0.003527,-4.54e-4,0.001268,-0.006123,7.04e-4,0.007597000000000004,0.003101799999999999,0.01256542591973883,0.018335,0.009549,14.094750092271932,1.1830586499560243,0.0399605789672401,0.05158540713671922,0,79.23439989466944,train,1,0.036341004150958735,1
2022-04-25,0.039767,0.003527,-4.54e-4,0.001268,-0.006123,0.006946000000000005,0.0030342999999999993,0.013371323328925475,0.01899,0.009636,14.932571943940912,2.5009979689515953,0.03584977446121478,0.0385882847061485,-0.009376805612876571,71.07779000890106,train,1,0.03575445568457168,1
2022-04-26,-0.009378,0.039767,0.003527,-4.54e-4,0.001268,0.008222600000000005,0.003718599999999999,0.013385768396572033,0.018725,0.009442,14.610918254143247,1.7383921976751144,0.03205161363570179,0.04267094545833916,-0.0017994222038795193,73.45580461092592,train,1,0.03596996122461074,1
2022-04-27,0.007651,-0.009378,0.039767,0.003527,-4.54e-4,0.015702600000000004,0.005463849999999999,0.01682837129803251,0.021636,0.011996,14.759252630222978,1.9123010499657478,0.03890408010832396,0.07526144115901867,0,81.45009472574009,train,1,0.03860006457896152,1
2022-04-28,0.036946,0.007651,-0.009378,0.039767,0.003527,0.015593200000000005,0.005439149999999999,0.01687486707634891,0.021714,0.012001,14.984007364928589,2.203656917004549,0.04490328108034368,0.07258572982278388,0,81.93954361462491,train,1,0.03946298580695587,1
2022-04-29,0.00298,0.036946,0.007651,-0.009378,0.039767,0.023914800000000007,0.009291849999999999,0.028466233144435065,0.036341,0.02078,14.196165763270505,0.9971778012473557,0.055460610127463617,0.14883666582668043,0,89.84815806705376,train,0,0.008486298203574983,0
2022-05-02,0.081375,0.00298,0.036946,0.007651,-0.009378,0.024439400000000007,0.0085721,0.02852085450663933,0.035754,0.021087,13.70671860610196,0.6097860408146422,0.058796004007035954,0.1311679804128496,-0.006754471528775174,86.19962964070992,train,1,0.01642232891523002,1
2022-05-03,-0.006755,0.081375,0.00298,0.036946,0.007651,0.024086000000000003,0.008769349999999999,0.028297938982861946,0.03597,0.02104,14.246315873805852,1.034587454742145,0.06151221583382451,0.12775812515959006,-9.117066069319613e-4,86.70264979252535,train,1,0.016715654166080368,1
2022-05-04,0.005884,-0.006755,0.081375,0.00298,0.036946,0.013831000000000005,0.00783965,0.02951667051308087,0.0386,0.021652,14.001497057310951,0.801905628282173,0.053092545224512976,0.10295584986962836,-0.015229421654502473,79.09447031318678,train,1,0.014150656885812758,1
2022-05-05,-0.014329,0.005884,-0.006755,0.081375,0.00298,0.011979600000000005,0.007611999999999999,0.03008875965170013,0.039463,0.021781,14.286986852306265,1.049019441607713,0.04991059807931293,0.0878647864361417,-0.021410400317626865,75.99421730182317,train,1,0.012724343578354053,0
2022-05-06,-0.006277,-0.014329,0.005884,-0.006755,0.081375,-0.0033891999999999937,0.0077959499999999985,0.02874121005648703,0.008486,0.021737,14.39755241970511,1.138174878907198,0.03002217675016585,0.08448960852926324,-0.016974408493576454,76.70008534785187,train,1,0.015118894122917854,1
2022-05-09,0.004531,-0.006277,-0.014329,0.005884,-0.006755,0.0037960000000000064,0.009193999999999999,0.02839732159142243,0.016422,0.022185,14.921082902485455,1.8058837816500104,0.03474731305034129,0.10602989924624917,0,80.65901821912166,train,1,0.021968854401174406,1
2022-05-10,0.029171,0.004531,-0.006277,-0.014329,0.005884,0.004762800000000006,0.009626349999999999,0.02833621546988157,0.016715,0.022123,14.406412919593999,1.0467949641264784,0.038214442666658924,0.10731881834752532,0,81.91060721591344,train,1,0.022196284096668073,1
2022-05-11,0.010718,0.029171,0.004531,-0.006277,-0.014329,0.012171400000000006,0.010435549999999998,0.027422030850313688,0.014151,0.022299,14.446046425793634,1.0639870324568046,0.04050294430885511,0.12080762912604759,0,84.26055825808687,train,1,0.023045567810318756,1
2022-05-12,0.022714,0.010718,0.029171,0.004531,-0.006277,0.013095000000000006,0.01011305,0.027648698916746317,0.012724,0.022432,14.34973586128185,0.9476425078812095,0.041015154308850686,0.10787642108624884,-0.0016639247062353313,83.3866662560439,train,1,0.02348938081772272,1
2022-05-13,-0.001659,0.022714,0.010718,0.029171,0.004531,0.011003000000000006,0.009781399999999999,0.013825224205133971,0.015119,0.022626,14.433015667164899,1.0026361769734802,0.044854611330958236,0.09091611676647093,-0.0075790598591054525,80.20220883060544,train,1,0.02368066846184879,1
2022-05-16,-0.005929,-0.001659,0.022714,0.010718,0.029171,0.014913200000000007,0.01252365,0.019201487622924774,0.021969,0.023886,14.216195593038327,0.7962928953419345,0.04592733266091918,0.13008410614698573,0,85.1833214112788,train,0,0.0104539790414942,0
2022-05-17,0.048722,-0.005929,-0.001659,0.022714,0.010718,0.014198800000000006,0.01281755,0.019180278435008302,0.022196,0.023776,14.691922183992238,1.2597325538742614,0.04225849153567243,0.12402690696329643,0,85.7758541463698,train,0,0.010311480946013526,0
2022-05-18,0.007146,0.048722,-0.005929,-0.001659,0.022714,0.008574800000000006,0.01256995,0.01812823449422965,0.023045,0.023946,13.789632593121421,0.5175490058925297,0.03783317699312062,0.10455694046447639,-0.005401634799406141,83.05153740434454,train,0,0.010274897532335785,0
2022-05-19,-0.005406,0.007146,0.048722,-0.005929,-0.001659,0.007865800000000006,0.012133399999999999,0.018021595238305994,0.023489,0.024198,14.259055985634314,0.8295349894377123,0.034330311152787084,0.08626576078245307,-0.010579691999499374,80.41487076242106,train,0,0.009987983395060285,0
2022-05-20,-0.005204,-0.005406,0.007146,0.048722,-0.005929,0.007613400000000006,0.009785499999999999,0.01881531156502302,0.023681,0.023648,13.617912913617802,0.4428180624230484,0.0321209794098332,0.0685007530561823,-0.017693931209644354,76.80697078328363,train,1,0.013341329045488683,0
2022-05-23,-0.007191,-0.005204,-0.005406,0.007146,0.048722,0.0012506000000000058,0.011099799999999998,0.017746146883509985,0.010454,0.023254,14.53184531667921,1.1353407067097474,0.026872026795672133,0.07522399798040214,-0.0010865871326621868,79.15778542386491,train,1,0.015201830360190184,1
2022-05-24,0.016908,-0.007191,-0.005204,-0.005406,0.007146,-0.0014803999999999944,0.0103918,0.018289644761752787,0.010312,0.023578000000000002,14.331221628477572,0.943095865797327,0.025115084275107245,0.057904240025320464,-0.0075882237206891245,75.91372879889211,train,1,0.017653822806973,1
2022-05-25,-0.006509,0.016908,-0.007191,-0.005204,-0.005406,4.024000000000056e-4,0.0087449,0.017364258196396157,0.010275,0.022761,14.609043651337302,1.2578151799897945,0.033421192310604704,0.053427294256802815,-0.0036085424529146426,76.5473035428713,train,1,0.017660134045357642,1
2022-05-26,0.004008,-0.006509,0.016908,-0.007191,-0.005204,9.086000000000057e-4,0.00846225,0.017407054360549092,0.009988,0.022872,14.849057964769086,1.617705851605002,0.03537185822981367,0.042337867126815754,-0.006273587436727679,75.12222866233107,train,1,0.018471449171627005,1
2022-05-27,-0.002673,0.004008,-0.006509,0.016908,-0.007191,0.007377200000000006,0.005651099999999999,0.01812058361244349,0.013341,0.0158,14.616185703565657,1.2540732996711121,0.04206520126954029,0.06262313616621151,0,79.0598794442844,train,1,0.013586405989075992,0
2022-05-30,0.025152,-0.002673,0.004008,-0.006509,0.016908,9.57400000000006e-4,0.005229299999999999,0.01230058811602112,0.015202,0.016255,13.680646849629774,0.4923862237114928,0.04123480692747711,0.041204381873942486,-0.015191618054366862,71.51272044003562,train,1,0.012017478383587799,0
2022-05-31,-0.015191,0.025152,-0.002673,0.004008,-0.006509,-0.001602799999999994,0.0039695999999999985,0.013629925614861831,0.017654,0.017153,13.580420935631663,0.45501785837167674,0.046303569877304246,0.017271690170636456,-0.03421076888637231,63.358141276430736,train,0,0.006262925410700658,0
2022-06-01,-0.01931,-0.015191,0.025152,-0.002673,0.004008,-0.001586999999999994,0.004890399999999999,0.013661420521958095,0.01766,0.016605,14.664244244202871,1.3025670289919198,0.04064572150018768,0.016726616056373267,-0.03026033368009373,64.26951329282032,train,0,0.007628138350869103,0
2022-06-02,0.004087,-0.01931,-0.015191,0.025152,-0.002673,0.001121000000000006,0.005747599999999999,0.013999721313099216,0.018472,0.01644,14.653703090382791,1.2639030917108194,0.04330620989728643,0.022200801359950173,-0.019725839796684297,66.65154392202942,train,0,0.006132514720732434,0
2022-06-03,0.010867,0.004087,-0.01931,-0.015191,0.025152,-0.002702199999999994,0.005822849999999999,0.013761103454221168,0.013587,0.016437,14.817973848451604,1.4524237372349953,0.035212077984920986,0.022723677703001544,-0.013808965732169276,67.94418675506952,train,0,0.005267769755788497,0
2022-06-06,0.006036,0.010867,0.004087,-0.01931,-0.015191,-8.891999999999942e-4,0.004057999999999999,0.012955421691751725,0.012018,0.015676,13.811127968432881,0.5609487597120353,0.03260179778458928,0.012565183875209662,-0.019848742225323956,65.16737608075925,train,0,0.00785644364200495,0
2022-06-07,-0.006126,0.006036,0.010867,0.004087,-0.01931,0.004126800000000006,0.0038105999999999986,0.012847816796811996,0.006263,0.015604,13.492350519534655,0.42064949225810966,0.02754364868626207,0.014734180669582875,-0.014190841135442889,66.54665677820772,train,0,0.007792742437678792,0
2022-06-08,0.00577,-0.006126,0.006036,0.010867,0.004087,0.002189200000000006,0.002394849999999999,0.012978291844888953,0.007628,0.015074,13.710614378929954,0.5385595936217253,0.028944687848507428,0.006780254697390742,-0.019712671679329996,63.88778904539097,train,0,0.007367515951798137,0
2022-06-09,-0.005601,0.00577,-0.006126,0.006036,0.010867,-7.485999999999941e-4,0.002286699999999999,0.013012588757729102,0.006132,0.015112,13.81836647594547,0.6127190493818463,0.027232539887016533,7.914906767618746e-4,-0.02346119575284311,62.07458682532083,train,0,0.007256046533753763,0
2022-06-10,-0.003822,-0.005601,0.00577,-0.006126,0.006036,-0.003396199999999994,0.002223049999999999,0.0097214733314109,0.005268,0.015151,13.563750173116661,0.49114537907895717,0.026726883830753122,-0.008453749262375854,-0.030492970420018972,58.70854854158628,train,0,0.00717357041507226,0
2022-06-13,-0.007202,-0.003822,-0.005601,0.00577,-0.006126,-1.919999999999395e-5,3.2489999999999884e-4,0.009582775193022114,0.007856,0.010762,14.227653983055188,0.953463070860024,0.02842362563926838,0.0019421571520412684,-0.02006382147544372,61.99979051036152,train,1,0.013010169687594395,0
2022-06-14,0.010759,-0.007202,-0.003822,-0.005601,0.00577,-8.979999999999396e-5,2.3844999999999886e-4,0.007025774504557408,0.007793,0.010711,14.375385740825353,1.1284780383087263,0.03112037048127972,0.0071858837286364885,-0.01475268080922476,63.591367486091976,train,1,0.014037669689090138,1
2022-06-15,0.005417,0.010759,-0.007202,-0.003822,-0.005601,0.002068400000000006,7.68249999999999e-4,0.007070373442911076,0.007368,0.010679,13.935080440702583,0.7230037090593485,0.028245418986134595,0.011687266417212738,-0.009639061903319646,65.10670333732332,train,1,0.014485513960505509,1
2022-06-16,0.00519,0.005417,0.010759,-0.007202,-0.003822,0.004898400000000006,0.001544849999999999,0.006998041907879979,0.007256,0.010786,13.812793871109974,0.65150446054133,0.03064161681551052,0.020604656670764054,0,67.97733021539841,train,1,0.013993318448459607,0
2022-06-17,0.010328,0.00519,0.005417,0.010759,-0.007202,0.010909000000000005,0.003046949999999999,0.00959418174613019,0.007174,0.011569,13.491768744551843,0.47411085087174687,0.03332881387335128,0.04078396923258221,0,73.27144490990364,train,0,0.0034573865563457032,0
2022-06-20,0.022851,0.010328,0.00519,0.005417,0.010759,0.0060924000000000065,0.001535349999999999,0.010631880906029751,0.01301,0.011637,14.202118991222134,0.9831981050202097,0.03545230122328548,0.02538971530447376,-0.013325270408206857,66.23731905870375,train,0,0.0023075747441848988,0
2022-06-21,-0.013324,0.022851,0.010328,0.00519,0.005417,0.003897600000000006,0.001582949999999999,0.010908103088479174,0.014038,0.011604,13.83458645066459,0.6960458118045323,0.03256818217060867,0.018141150648451454,-0.018806343978109985,63.53544120011199,train,0,0.0029303496037162533,0
2022-06-22,-0.005557,-0.013324,0.022851,0.010328,0.00519,0.0019438000000000055,0.0011535999999999988,0.010834514996579732,0.014486,0.011669,13.74321939594953,0.6643245891113568,0.03313548448617003,0.012372538228529129,-0.023300995857028828,61.32629329145004,train,0,0.005112074216988639,0
2022-06-23,-0.004579,-0.005557,-0.013324,0.022851,0.010328,-0.0014131999999999945,9.643999999999987e-4,0.011022418702101841,0.013993,0.011764,13.935803330483619,0.8569138558544019,0.028161040193202196,0.004937568648282431,-0.02960551709940551,58.26598906228679,train,0,0.005472622890351573,0
2022-06-24,-0.006457,-0.004579,-0.005557,-0.013324,0.022851,-0.007637599999999994,-7.067500000000013e-4,0.011123525950285129,0.003457,0.010448,13.669082647307588,0.6921450303568867,0.025398358798021797,-0.0026166805271765625,-0.03763413190602405,54.533854652669824,train,0,0.005414211142909003,0
2022-06-27,-0.008271,-0.006457,-0.004579,-0.005557,-0.013324,-0.005382199999999995,-4.9550000000001326e-5,0.010685003919824581,0.002307,0.009887,13.852229104847305,0.8258475218189835,0.023933360618030284,-0.0045617363581321735,-0.039602686498031336,53.626836752703795,train,0,0.005767775671781975,0
2022-06-28,-0.002047,-0.008271,-0.006457,-0.004579,-0.005557,-0.006147399999999995,4.4679999999999866e-4,0.010928187502966811,0.00293,0.009086,13.454893568650046,0.5571270886692524,0.025455305390974355,-0.014296042227379568,-0.04861343420567321,49.563267705760346,train,0,0.001719491436442764,0
2022-06-29,-0.009383,-0.002047,-0.008271,-0.006457,-0.004579,-0.004625599999999995,3.9394999999999865e-4,0.010810212305963284,0.005112,0.009067,14.08728197456388,1.0933149787677094,0.027140782407723014,-0.011655643259138038,-0.045731367352015106,50.846219369244864,train,0,0.0032795695144332586,0
2022-06-30,0.00303,-0.009383,-0.002047,-0.008271,-0.006457,-0.003181399999999995,-1.112000000000013e-4,0.010060188744087591,0.0054729999999999996,0.008727,13.789406800176696,0.8595789348395821,0.03130363023753817,-0.010756385548805758,-0.04500227305867921,51.18450641637551,train,0,0.0072231939403563025,0
2022-07-01,7.64e-4,0.00303,-0.009383,-0.002047,-0.008271,-6.875999999999946e-4,-2.0310000000000128e-4,0.00563545390462127,0.005414,0.008669,14.105210093967209,1.2557377096946,0.032710659327794024,-0.006366624711302449,-0.04099225444533072,53.096477310428256,train,0,0.007377539650859221,0
2022-07-04,0.004198,7.64e-4,0.00303,-0.009383,-0.002047,6.042000000000055e-4,3.2379999999999876e-4,0.0052064171088293644,0.005768,0.00861,13.765226228085012,0.8956914770245467,0.03115997344963723,-0.0022718246652456697,-0.0367635075439815,55.093939364281226,train,0,0.0116079901231867,0
2022-07-05,0.004412,0.004198,7.64e-4,0.00303,-0.009383,0.0035156000000000054,2.939999999999988e-4,0.005573830927747191,0.00172,0.008591,13.781460374553788,0.9000649074300848,0.030550393319218723,0.0026305305873017826,-0.03177993360953135,57.39660651692854,train,1,0.012007547076734699,0
2022-07-06,0.005174,0.004412,0.004198,7.64e-4,0.00303,0.0023822000000000053,4.4219999999999877e-4,0.005480558245085785,0.00328,0.008509,13.512430543332396,0.692981263495865,0.030636054765011668,-4.1797046593605724e-4,-0.0343317636362076,55.818275315947744,train,1,0.013293437505024801,0
2022-07-07,-0.002637,0.005174,0.004412,0.004198,7.64e-4,0.005693200000000006,0.0014992499999999988,0.007640483120995833,0.007223,0.009234,14.00544969385719,1.123708005203061,0.028694813188146474,0.015411976808669792,-0.017605482789085802,63.0002385062791,train,0,0.007763942857852574,0
2022-07-08,0.017319,-0.002637,0.005174,0.004412,0.004198,0.005298600000000006,0.0019705999999999986,0.006868232592482906,0.007378,0.009004,13.596549497826866,0.7456715752931949,0.02698342411667313,0.015711068538485806,-0.015422488699038506,63.82670720919517,train,0,0.007021997529193527,0
2022-07-11,0.002225,0.017319,-0.002637,0.005174,0.004412,0.0015062000000000057,7.051499999999988e-4,0.00865438035268204,0.011608,0.00947,13.693904348282855,0.8464524346128812,0.02992279003114242,2.7457477387371476e-4,-0.02974704716811183,55.12525971279932,train,0,0.005754889616665119,0
2022-07-12,-0.01455,0.002225,0.017319,-0.002637,0.005174,-0.0010623999999999944,5.084999999999881e-5,0.008438974137233086,0.012008,0.009579,13.8157715239097,0.9917147493899199,0.02794936179892481,-0.007403958667291821,-0.03718809775010079,51.21902724185233,train,0,0.010799387005751762,0
2022-07-13,-0.007669,-0.01455,0.002225,0.017319,-0.002637,-0.0032497999999999945,-8.873500000000012e-4,0.009598511386899765,0.013294,0.009961,13.845815683578982,1.0268612794012386,0.02810027542313633,-0.019970738261449017,-0.050256040760659704,45.16594964059755,train,0,0.007786949293529527,0
2022-07-14,-0.013574,-0.007669,-0.01455,0.002225,0.017319,-0.006615799999999994,-0.0013793000000000013,0.00959509168562529,0.007764,0.009614,13.388986253407488,0.661653489071361,0.028048202603666396,-0.01810202111278314,-0.049792851444893316,45.41219978490489,train,0,0.0076450523412204315,0
2022-07-15,4.89e-4,-0.013574,-0.007669,-0.01455,0.002225,-0.007185599999999995,-0.002553050000000001,0.009455064994782192,0.007022,0.007753,13.757808349235859,0.9461975689665809,0.029733293141295275,-0.016152406664825758,-0.05038470445948384,45.13329036808985,train,0,0.009162418228830203,0
2022-07-18,-6.24e-4,4.89e-4,-0.013574,-0.007669,-0.01455,-0.004954999999999994,-0.0020567000000000007,0.009284542233674684,0.005755,0.007334,14.01431797314283,1.2385212266887742,0.028117526007868383,-0.017443400784118213,-0.05360987451000576,43.56316789635822,train,1,0.019934106844802454,1
2022-07-19,-0.003397,-6.24e-4,4.89e-4,-0.013574,-0.007669,-1.337999999999947e-4,-9.57000000000001e-4,0.010777484404999156,0.0108,0.008359,13.720925115474406,0.9287641709275223,0.02835150086229981,-2.9461697787169783e-4,-0.0380544333221825,52.20041016526578,train,1,0.017138136004245037,1
2022-07-20,0.016437,-0.003397,-6.24e-4,4.89e-4,-0.013574,0.0035294000000000054,-4.909500000000011e-4,0.010874547865952353,0.007787,0.008406,13.759327433081282,0.9643809400910095,0.02629539948821653,0.00497569013591459,-0.033495449593851534,54.40292987420265,train,1,0.016899565606843272,1
2022-07-21,0.004742,0.016437,-0.003397,-6.24e-4,4.89e-4,0.004663400000000005,1.3984999999999893e-4,0.009386476191249242,0.007645,0.008408,13.856112048175241,1.06708628629203,0.02693078432644764,0.011057042962254737,-0.027542609128260453,57.17757698316338,train,1,0.01865237871693581,1
2022-07-22,0.006159,0.004742,0.016437,-0.003397,-6.24e-4,0.0033684000000000053,1.9844999999999894e-4,0.009495617225272347,0.009162,0.00835,13.784019890872903,0.9875422412531045,0.02442147601193403,0.0037159804994617573,-0.0344432721751885,53.14066686960616,train,1,0.019110430324825237,1
2022-07-25,-0.007099,0.006159,0.004742,0.016437,-0.003397,-0.003036199999999995,-0.001470200000000001,0.013869046127578093,0.019934,0.011546,14.433349969979497,1.8148094373581596,0.031098779324890653,-0.030375120164991665,-0.06864637211257218,38.59548475744386,train,1,0.01517237312354267,1
2022-07-26,-0.03542,-0.007099,0.006159,0.004742,0.016437,-0.006181199999999995,-9.65450000000001e-4,0.013875628027828747,0.017138,0.011401,14.33705176425812,1.5722554206918282,0.03018487391701985,-0.02870377778204869,-0.06798160966864797,38.94526654465991,train,1,0.014623445893495828,1
2022-07-27,7.12e-4,-0.03542,-0.007099,0.006159,0.004742,-0.006496799999999995,-9.58750000000001e-4,0.013483484976897562,0.0169,0.011404,14.594656978475923,1.955098092578038,0.03182304632069278,-0.024647882597854887,-0.06503092217561723,40.56368268632074,train,1,0.015373515463289454,1
2022-07-28,0.003164,7.12e-4,-0.03542,-0.007099,0.006159,-0.014401399999999995,-0.0026651500000000007,0.016779944133134387,0.018652,0.013494,14.083344452082443,1.1552397683952533,0.03996547933788263,-0.05466615286820209,-0.09622758035047985,31.15933654634567,train,1,0.012027773929534925,0
2022-07-29,-0.033364,0.003164,7.12e-4,-0.03542,-0.007099,-0.013620799999999994,-0.0030348500000000013,0.01672727683090639,0.019111,0.013397,14.252518259815597,1.3554794469571567,0.04676531702338541,-0.054812130996911956,-0.09911393599409857,30.45579837061996,train,0,0.011493065148166524,0
2022-08-01,-0.003196,-0.033364,0.003164,7.12e-4,-0.03542,-0.0065281999999999936,-0.0032533000000000015,0.016801994747978916,0.015172,0.013305,14.345571000795033,1.4404884910392695,0.04003111071107189,-0.05167173526714364,-0.09907533688445136,30.47840476624515,train,1,0.012266212699933098,0
2022-08-02,4.3e-5,-0.003196,-0.033364,0.003164,7.12e-4,-0.008266599999999994,-0.003911000000000001,0.01505956962237338,0.014623,0.013191,14.926324766168761,2.366974638711212,0.04650827049756069,-0.055535538257588724,-0.10626334885875299,28.613093149610947,train,1,0.016134386483532617,1
2022-08-03,-0.00798,4.3e-5,-0.003196,-0.033364,0.003164,-0.014683199999999993,-0.005225100000000002,0.015830013841504443,0.015373,0.014318000000000001,14.667889345693823,1.7202079372151193,0.05410626693855427,-0.07808815888471454,-0.13211188595249734,23.13080589710573,train,1,0.015124670707159215,1
2022-08-04,-0.028919,-0.00798,4.3e-5,-0.003196,-0.033364,-0.011877199999999994,-0.0070577500000000015,0.014855763094577883,0.012028,0.013609,14.478428916869792,1.386134412707096,0.052500364035179936,-0.0895619620868735,-0.14888963227914875,20.39878721753034,train,0,0.010432011009388363,0
2022-08-05,-0.019334,-0.028919,-0.00798,4.3e-5,-0.003196,-0.012565999999999994,-0.007501000000000001,0.014877193143272094,0.011493,0.013434,14.714045382581086,1.6566282004567054,0.0530953483129451,-0.088828708653243,-0.15454225744748373,19.560534693310174,train,0,0.009579860202529053,0
2022-08-08,-0.00664,-0.019334,-0.028919,-0.00798,4.3e-5,-0.012028999999999995,-0.006637100000000002,0.013326208606434999,0.012266,0.013512,14.39007913648881,1.1632468748484643,0.05497888345700498,-0.08027140996668092,-0.15223488844857302,20.987837174989565,train,0,0.009509389034002133,0
2022-08-09,0.002728,-0.00664,-0.019334,-0.028919,-0.00798,-0.008245799999999994,-0.005706850000000001,0.014516869380903798,0.016134,0.014066,14.087764222258835,0.8510495415558199,0.054032284543084855,-0.06484635728707555,-0.14296252455332248,26.62249904790295,train,0,0.009070960764990664,0
2022-08-10,0.010936,0.002728,-0.00664,-0.019334,-0.028919,0.0014390000000000058,-0.004052900000000001,0.016700684945700747,0.015125,0.015006,13.981104654286026,0.7612659269708033,0.04981367214632067,-0.04264037631048423,-0.12624911007608308,35.5450598990891,train,0,0.004087543638910782,0
2022-08-11,0.019505,0.010936,0.002728,-0.00664,-0.019334,0.004904800000000006,-0.004177600000000002,0.013816518324897276,0.010432,0.014977,13.548814725787878,0.49228136947503415,0.039103900779682316,-0.04044645543409642,-0.12799893638008963,35.06432404515343,train,0,0.004743111510390622,0
2022-08-12,-0.002005,0.019505,0.010936,0.002728,-0.00664,0.005573000000000007,-0.004311350000000001,0.013816316338542148,0.00958,0.014955,14.154844410539916,0.8892715623392405,0.034170906662547414,-0.03935879510516205,-0.1308767144437868,34.24404915855493,train,0,0.004383031165757323,0
2022-08-15,-0.003299,-0.002005,0.019505,0.010936,0.002728,0.005797600000000006,-0.003948950000000001,0.013976261557448839,0.00951,0.015066,13.632230541995035,0.5338599846408687,0.031571422883968275,-0.03170100970483758,-0.12752716948440168,36.11727681993428,train,0,0.0052415900450149665,0
2022-08-16,0.003851,-0.003299,-0.002005,0.019505,0.010936,0.004657800000000006,-0.004508950000000001,0.014089634716501506,0.009071,0.014464,13.932066173982609,0.7156101043927654,0.027102304338042775,-0.022024019464254696,-0.12295960817614915,38.682488896317665,train,0,0.006599050855994368,0
2022-08-17,0.005237,0.003851,-0.003299,-0.002005,0.019505,1.3200000000000554e-4,-0.004902250000000001,0.010467544180306414,0.004087,0.014306,13.60643508555385,0.5189365527670095,0.02372012184248509,-0.020042177359305025,-0.1257001449611006,37.70420352427684,train,0,0.008007933141579044,0
2022-08-18,-0.003124,0.005237,0.003851,-0.003299,-0.002005,0.0018676000000000057,-0.004876550000000001,0.007805676720609602,0.004743,0.014327,14.005393455632055,0.7692316256506354,0.027445327070297683,-0.008369171297414879,-0.11986310182445126,41.119768930603456,train,0,0.008482503804891572,0
2022-08-19,0.006673,-0.003124,0.005237,0.003851,-0.003299,0.004164800000000005,-0.004112250000000001,0.007062391024921297,0.004383,0.014607,13.558989886401697,0.4953274988739341,0.028490387824943963,0.004173256263463765,-0.11265793469030638,45.119731529885286,train,0,0.008568194383882757,0
2022-08-22,0.008187,0.006673,-0.003124,0.005237,0.003851,0.005531200000000005,-0.0018071000000000014,0.007240230248026954,0.005242,0.01295,13.825317314154658,0.6644558603239569,0.028571773813507107,0.016886428440996637,-0.10317970887693739,49.93770956425958,train,0,0.007779343596988116,0
2022-08-23,0.010683,0.008187,0.006673,-0.003124,0.005237,0.007399200000000006,-0.0011138500000000013,0.007616556457991878,0.006599,0.013454,13.828722889436408,0.6817800521572169,0.028689367473143424,0.03300457304009785,-0.09010747707641764,55.71251055871745,train,0,0.0032920095230724957,0
2022-08-24,0.014577,0.010683,0.008187,0.006673,-0.003124,0.006707800000000005,-0.0016011000000000016,0.0069237344523506005,0.008008,0.013467,14.39746133828077,1.2200602119430946,0.02563770757001767,0.028020083364449055,-0.09609462786169509,52.71333466419697,train,0,0.005158839239596443,0
2022-08-25,-0.006581,0.014577,0.010683,0.008187,0.006673,0.005465400000000005,9.014999999999865e-5,0.00675080507544594,0.008483,0.011202,13.973116689407648,0.8018906647605492,0.022535761992813014,0.028461112803342736,-0.09567861523549737,52.90305459062979,train,0,0.0052764261863499995,0
2022-08-26,4.61e-4,-0.006581,0.014577,0.010683,0.008187,0.003916000000000005,2.7194999999999867e-4,0.006417462482251931,0.008568,0.011175,13.667284294076957,0.6048065382033682,0.019367970347334007,0.02869044220034911,-0.09527975776914299,53.0973522268442,train,0,0.00497163792929453,0
2022-08-29,4.4e-4,4.61e-4,-0.006581,0.014577,0.010683,0.0016924000000000054,2.480499999999987e-4,0.006572761770282633,0.007779,0.011176,13.986772010000404,0.8476982579594053,0.02011684950700251,0.028043033316399013,-0.09567432644553664,52.86500759790753,train,0,0.005291549933620583,0
2022-08-30,-4.35e-4,4.4e-4,4.61e-4,-0.006581,0.014577,-0.0021917999999999946,4.048499999999986e-4,0.007051456887291684,0.003292,0.011076,14.350054075534146,1.279822958732665,0.021400930123812688,0.02270412216478701,-0.10005318099551397,50.2376931183632,train,0,0.005362093126755633,0
2022-08-31,-0.004844,-4.35e-4,4.4e-4,4.61e-4,-0.006581,-0.003182399999999995,0.0012740999999999985,0.00821585595797676,0.005159,0.009172,13.40810005880942,0.5324982121237537,0.024765986002156855,0.00966113732425411,-0.11043634149061188,44.58002117573227,train,0,0.0044046455362492,0
2022-09-01,-0.011534,-0.004844,-4.35e-4,4.4e-4,4.61e-4,-0.0030563999999999947,0.0022953499999999985,0.008032758378456722,0.005277,0.00779,13.604889521648955,0.6790234339408533,0.02573836260033291,0.008509601806198974,-0.1094627861695101,45.2031522368125,train,0,0.004725288107618413,0
2022-09-02,0.001091,-0.011534,-0.004844,-4.35e-4,4.4e-4,-0.004303799999999995,0.0023374999999999984,0.007898222971023293,0.004972,0.007741,13.756285893250443,0.8435216144722406,0.02789348940910284,4.0076314607317975e-4,-0.11462648928231389,42.47521754162187,train,0,0.004931437467919471,0
2022-09-05,-0.005797,0.001091,-0.011534,-0.004844,-4.35e-4,-0.004009199999999995,0.0022529999999999985,0.006954977085991489,0.005292,0.007746,13.711238338785837,0.8392417278014122,0.026891033805996094,-7.371662593995687e-4,-0.11370868823070246,43.132125037713706,train,0,0.005768988706870555,0
2022-09-06,0.001038,-0.005797,0.001091,-0.011534,-0.004844,-0.004240799999999995,0.0014060999999999982,0.004331454465752687,0.005362,0.007672,13.732321321824736,0.8730935115822042,0.025249161469049274,-0.008071584304957469,-0.11902678778209508,40.26300935152042,train,0,0.009431334131500166,0
2022-09-07,-0.006002,0.001038,-0.005797,0.001091,-0.011534,-0.0036233999999999945,8.499999999998282e-6,0.0045282361159972905,0.004405,0.006684,13.489452109139902,0.7000538743222487,0.023235958910227762,-0.016437695318206158,-0.12646783836408393,36.59499233162573,train,0,0.00683348545765629,0
2022-09-08,-0.008447,-0.006002,0.001038,-0.005797,0.001091,-0.003396799999999995,2.1994999999999827e-4,0.004725413143607422,0.004725,0.006684,14.166499064721275,1.3353568248749765,0.025308610385197588,-0.014442905633841208,-0.12452501651184134,38.17859913321499,train,0,0.0066241601958285995,0
2022-09-09,0.002224,-0.008447,-0.006002,0.001038,-0.005797,-0.0019259999999999948,4.627499999999983e-4,0.0048336766418305,0.004932,0.006637,13.459857948406475,0.6812498973092945,0.022774443968583767,-0.013336074482029003,-0.11131927027414712,39.32425068752005,train,0,0.009283361594810361,0
2022-09-12,0.001557,0.002224,-0.008447,-0.006002,0.001038,-0.0011367999999999947,5.193999999999982e-4,0.005433983907881133,0.005769,0.006672,13.765456495411675,0.919451187462618,0.02212258065183206,-0.008905562449276982,-0.10498758548590847,42.97127861286924,train,0,0.011199382023129669,0
2022-09-13,0.004984,0.001557,0.002224,-0.008447,-0.006002,0.003631000000000005,0.0011493999999999981,0.008338142031918409,0.009431,0.007662,14.076967487851288,1.2449563452782861,0.023521155837057307,0.007646012138989855,-0.08902295596114473,53.74100383605051,train,0,0.009494998646656039,0
2022-09-14,0.017837,0.004984,0.001557,0.002224,-0.008447,0.005834000000000005,0.0014339999999999982,0.007363541871952654,0.006833,0.007601,13.807964155358873,0.9431337524755928,0.023282006008256285,0.008820624841371805,-0.08668380014810295,55.07957012131374,train,0,0.009889894878106643,0
2022-09-15,0.002568,0.017837,0.004984,0.001557,0.002224,0.0062354000000000055,0.0013118999999999982,0.007429517526581236,0.006624,0.007532,13.570661895779118,0.7592782006023321,0.02130830497258437,0.011788834124525582,-0.08282005488522004,57.27856167545026,train,0,0.01167720157828921,0
2022-09-16,0.004231,0.002568,0.017837,0.004984,0.001557,0.0042700000000000056,4.890499999999983e-4,0.007731433329812353,0.009283,0.007639,13.478341278465109,0.6943382659286337,0.023282114131202642,0.002956058262373773,-0.09040815437557159,51.90459825717566,train,0,0.011834724225768846,0
2022-09-19,-0.00827,0.004231,0.002568,0.017837,0.004984,0.001284200000000005,-5.423500000000018e-4,0.00849498319990491,0.0112,0.007583,13.758010674065355,0.9213415986382691,0.026638573454579106,-0.006449889009621845,-0.0994511477980572,46.32638749441562,train,0,0.01148956841225988,0
2022-09-20,-0.009945,-0.00827,0.004231,0.002568,0.017837,3.194000000000055e-4,-6.205500000000017e-4,0.009091125022667864,0.009495,0.007425,13.626252599865078,0.8149904440336095,0.0258061016743704,0.0071377132627779005,-0.08773358888356486,53.32599611800212,train,0,0.008294469766054972,0
2022-09-21,0.013013,-0.009945,-0.00827,0.004231,0.002568,-0.0016017999999999946,-6.434000000000018e-4,0.008920973918555952,0.00989,0.007445,13.86681755225798,1.075670841938784,0.02650358611123002,7.242384067720486e-4,-0.09415428845232376,49.51547993162976,train,0,0.00841123696610671,0
2022-09-22,-0.007038,0.013013,-0.009945,-0.00827,0.004231,-0.006196199999999994,-0.0016035000000000018,0.011092078436634158,0.011677,0.008463,13.995775835397502,1.2220537985934596,0.03465695650280318,-0.01641991366717821,-0.11112950298383928,41.14453318669325,train,1,0.014018873110917297,1
2022-09-23,-0.018741,-0.007038,0.013013,-0.009945,-0.00827,-0.004672999999999995,-0.0016582000000000016,0.011080057774117325,0.011835,0.008453,14.54939748966258,2.001149490764832,0.03460189803857196,-0.01539858024534868,-0.1117132029446356,40.88855999827439,train,1,0.015389268380920518,1
2022-09-26,-6.54e-4,-0.018741,-0.007038,0.013013,-0.009945,-0.0029985999999999945,-0.0017151000000000017,0.010932120357511213,0.011489,0.008448,14.37502576941348,1.6366743976911777,0.03462181897940318,-0.015223663304321011,-0.11311146926863258,40.24267661005538,train,1,0.01813969560108438,1
2022-09-27,-0.001573,-6.54e-4,-0.018741,-0.007038,0.013013,-0.008840199999999994,-0.0022826500000000015,0.009692830067173938,0.008294,0.009031,14.393597555039069,1.661452525890163,0.0380103787018323,-0.02893215551454764,-0.12747310188613492,34.257152810948824,train,1,0.02025049419890784,1
2022-09-28,-0.016195,-0.001573,-6.54e-4,-0.018741,-0.007038,-0.008520599999999994,-0.0019779500000000018,0.009392137347566611,0.008411,0.008802,14.706407991825351,2.0983687965060533,0.04211291841036901,-0.03229292938370232,-0.13222110902992545,32.534296878182474,train,1,0.02050542950781573,1
2022-09-29,-0.00544,-0.016195,-0.001573,-6.54e-4,-0.018741,-3.36599999999995e-4,-9.235500000000016e-4,0.012549372009077676,0.014019,0.010321,14.236689553696516,1.2727537888630818,0.04221503921928672,-0.009863439583727818,-0.11297207823321864,44.6809034188572,train,1,0.017367941631062676,1
2022-09-30,0.022179,-0.00544,-0.016195,-0.001573,-6.54e-4,-0.003097399999999995,-0.0013566000000000016,0.012969054637011049,0.015389,0.010711,14.164683935377658,1.16127362001116,0.04573129791783762,-0.02281253202964395,-0.11490050453374734,39.569595851212625,train,1,0.020179001714653776,1
2022-10-03,-0.014458,0.022179,-0.00544,-0.016195,-0.001573,-0.007789999999999994,-0.0026603000000000017,0.014535889454496183,0.01814,0.011922,14.209197238601748,1.1858961462111082,0.04783270046026681,-0.04472461611468814,-0.13706206117912711,32.69464445779573,train,1,0.017736455079863055,1
2022-10-04,-0.025036,-0.014458,0.022179,-0.00544,-0.016195,-0.0011475999999999936,-0.0015093500000000015,0.015141786232879602,0.02025,0.01267,14.298007075103058,1.260737743485703,0.04667923842849545,-0.026942736873914797,-0.12237589528278592,40.11947380481016,train,1,0.013952503997490916,0
2022-10-05,0.017017,-0.025036,-0.014458,0.022179,-0.00544,0.0017226000000000069,-6.414500000000016e-4,0.015731052278146487,0.020505,0.012764,14.323397467937589,1.2475299406254856,0.04373585652102293,-0.017574335549188747,-0.11455650425149067,43.6818086423654,train,1,0.014176349099821153,1
2022-10-06,0.008911,0.017017,-0.025036,-0.014458,0.022179,-0.0049369999999999935,-0.0013086000000000016,0.015076125348083011,0.017368,0.012954,14.138463968505821,1.038427113363424,0.04062975977077936,-0.02716473083210169,-0.12440020463606538,40.42168770809862,train,1,0.014022328401517344,1
2022-10-07,-0.011119,0.008911,0.017017,-0.025036,-0.014458,-0.007731199999999994,-0.0028079000000000016,0.017093751366768176,0.020179,0.014273,13.840367059563134,0.7614638537379259,0.04338981301808958,-0.052141504582611575,-0.1492961224993825,33.59301207455118,train,0,0.006792831493567318,0
2022-10-10,-0.028429,-0.011119,0.008911,0.017017,-0.025036,-0.003845399999999994,-0.0033374500000000014,0.017040543986165595,0.017736,0.014165,13.675277904822183,0.6475554141636449,0.03710747425857477,-0.05428012312389152,-0.15406361359065734,32.46205912651372,train,0,0.006706167735748935,0
2022-10-11,-0.005607,-0.028429,-0.011119,0.008911,0.017017,-0.007266399999999994,-0.004233700000000002,0.016708676442029884,0.013953,0.013295,13.905466429006674,0.8214305622941851,0.03306213711356609,-0.05030448893716177,-0.1541385880111491,32.443560818117405,train,0,0.011323857350744048,0
2022-10-12,-8.8e-5,-0.005607,-0.028429,-0.011119,0.008911,-0.007113599999999995,-0.0038783500000000018,0.017259336051669093,0.014177,0.013578,13.849574729749921,0.7755512075057903,0.03284119188422388,-0.03729589765756913,-0.14595314539745263,36.68557716029926,train,0,0.011051289576334519,0
2022-10-13,0.009675,-8.8e-5,-0.005607,-0.028429,-0.011119,-0.0064783999999999935,-0.004487050000000001,0.01490348261350719,0.014022,0.013468,14.1153988307229,0.9906630360430906,0.03069023186839167,-0.0405428959411156,-0.1466808803606725,34.73893920693277,train,0,0.011205709839184664,0
2022-10-14,-0.007943,0.009675,-8.8e-5,-0.005607,-0.028429,-8.577999999999945e-4,-0.004089850000000002,0.014649413141450032,0.006793,0.013467,14.304381941373938,1.1577913022373016,0.022537951225169404,-0.03682502171606017,-0.11905340752191496,34.65781324022839,train,0,0.011481801243707365,0
2022-10-17,-3.26e-4,-0.007943,0.009675,-8.8e-5,-0.005607,0.0014138000000000054,-0.0033050500000000016,0.012941604140651704,0.006706,0.013565,14.005343831042067,0.8505380477205359,0.022187236061660648,-0.027971839696928846,-0.11398466993573497,37.418369596533935,train,0,0.010988555419162249,0
2022-10-18,0.005751,-3.26e-4,-0.007943,0.009675,-8.8e-5,-0.0023085999999999944,-0.004890700000000002,0.012261311804479431,0.011324,0.01341,14.161140024595811,0.9738788560513421,0.027880513115542092,-0.041351824315439045,-0.130553249267212,32.57393278166212,train,0,0.007327387030858954,0
2022-10-19,-0.0187,0.005751,-3.26e-4,-0.007943,0.009675,-0.0025195999999999942,-0.004107800000000002,0.012225481541981623,0.011051,0.013731,14.007203895445237,0.8303919452531797,0.029377879528579325,-0.02897210977300768,-0.09889420992100151,36.572108147301336,train,0,0.0067366208368884765,0
2022-10-20,0.00862,-0.0187,0.005751,-3.26e-4,-0.007943,-0.002752999999999994,-0.003626250000000002,0.01212651374330919,0.011206,0.013355,14.242985007110693,1.0392275214134221,0.03052772919286472,-0.03422827072238377,-0.10710043552857329,34.24092312485611,train,0,0.010805123344969275,0
2022-10-21,-0.00911,0.00862,-0.0187,0.005751,-3.26e-4,-0.0020865999999999944,-0.003443250000000002,0.008917349828034984,0.011482,0.013423,14.278223927727803,1.0948587933805205,0.02970286438296248,-0.027877724297684647,-0.1044184468032957,35.683852094180565,train,0,0.010940005607859623,0
2022-10-24,0.003006,-0.00911,0.00862,-0.0187,0.005751,-0.0027721999999999946,-0.003248450000000002,0.00886121783453669,0.010989,0.013479,14.053301510417105,0.889080723542495,0.02982059941245927,-0.022325396823359545,-0.10233507419068988,36.84317448504833,train,0,0.010866970309152409,0
2022-10-25,0.002323,0.003006,-0.00911,0.00862,-0.0187,0.002773200000000006,-0.001987350000000002,0.009382271177894804,0.007327,0.013384,13.992104912265438,0.8539449507403177,0.02481526670603686,-0.011434678546762944,-0.09423254586247853,41.27654557016179,train,0,0.0091251214128909,0
2022-10-26,0.009027,0.002323,0.003006,-0.00911,0.00862,0.002000600000000006,-0.0014775000000000018,0.008951305097271819,0.006736,0.013439,13.764201473978384,0.7181344628229714,0.02121832900283927,-0.005162050568361498,-0.08992439525632079,43.54570887890372,train,0,0.008988579932336364,0
2022-10-27,0.004757,0.009027,0.002323,0.003006,-0.00911,8.900000000000588e-5,-0.0035198500000000023,0.010485264284275868,0.010805,0.012741,13.805175333048888,0.7635833899368992,0.023205344783107963,-0.020157023930066353,-0.10691189502064513,37.40756739819627,train,0,0.004879342752871538,0
2022-10-28,-0.018668,0.004757,0.009027,0.002323,0.003006,-0.0016977999999999945,-0.003093350000000002,0.010574812021444585,0.01094,0.012496,13.731051194543406,0.7229432485667732,0.024507894487445885,-0.02285157693908968,-0.11220988329342552,35.71662744497705,train,0,0.0031421738494233574,0
2022-10-31,-0.005928,-0.018668,0.004757,0.009027,0.002323,-0.0018711999999999943,-0.0017687500000000019,0.010313890731005013,0.010867,0.011404,13.97082313395725,0.9303366410211836,0.02237320574329723,-0.019634339850740146,-0.11091366730141972,36.473245073650986,train,0,0.003742642983240587,0
2022-11-01,0.001456,-0.005928,-0.018668,0.004757,0.009027,-0.003918599999999994,-0.002680100000000002,0.008562088491976969,0.009125,0.010517,13.635422904150037,0.6867050078339905,0.02101665720337198,-0.018119826322348098,-0.11199306170930823,36.09228483479774,train,0,0.008643758655816345,0
2022-11-02,-0.00121,0.001456,-0.005928,-0.018668,0.004757,-0.004035799999999994,-0.002917100000000002,0.008136350740828333,0.008989,0.010293,13.767733180752945,0.8073614122562102,0.02225710073635334,-0.011037236788419391,-0.1082882407285205,38.46791390830221,train,0,0.008395972826301905,0
2022-11-03,0.004171,-0.00121,0.001456,-0.005928,-0.018668,0.0010308000000000062,-0.0020279000000000017,0.007919400741217735,0.004879,0.010316,13.226717987308557,0.4870502297178244,0.018858247608713997,-0.002334607112575715,-0.10234450121608618,42.18130627433987,train,0,0.007757689378932364,0
2022-11-04,0.006665,0.004171,-0.00121,0.001456,-0.005928,0.003260000000000006,-3.455500000000021e-4,0.00802549665406724,0.003142,0.008337,14.246282723998947,1.3203603541129665,0.020365118992434046,0.0032549698426598273,-0.09765926959407234,44.99901224006977,train,0,0.00691607210054956,0
2022-11-07,0.005218,0.006665,0.004171,-0.00121,0.001456,0.002696000000000006,-1.3340000000000208e-4,0.008031479526075988,0.003743,0.00825,13.76039100540983,0.8095351762807729,0.0244737557132094,0.00205389179342208,-0.09888949640830336,44.38733089879527,train,0,0.008273374480827034,0
2022-11-08,-0.001364,0.005218,0.006665,0.004171,-0.00121,5.3800000000005936e-5,-8.50050000000002e-4,0.008636997436094971,0.008644,0.008847,13.929405154541856,0.9575148774081066,0.02589898707273311,-0.011522678650308427,-0.11188465091724953,38.44279267720507,train,0,0.006645347658324582,0
2022-11-09,-0.014421,-0.001364,0.005218,0.006665,0.004171,-0.0014391999999999942,-0.001498500000000002,0.008313332962443189,0.008396,0.008503,14.179957124460291,1.2092263121750064,0.027395101870943038,-0.013265883015592395,-0.11481174230283375,37.23322744831182,train,0,0.006203632137707715,0
2022-11-10,-0.003294,-0.014421,-0.001364,0.005218,0.006665,-0.002035999999999994,-9.17300000000002e-4,0.006319916282849182,0.007757,0.008437,13.890583707042001,0.9158386736433652,0.0245848098880415,-0.008691678020044447,-0.11155470502837528,39.513789388491745,train,1,0.01300934634407125,0
2022-11-11,0.003681,-0.003294,-0.014421,-0.001364,0.005218,-0.004754399999999994,-0.001319700000000002,0.006594591703307592,0.006916,0.008597,14.176595961511424,1.2292946453710787,0.026873624674442854,-0.015660815310339582,-0.11899262806614008,36.27260008603353,train,1,0.01316258957424412,0
2022-11-14,-0.008374,0.003681,-0.003294,-0.014421,-0.001364,-0.003401599999999994,-0.001337250000000002,0.006853840947478526,0.008273,0.008583,13.505075590453115,0.6411558870637988,0.023858166303745834,-0.008981239358822668,-0.11423669375365297,39.67972368926767,train,1,0.015500119235025258,1
2022-11-15,0.0054,-0.008374,0.003681,-0.003294,-0.014421,0.0010060000000000056,-2.140000000000199e-5,0.007285964809900684,0.006645,0.007758,14.414854622528534,1.5645698550740577,0.02506788906665066,-0.0013793845429295182,-0.10238445129177531,44.23640823430823,train,1,0.014554424011275748,1
2022-11-16,0.007617,0.0054,-0.008374,0.003681,-0.003294,0.0019378000000000056,-3.8415000000000194e-4,0.00718346842951076,0.006204,0.007498,14.087288070772722,1.1226757409576906,0.022372785832860575,3.941218337693009e-4,-0.10116141265702783,45.041932204606155,train,1,0.014881388695279753,1
2022-11-17,0.001365,0.007617,0.0054,-0.008374,0.003681,-0.0036303999999999946,-0.001136650000000002,0.010132755606338178,0.013009,0.009021,13.867810745264975,0.9203233427809051,0.028315607308346008,-0.02263977428101982,-0.12287745911353398,35.2932722009067,train,1,0.013180796269573398,0
2022-11-18,-0.02416,0.001365,0.007617,0.0054,-0.008374,-0.003930599999999994,-0.001780700000000002,0.009922140710440354,0.013163,0.009168,14.171779819625078,1.2560448596999707,0.024765682519864735,-0.03054901441989677,-0.1311593584307923,32.29149153580833,train,1,0.012163125367273002,0
2022-11-21,-0.009875,-0.02416,0.001365,0.007617,0.0054,-0.0019225999999999948,-0.001124850000000002,0.011739194979497812,0.0155,0.009916,13.523351813485414,0.6721695777660546,0.028621088510954833,-0.014427750785015347,-0.11648152281804935,40.70172706549626,train,0,0.010564994969236852,0
2022-11-22,0.01544,-0.009875,-0.02416,0.001365,0.007617,-0.0042503999999999945,-0.001777300000000002,0.011020395070554917,0.014554,0.009638,13.743355907604023,0.847603282595466,0.027120799928030726,-0.01660313507442812,-0.12003875435155331,39.30954361499742,train,0,0.010335906360837447,0
2022-11-23,-0.004022,0.01544,-0.009875,-0.02416,0.001365,-0.007627999999999994,-0.002791300000000002,0.0118721169548185,0.014881,0.009975,14.176572962904233,1.2789361085019728,0.030421964159802743,-0.02911804876179369,-0.13369776355096252,34.438523726643666,train,0,0.004243506191818271,0
2022-11-24,-0.015523,-0.004022,0.01544,-0.009875,-0.02416,-7.49599999999995e-4,-0.001346300000000002,0.012439424120289672,0.013181,0.009642,13.348744880888864,0.56807406315869,0.029031640536672076,-0.0178211890155745,-0.1248308059100387,39.665247583760525,train,0,0.0032422638695824867,0
2022-11-25,0.010232,-0.015523,-0.004022,0.01544,-0.009875,0.0013168000000000053,-0.001027050000000002,0.012263856330697943,0.012163,0.009588,13.9556246122538,1.031432694041803,0.03155338101747705,-0.016326702661286108,-0.12443186405581397,39.8974109347655,train,0,0.002662604138808471,0
2022-11-28,4.57e-4,0.010232,-0.015523,-0.004022,0.01544,6.680000000000515e-5,-6.40350000000002e-4,0.012549393703371579,0.010565,0.009846,13.948554331722038,1.0253482642998293,0.02799882773000132,-0.00660586198169455,-0.11638653666228149,44.53275058387354,train,0,0.006661154989939807,0
2022-11-29,0.00919,4.57e-4,0.010232,-0.015523,-0.004022,0.0013844000000000052,-4.5155000000000195e-4,0.012265698793337823,0.010336,0.00987,14.307816750785383,1.4176224362274175,0.029294997391781596,-0.0035620647582090825,-0.1141211168472196,45.800328579424026,train,0,0.00621250675653556,0
2022-11-30,0.002566,0.00919,4.57e-4,0.010232,-0.015523,0.005292600000000005,-4.5920000000000195e-4,0.012361261433742648,0.004243,0.009867,13.419771002973407,0.5904604407678753,0.02868904964801817,9.535028401985723e-4,-0.11055913600592726,47.81950302055094,train,0,0.011139979052942603,0
2022-12-01,0.004018,0.002566,0.00919,4.57e-4,0.010232,0.0038970000000000055,-6.297500000000019e-4,0.009374669713293015,0.003242,0.009766,14.217917661806517,1.2597064394238533,0.022197920956308712,0.004894855801783837,-0.1076668075627979,49.465782057992485,train,0,0.01112203849570752,0
2022-12-02,0.003254,0.004018,0.002566,0.00919,4.57e-4,0.004991600000000005,-5.94150000000002e-4,0.008523723140610433,0.002662,0.00979,13.675642559965416,0.7536588151240055,0.022576830083577696,0.011511907947551414,-0.10237607868653154,52.42275345149647,train,0,0.011319992345403772,0
2022-12-05,0.00593,0.003254,0.004018,0.002566,0.00919,0.006867400000000005,4.02499999999998e-4,0.009065078408069312,0.006661,0.010681,13.703757430813406,0.7769030025179315,0.029162198467540406,0.029929099452028707,-0.08570600834928321,60.30430307307756,train,0,0.009327586091803173,0
2022-12-06,0.018569,0.00593,0.003254,0.004018,0.002566,0.007977800000000004,0.001529449999999998,0.008758406189991927,0.006213,0.010214,13.510009329835288,0.65091756570256,0.02906115818443933,0.03672285449480395,-0.07828284027602983,63.22571683381535,train,0,0.009385781357990394,0
2022-12-07,0.008118,0.018569,0.00593,0.003254,0.004018,0.0047156000000000056,0.001079499999999998,0.007953044384943975,0.01114,0.010627,13.543546967034366,0.6938954113066823,0.026234110346302048,0.022914287543891687,-0.08961468865912792,56.40172959173114,train,0,0.005652916388909357,0
2022-12-08,-0.012293,0.008118,0.018569,0.00593,0.003254,0.0048494000000000054,0.0010915999999999981,0.007739621908652184,0.011122,0.010631,13.916390651504283,1.0061459693181802,0.03149661792026266,0.025845780366972937,-0.08112057069460288,57.94243858188808,train,0,0.005561240491113471,0
2022-12-09,0.003923,-0.012293,0.008118,0.018569,0.00593,0.005559800000000005,0.001984399999999998,0.007758392431568683,0.01132,0.010543,13.537426278984135,0.7106802124871264,0.029545006841078338,0.03354849521904346,-0.07240640025975387,61.498421025965236,train,0,0.008525355488189335,0
2022-12-12,0.009482,0.003923,-0.012293,0.008118,0.018569,0.0038404000000000055,0.002212999999999998,0.007806024844809154,0.009327,0.01067,14.000580833567,1.1049479377340938,0.02529201816782839,0.041559222681977204,-0.0631574423790402,64.89139500645626,train,0,0.010692883109807195,0
2022-12-13,0.009972,0.009482,0.003923,-0.012293,0.008118,0.0016042000000000053,0.0016789999999999982,0.00822131018214926,0.009386,0.010652,13.649768793650141,0.8144191890585525,0.024210751932445363,0.03664928680377666,-0.059407083263206095,63.03523712320872,train,0,0.0108317372937124,0
2022-12-14,-0.003063,0.009972,0.009482,0.003923,-0.012293,0.005996800000000005,0.002094249999999998,0.008355451125529436,0.005653,0.0108,13.512251796348275,0.7299147124064387,0.026400153292348842,0.04448965754688916,-0.0321771261112036,66.3014244362463,train,0,0.01105760777474043,0
2022-12-15,0.00967,-0.003063,0.009972,0.009482,0.003923,0.006766600000000006,0.003690849999999998,0.008351298528439221,0.005561,0.00891,13.683557347925666,0.8739606919030826,0.024263306822362177,0.04872594448935019,-0.024013848296424167,68.71773569937393,train,0,0.011112459966182106,0
2022-12-16,0.007772,0.00967,-0.003063,0.009972,0.009482,0.009056200000000006,0.005231099999999998,0.009625531350412702,0.008525,0.009102,13.899687170803963,1.1035331603131975,0.026194133206017607,0.0650681009239209,-0.0021705502492203044,74.13777865140267,train,0,0.0018458782462556949,0
2022-12-19,0.02093,0.007772,0.00967,-0.003063,0.009972,0.005931800000000005,0.004176599999999998,0.009523662524353632,0.010693,0.009078,13.746171197885655,0.9376231527928988,0.025110658604895912,0.05462442462041328,-0.007808088000589186,70.51220963058144,train,0,0.008101904202099651,0
2022-12-20,-0.00565,0.02093,0.007772,0.00967,-0.003063,0.005802600000000005,0.004192249999999998,0.00980784325821828,0.010832,0.009064,13.824062882358666,1.0096086542603702,0.028168833599276015,0.04634169479014916,-0.011486237631055496,68.16985007954531,train,0,0.008175142047695563,0
2022-12-21,-0.003709,-0.00565,0.02093,0.007772,0.00967,0.0034488000000000053,0.004863449999999998,0.008387393805255864,0.011058,0.007956,13.989562179582414,1.2060938233545215,0.029622541518269506,0.039155403325640936,-0.013563483684042477,66.8198372915768,train,0,0.009336477960130362,0
2022-12-22,-0.002099,-0.003709,-0.00565,0.02093,0.007772,0.0011800000000000053,0.004173249999999998,0.008791927472276929,0.011113,0.008064,14.086115390874458,1.2838730199309019,0.026044410314367068,0.03120970951567048,-0.014946381026905486,64.48857159826298,train,0,0.00933467736453703,0
2022-12-23,-0.003572,-0.002099,-0.003709,-0.00565,0.02093,-0.004359999999999995,0.003811899999999998,0.009155094919709401,0.001846,0.008395,13.737985677900848,0.9165231654834154,0.025618436795351605,0.02043188997869594,-0.021614917836736525,60.21311706983131,train,1,0.013601402512241154,0
2022-12-26,-0.00677,-0.003572,-0.002099,-0.003709,-0.00565,-0.007580199999999995,0.002264849999999998,0.011432651892229069,0.008102,0.010041,13.554454836980204,0.7771651841524242,0.02878830582917318,-0.003921805638856801,-0.04290009990501642,49.03775476821157,train,0,0.00792778081811045,0
2022-12-27,-0.021751,-0.00677,-0.003572,-0.002099,-0.003709,-0.007463999999999996,0.001980149999999998,0.01143408457250125,0.008175,0.010112,13.83453346959648,1.061403649452753,0.02787919242737626,-0.008898888444123343,-0.04589232896802542,47.69755730671864,train,0,0.00784911137008515,0
2022-12-28,-0.003128,-0.021751,-0.00677,-0.003572,-0.002099,-0.006383199999999996,0.0019444999999999979,0.010951573208143812,0.009337,0.010106,13.933172697424117,1.1445191710807205,0.02243734745030363,-0.007456488931355643,-0.04273769273547812,49.271642198528255,train,0,0.007781810477003407,0
2022-12-29,0.003305,-0.003128,-0.021751,-0.00677,-0.003572,-0.006387999999999995,0.0016019999999999982,0.010465172037657946,0.009335,0.010175,13.450328098955769,0.7362113252249355,0.02442363151044852,-0.012520485554451843,-0.046182693301442534,47.58733143661143,train,0,0.006615545004003827,0
2022-12-30,-0.003596,0.003305,-0.003128,-0.021751,-0.00677,-0.0018673999999999954,0.002097149999999998,0.009244543760751227,0.013602,0.010628,13.592858136026285,0.8521117523888935,0.025042686174114436,0.0011074940430244595,-0.031078826534378656,54.87120582244126,train,0,0.005650715379489575,0
2023-01-02,0.015833,-0.003596,0.003305,-0.003128,-0.021751,0.0025742000000000043,0.001191549999999998,0.009260080633198251,0.007928,0.009897,13.63571381115343,0.8922171768787126,0.021549090402637194,4.3147442098234734e-4,-0.030635897890183172,55.068406453946146,validation,0,0.008241707031920027,0
2023-01-03,4.57e-4,0.015833,-0.003596,0.003305,-0.003128,0.005335400000000004,0.001319549999999998,0.010128768643489362,0.007849,0.010007,13.763554939025076,1.0025092006841008,0.022412602924480607,0.009831438587876384,-0.020286131904150295,59.51964003025377,validation,0,0.009639309223175695,0
2023-01-04,0.010678,4.57e-4,0.015833,-0.003596,0.003305,0.005625600000000004,0.002171999999999998,0.010281773374925812,0.007782,0.0095,14.155880189864183,1.435359729968334,0.02745374363647088,0.012496114895818478,-0.01562553828133839,61.37526197220004,validation,0,0.009230240771507534,0
2023-01-05,0.004756,0.010678,4.57e-4,0.015833,-0.003596,0.009329800000000004,0.002722099999999998,0.01126069684492631,0.006616,0.009916,14.522898850794544,1.9786245241215228,0.03185755736287914,0.02486627081160897,-9.350715821904165e-4,66.57618257209214,validation,0,0.00907931577818505,0
2023-01-06,0.014925,0.004756,0.010678,4.57e-4,0.015833,0.007178400000000004,0.002501799999999998,0.010915234931558326,0.005651,0.009806,13.944854947311503,1.0897581983554072,0.03004261070696021,0.02753744346967757,0,68.17039062587024,validation,0,0.011172337154776526,0
2023-01-09,0.005076,0.014925,0.004756,0.010678,4.57e-4,0.012024600000000005,0.003237599999999998,0.009106633262505841,0.008242,0.010889,13.95120860170417,1.099756324204273,0.03690748873509215,0.04950342466183222,0,74.55564688460763,validation,0,0.005806877844418634,0
2023-01-10,0.024688,0.005076,0.014925,0.004756,0.010678,0.010100400000000006,0.003443599999999998,0.008659371217229216,0.009639,0.010802,14.2626664031266,1.4516796037854407,0.035881555754466055,0.04701491790649048,0,74.79456344438404,validation,0,0.008326136288819683,0
2023-01-11,0.001057,0.024688,0.005076,0.014925,0.004756,0.010945200000000006,0.0034090999999999982,0.008522917056709843,0.00923,0.010782,14.302225030058723,1.4504397154825173,0.03685753383458098,0.052812634688907734,0,76.79004757598925,validation,0,0.00911430251308349,0
2023-01-12,0.00898,0.001057,0.024688,0.005076,0.014925,0.009289000000000006,0.003352699999999998,0.0074892649424211045,0.009079,0.010761,13.982477331123594,1.0393552859938824,0.03465990211048611,0.05624050646119616,0,78.17917112144528,validation,0,0.009080602937030119,0
2023-01-13,0.006644,0.00898,0.001057,0.024688,0.005076,0.007246000000000005,0.002049249999999998,0.008346777366145572,0.011172,0.010077,14.194450976253007,1.2640334367414754,0.0347770483171841,0.048655041224576534,-0.005137034632645365,74.44452843906225,validation,0,0.0074938306959791935,0
2023-01-16,-0.005139,0.006644,0.00898,0.001057,0.024688,0.003776400000000005,0.002698749999999998,0.008004611646489235,0.005807,0.009973,14.24587768762953,1.2968037592435369,0.030247316546002635,0.05348057948997931,0,76.18572993310363,validation,0,0.007537714461293954,0
2023-01-17,0.00734,-0.005139,0.006644,0.00898,0.001057,0.0072100000000000055,0.003795449999999998,0.008627149275526779,0.008326,0.010427,13.717185237187444,0.7676127214213311,0.032837532280772144,0.06855533429146043,0,79.87945976024584,validation,0,0.005398900369519704,0
2023-01-18,0.018225,0.00734,-0.005139,0.006644,0.00898,0.005051400000000005,0.003809749999999998,0.009188843574320621,0.009114,0.010418,13.853480489215903,0.8853766665274431,0.02834970585953155,0.06251878532407673,-0.001816362940664007,78.54815539142419,validation,0,0.011797585464831353,0
2023-01-19,-0.001813,0.018225,0.00734,-0.005139,0.006644,0.004463800000000006,0.004173649999999998,0.008930420460426263,0.009081,0.010273,13.650115732332798,0.7369994307021371,0.026866300431958222,0.06198530354950438,0,79.30517647038309,validation,0,0.011846182971742416,0
2023-01-20,0.003706,-0.001813,0.018225,0.00734,-0.005139,0.007574000000000004,0.005032749999999998,0.008970218775976922,0.007494,0.010025,14.184969141875081,1.230305883361267,0.027045201910697425,0.06762109124023108,0,81.30720917735043,validation,1,0.012931930977236154,0
2023-01-23,0.010412,0.003706,-0.001813,0.018225,0.00734,0.008000400000000005,0.006593899999999998,0.006722708766230734,0.007538,0.007824,13.937560920062404,0.9461856101962608,0.02935131164913039,0.07065629251889627,0,82.94075977230719,validation,1,0.01366904457890163,0
2023-01-24,0.009472,0.010412,0.003706,-0.001813,0.018225,0.004444200000000004,0.006772499999999998,0.006774255243198325,0.005399,0.007629,13.613732138090803,0.6902828371922274,0.02306379126938031,0.06396111022487805,0,83.01606829062834,validation,1,0.01377861116731291,0
2023-01-25,4.44e-4,0.009472,0.010412,0.003706,-0.001813,0.0010634000000000038,0.005671399999999998,0.010158600583851214,0.011798,0.009512,13.839138213445167,0.8685107931811433,0.024945880987701206,0.03829083937924693,-0.018717843502414788,69.10114003244766,validation,0,0.011458733546950118,0
2023-01-26,-0.018717,4.44e-4,0.009472,0.010412,0.003706,0.0012190000000000037,0.006075399999999998,0.010096640917761818,0.011846,0.009267,13.846513947355147,0.8625962366402258,0.027078907051761147,0.03681762180147752,-0.014316828022203465,70.35916986724368,validation,0,0.011921031696124292,0
2023-01-27,0.004484,-0.018717,4.44e-4,0.009472,0.010412,-0.004344599999999996,0.004413449999999998,0.011778992194675326,0.012932,0.010343,14.11919023366351,1.1073274405169127,0.02670199152521227,0.014461197816792781,-0.031474475462985985,60.08788187074489,validation,0,0.010123872653288365,0
2023-01-30,-0.017406,0.004484,-0.018717,4.44e-4,0.009472,-0.0038171999999999963,0.0049960499999999975,0.012127923933358641,0.013669,0.010436,13.665414148465056,0.7026788219114465,0.027567047194573258,0.021818486064616005,-0.01974594957770992,63.960891796140814,validation,0,0.008109287718412758,0
2023-01-31,0.012109,-0.017406,0.004484,-0.018717,4.44e-4,-0.0035647999999999964,0.004547449999999998,0.010730813400359421,0.013779,0.010371,14.007345056241238,0.9786634373877999,0.030930798366312396,0.01908643086925088,-0.018073022586769016,64.4902020119631,validation,0,0.007990916549432863,0
2023-02-01,0.001706,0.012109,-0.017406,0.004484,-0.018717,0.0018480000000000037,0.004726999999999998,0.010972092791866707,0.011459,0.010406,13.825973628631044,0.8295617881996138,0.03140682763640127,0.022912900511067313,-0.009875229407441233,67.04448491746024,validation,0,0.006103207050395718,0
2023-02-02,0.008347,0.001706,0.012109,-0.017406,0.004484,-4.221999999999964e-4,0.003637399999999998,0.011237368387067617,0.011921,0.010423,14.188401508880832,1.2208274016063443,0.030207919682763013,0.012335208114131468,-0.01667515906334127,62.996583403237054,validation,0,0.006520369905151088,0
2023-02-03,-0.006867,0.008347,0.001706,0.012109,-0.017406,6.450000000000038e-4,0.002780099999999998,0.011260307947239572,0.010124,0.010988,14.138232983411298,1.1493589300210323,0.030715506124809593,-0.0025233584280173194,-0.028543471300960133,56.57608161531804,validation,0,0.011518965513447811,0
2023-02-06,-0.012070000000000001,-0.006867,0.008347,0.001706,0.012109,-0.0012895999999999964,0.0016674999999999978,0.010679082422089353,0.008109,0.009705,13.864754904691477,0.8778160661405644,0.023836727124853706,-0.001689575710788871,-0.02618063102264989,57.50467004088969,validation,1,0.012578879878590144,0
2023-02-07,0.002436,-0.012070000000000001,-0.006867,0.008347,0.001706,-0.0016145999999999966,0.0016186999999999979,0.010668373259832593,0.007991,0.00971,13.749938970063607,0.8036642404673467,0.022046537774626236,-0.0031470844871142045,-0.02609946475354774,57.538260654545624,validation,1,0.013183214668661054,0
2023-02-08,8.1e-5,0.002436,-0.012070000000000001,-0.006867,0.008347,-0.005043599999999997,7.297999999999977e-4,0.009386409913628675,0.006103,0.009814,14.472790117469096,1.634568128600118,0.021166621409993574,-0.012579203782178805,-0.034667015381008026,52.79441557181889,validation,0,0.008153664525843578,0
2023-02-09,-0.008798,8.1e-5,0.002436,-0.012070000000000001,-0.006867,-0.003464799999999996,4.4894999999999777e-4,0.00919932617399533,0.00652,0.009716,13.77039707650578,0.8175827386531506,0.020812093957259435,-0.011957536567654636,-0.0336749832030917,53.274788810365784,validation,0,0.004959438153662166,0
2023-02-10,0.001027,-0.008798,8.1e-5,0.002436,-0.012070000000000001,0.0034470000000000034,0.0018303499999999975,0.010329813733934304,0.011519,0.010785,14.23558706444804,1.2984443906344645,0.024697709149914163,0.008485587112695647,-0.0119449692695488,62.319941851578754,validation,0,0.011049003068150537,0
2023-02-13,0.022489,0.001027,-0.008798,8.1e-5,0.002436,0.005974000000000004,0.0022168999999999978,0.010686724774223392,0.012579,0.011126,14.365756298078331,1.4667027290797958,0.03337155442382178,0.02148099382002666,0,67.03088882824812,validation,1,0.025465673435037996,1
2023-02-14,0.015071,0.022489,0.001027,-0.008798,8.1e-5,0.009746000000000003,0.0022526999999999977,0.011894282782076437,0.013183,0.011181,14.244727999340355,1.2657952467382114,0.03899591499543538,0.03851220847777226,0,71.86304836804234,validation,1,0.024136756051714985,1
2023-02-15,0.018941,0.015071,0.022489,0.001027,-0.008798,0.014553800000000002,0.0031053999999999977,0.012360648773426094,0.008154,0.011501,14.23123486011355,1.2247707951257862,0.043945416258038945,0.05107288344062755,0,75.08691516900888,validation,1,0.024044333733751075,1
2023-02-16,0.015241,0.018941,0.015071,0.022489,0.001027,0.0196844,0.004254099999999998,0.013367284497774573,0.00496,0.012653,14.042879569434502,0.998058454207701,0.047635836152825864,0.07447371024469818,0,79.56729763567719,validation,1,0.01865252467361992,1
2023-02-17,0.02668,0.015241,0.018941,0.015071,0.022489,0.014512400000000003,0.0035649499999999973,0.012134321544464052,0.011049,0.012676,14.485278562997625,1.5227337167554922,0.04329776977770909,0.06700905709085392,-0.003369654483418416,77.61781285066598,validation,1,0.018801557400917615,1
2023-02-20,-0.003371,0.02668,0.015241,0.018941,0.015071,0.0041110000000000035,0.0012445499999999975,0.0189607544754363,0.025466,0.015476,14.141135604531454,1.0687320802711249,0.04501081097184786,0.026419201074884935,-0.04018185974448196,60.250362912968335,validation,0,0.008773820051722055,0
2023-02-21,-0.036936,-0.003371,0.02668,0.015241,0.018941,-3.4619999999999676e-4,0.0010550999999999976,0.01909086989141959,0.024137,0.015509,14.62067574383677,1.6366935127941282,0.040041830074723284,0.022014079060732605,-0.04339065132542563,59.010878435337126,validation,0,0.010185383434117736,0
2023-02-22,-0.003345,-0.036936,-0.003371,0.02668,0.015241,-4.6219999999999654e-4,0.002723999999999998,0.018684959963683207,0.024044,0.015059,14.022904330087112,0.8934891359735598,0.03882164880973724,0.03426756427776079,-0.029365946170193058,62.62953099698063,validation,0,0.008230264527948054,0
2023-02-23,0.014661,-0.003345,-0.036936,-0.003371,0.02668,-0.007279799999999996,0.002129399999999998,0.019170930013086653,0.018652,0.01522,13.847320223170335,0.7495851062219199,0.034794043676052676,0.02452462287081647,-0.036558211204524516,59.71788021223098,validation,0,0.006839519807705801,0
2023-02-24,-0.007408,0.014661,-0.003345,-0.036936,-0.003371,-0.006817799999999996,0.0029466499999999977,0.01837800526625963,0.018802,0.014539,14.103066372445854,0.9687950353546438,0.0341441246851834,0.020554145158137027,-0.03757842066495665,59.29676640198252,validation,0,0.006327218725474883,0
2023-02-27,-0.001061,-0.007408,0.014661,-0.003345,-0.036936,-4.673999999999976e-4,0.002081999999999998,0.018117904384582918,0.008774,0.01448,13.277447335877271,0.4286069785042455,0.02664983378428734,0.013264459246200566,-0.04256940387594943,57.1727133936844,validation,0,0.004377496681894802,0
2023-02-28,-0.005184,-0.001061,-0.007408,0.014661,-0.003345,0.0026748000000000023,0.002614999999999998,0.01753763006952637,0.010186,0.01466,14.320076832814937,1.1962848774856152,0.030427669369751824,0.02322634012253233,-0.03072904760695272,60.7634874885448,validation,0,0.002713006597854122,0
2023-03-01,0.012366,-0.005184,-0.001061,-0.007408,0.014661,0.0010118000000000024,0.002514949999999998,0.016960413535314783,0.00823,0.014626,13.709188469031902,0.6520480917330903,0.02587744006470715,0.027230845635405565,-0.024578158204431544,62.52144429902684,validation,0,0.0059912727946572425,0
2023-03-02,0.006346,0.012366,-0.005184,-0.001061,-0.007408,0.003605800000000002,0.0031363999999999984,0.014433847373448286,0.00684,0.014469,13.850784068074436,0.7627373510603906,0.027564805248351053,0.029816645773465877,-0.0191511518630465,64.05183265069753,validation,0,0.00918324906010939,0
2023-03-03,0.005562,0.006346,0.012366,-0.005184,-0.001061,0.0048826000000000026,0.004006049999999998,0.014592149450989049,0.006327,0.014023,13.958372039626822,0.8565437849045008,0.027686963469516095,0.03128658796152717,-0.013931574001168512,65.5105295708187,validation,0,0.008365629235150218,0
2023-03-06,0.005323,0.005562,0.006346,0.012366,-0.005184,0.005929800000000002,0.003886849999999998,0.00735511916664547,0.004378,0.014047,13.997042636535625,0.885431583587896,0.02633077057390281,0.027476246335474963,-0.01388077518986075,65.52519156442055,validation,0,0.008848794974458387,0
2023-03-07,5.2e-5,0.005323,0.005562,0.006346,0.012366,0.0038426000000000024,0.003979299999999998,0.007053912658155677,0.002713,0.014027,13.88398102635582,0.7868721905924424,0.02424252301793946,0.025521714515075455,-0.01197581976581763,66.10706908172183,validation,0,0.010736900842421895,0
2023-03-08,0.00193,5.2e-5,0.005323,0.005562,0.006346,7.472000000000018e-4,0.003962649999999998,0.006788106007323888,0.005992,0.014043,14.064856605810432,0.9658173548102587,0.026637047225620637,0.01233585425823569,-0.02099684200723051,60.867775163199255,validation,0,0.011738190052133252,0
2023-03-09,-0.009131,0.00193,5.2e-5,0.005323,0.005562,-0.0037935999999999985,0.003054199999999998,0.008572061718163257,0.009183,0.01481,13.945277498923332,0.8511126420573046,0.0293297648097529,-0.007843804834612222,-0.037781615910187694,52.52624639860446,validation,0,0.00546739565972685,0
2023-03-10,-0.017142,-0.009131,0.00193,5.2e-5,0.005323,-0.004547999999999998,0.002007299999999998,0.00857911118227161,0.008366,0.014086,14.255730653468234,1.1596119671016591,0.032486466007982454,-0.008150753208367889,-0.0362872842108829,53.14193172325971,validation,0,0.008757963850119501,0
2023-03-13,0.001551,-0.017142,-0.009131,0.00193,5.2e-5,-0.003969999999999999,0.001400849999999998,0.008398873594450363,0.008849,0.013751,13.94609222943572,0.870123447400584,0.03217390247476157,-0.006509226026722215,-0.03345101724619659,54.352005130076485,validation,0,0.010437559269292797,0
2023-03-14,0.002942,0.001551,-0.017142,-0.009131,0.00193,-0.0023511999999999986,9.549999999999978e-4,0.008072406181967473,0.010737,0.013289,14.306668841282407,1.243233834539791,0.02966150263188725,0.0025787017020562075,-0.023765377223506468,58.311247897205604,validation,0,0.010273837077742667,0
2023-03-15,0.010024,0.002942,0.001551,-0.017142,-0.009131,0.002059200000000002,8.38999999999998e-4,0.00881302811876952,0.011738,0.013168,14.0407798482935,0.9625915171209518,0.027635344614792213,0.01476124165676751,-0.01115033908206553,62.83287108996725,validation,1,0.021525612209644582,1
2023-03-16,0.012921,0.010024,0.002942,0.001551,-0.017142,0.008069600000000003,1.5049999999999802e-4,0.009479432120825242,0.005467,0.012059,13.364072713008287,0.5011853830270752,0.02423258552655674,0.027777952736409706,0,66.76211193474884,validation,1,0.021509227268779324,1
2023-03-17,0.01291,0.012921,0.010024,0.002942,0.001551,0.006232600000000003,-6.2650000000002e-5,0.009873061408026726,0.008758,0.012161,14.468286163383258,1.5139629350151351,0.021684521229489526,0.020068059276649786,-0.007637104408980133,62.498931379003075,validation,1,0.0191389971915981,1
2023-03-20,-0.007634,0.01291,0.012921,0.010024,0.002942,0.004386000000000003,0.001469599999999998,0.010129890336139983,0.010438,0.008713,14.202552327120605,1.15667072980978,0.023053611393917504,0.012202443959338893,-0.013879496889369847,59.172847808457014,validation,1,0.018250186182611945,1
2023-03-21,-0.006291,-0.007634,0.01291,0.012921,0.010024,0.004120400000000002,0.002071649999999998,0.010477675147134926,0.010274,0.008778,14.720024616236183,1.922993958254035,0.02613024221051219,0.018932154530229006,-0.005304131728428363,62.15261719008781,validation,1,0.02064388784362093,1
2023-03-22,0.008696,-0.006291,-0.007634,0.01291,0.012921,0.010661000000000002,0.003619799999999998,0.016962461020670845,0.021526,0.012885,14.352836914782735,1.307545755888349,0.036430661792403604,0.06156000675523665,0,73.27101246906312,validation,0,0.008099303099649995,0
2023-03-23,0.045624,0.008696,-0.006291,-0.007634,0.01291,0.0105172,0.004599749999999998,0.014851614040231453,0.021509,0.012747,14.080782897571698,0.9858818061869247,0.03839817077068295,0.06954114983906923,0,75.44165308689941,validation,0,0.00797419527601375,0
2023-03-24,0.012191,0.045624,0.008696,-0.006291,-0.007634,0.013905000000000004,0.005118049999999997,0.014602803694268212,0.019139,0.012715,13.643390389614805,0.6486500979838582,0.03782697218906552,0.07394674542563773,0,76.99612633078034,validation,0,0.0058756489599022165,0
2023-03-27,0.009305,0.012191,0.045624,0.008696,-0.006291,0.014612800000000004,0.005239649999999998,0.01501671791482191,0.01825,0.012623,13.971946624305211,0.8810779215323788,0.03806238335785795,0.0654049252195521,-0.002752486983361835,75.46051526223609,validation,0,0.005938998863444915,0
2023-03-28,-0.002752,0.009305,0.012191,0.045624,0.008696,0.011530400000000001,0.004285549999999997,0.01586105497542119,0.020644,0.012776,13.752212866678834,0.7269223504553719,0.038179267142710235,0.053756238394085276,-0.009450735653855014,71.7122822802146,validation,0,0.008264336222589205,0
2023-03-29,-0.006716,-0.002752,0.009305,0.012191,0.045624,0.003737800000000003,0.0043012999999999975,0.015760814672965213,0.008099,0.012779,14.210261136627228,1.1238026153230025,0.026357168312428486,0.05624594336158584,-0.0028519265420092754,73.12836891007349,validation,0,0.007934900219914552,0
2023-03-30,0.006661,-0.006716,-0.002752,0.009305,0.012191,-3.9139999999999737e-4,0.0036004499999999972,0.016338204977223714,0.007974,0.013087,13.925177188985218,0.8424925626403706,0.02384551683576867,0.043608776334461474,-0.011280423532968209,68.41722244889516,validation,0,0.011454180359152723,0
2023-03-31,-0.008455,0.006661,-0.006716,-0.002752,0.009305,-0.002563799999999997,0.0032564499999999975,0.01592116442698558,0.005876,0.013129,14.049495923830069,0.9500718779698534,0.02322065461981774,0.03865477289039276,-0.012823725483176895,67.5589814356629,validation,0,0.0118315245509613,0
2023-04-03,-0.001557,-0.008455,0.006661,-0.006716,-0.002752,-0.0021269999999999974,0.0032254499999999978,0.01554175834789759,0.005939,0.013138,13.274490296522893,0.4480909812024373,0.020156667247275935,0.03479571728972508,-0.013384564593948545,67.22893720787323,validation,1,0.011977716852555833,0
2023-04-04,-5.68e-4,-0.001557,-0.008455,0.006661,-0.006716,0.0018348000000000027,0.003783599999999997,0.01568045167433359,0.008265,0.013316,13.794117346359291,0.7560984973334703,0.01830076210794002,0.04444715066328464,-4.653771344701463e-4,70.77120616896362,validation,0,0.00902005797098888,0
2023-04-05,0.013093,-5.68e-4,-0.001557,-0.008455,0.006661,5.000000000002496e-6,0.004115749999999998,0.007810817985332907,0.007935,0.013057,13.918148370427419,0.8617698833555434,0.019969447202884412,0.0376657684384305,-0.002951366100656716,69.22069240146016,validation,0,0.009181025095271226,0
2023-04-06,-0.002488,0.013093,-5.68e-4,-0.001557,-0.008455,-0.0021367999999999973,0.004014649999999997,0.009349748688838885,0.011454,0.013237,13.871413461759005,0.825022540970657,0.021399512712215213,0.013883719851337961,-0.022059671690353166,58.594378387100214,validation,0,0.0035211296766804825,0
2023-04-07,-0.019164,-0.002488,0.013093,-5.68e-4,-0.001557,-9.481999999999974e-4,0.004156399999999998,0.008847839058210768,0.011832,0.013225,14.05579909051276,1.0030847465395056,0.0218252427826355,0.014295536936982822,-0.01777183792147463,60.07548657795342,validation,0,0.004358558855860502,0
2023-04-10,0.004386,-0.019164,-0.002488,0.013093,-5.68e-4,-0.0018829999999999975,0.003747199999999998,0.00891377507008114,0.011978,0.01339,13.724034319206384,0.7263705973458803,0.021763392859892157,0.005403624449635602,-0.02291882947706736,57.420311180405676,validation,0,0.006733558813881408,0
2023-04-11,-0.005242,0.004386,-0.019164,-0.002488,0.013093,-0.004363399999999997,0.0032805499999999975,0.008785638559603964,0.00902,0.013322,13.827706879542392,0.8261661657674857,0.020982387034997108,0.0029785341531782805,-0.02224264047826452,57.684911582227166,validation,0,0.006692410066635188,0
2023-04-12,6.91e-4,-0.005242,0.004386,-0.019164,-0.002488,-0.003934599999999997,0.0026172999999999978,0.008352089383302041,0.009181,0.013146,14.110816990969658,1.0924786497004286,0.02096315125953436,1.546639315572751e-4,-0.022580734977665884,57.492534135842575,validation,0,0.007631762424237274,0
2023-04-13,-3.44e-4,6.91e-4,-0.005242,0.004386,-0.019164,-4.6979999999999754e-4,0.0018797999999999979,0.008036953749192954,0.003521,0.01295,13.245836858389078,0.4613306998451385,0.019463238392208215,-0.003443742189010779,-0.024378602198012023,56.415098178793045,validation,0,0.0078011808272850595,0
2023-04-14,-0.00184,-3.44e-4,6.91e-4,-0.005242,0.004386,-1.2399999999997559e-5,0.002595149999999998,0.00842032816792526,0.004358,0.012791,13.962848080858286,0.9752506205019396,0.01979812784905649,7.441230088833795e-4,-0.017867299897776134,59.383848739996985,validation,0,0.0074557376898600715,0
2023-04-17,0.006673,-0.00184,-3.44e-4,6.91e-4,-0.005242,-0.0013465999999999975,0.0023140499999999976,0.009164820260103304,0.006733,0.013056,13.732038727564085,0.7926793250881214,0.02009212722356891,-0.01330935375453035,-0.02956934715940962,52.46708072285327,validation,0,0.007758661173166412,0
2023-04-18,-0.011913,0.006673,-0.00184,-3.44e-4,6.91e-4,-0.0022419999999999975,0.0016899499999999978,0.007570777430356806,0.006692,0.013033,13.587429838870248,0.7392951444971613,0.01927124095059185,-0.01857009201258708,-0.033240655664673935,50.4805175352423,validation,0,0.009058571703088738,0
2023-04-19,-0.003786,-0.011913,0.006673,-0.00184,-3.44e-4,-0.0010087999999999976,-0.00030015000000000217,0.008107204218060214,0.007632,0.008062,13.899645802848402,1.04033669856239,0.018291769120558733,-0.012532632224379614,-0.027612376645227532,53.3939010463133,validation,0,0.008607150777115503,0
2023-04-20,0.005822,-0.003786,-0.011913,0.006673,-0.00184,-0.0015533999999999978,-0.0011378500000000023,0.005734520985516867,0.007801,0.00755,14.122373005329841,1.2964469978514708,0.017143188777158553,-0.015899616107394543,-0.03205135854325025,50.85276135681173,validation,0,0.010938934897877398,0
2023-04-21,-0.004563,0.005822,-0.003786,-0.011913,0.006673,-0.005391999999999998,-0.002229100000000002,0.00641777461949753,0.007456,0.007538,14.075296115808564,1.2105718097924945,0.02072276225236633,-0.026034598095996175,-0.04417105195120308,44.61018511094969,validation,0,0.009802391682645618,0
2023-04-24,-0.01252,-0.004563,0.005822,-0.003786,-0.011913,-0.0018697999999999974,-0.0018066000000000024,0.006854316528047612,0.007759,0.007742,13.781731412589739,0.9112193025407183,0.025274896106946644,-0.018683562663409536,-0.0387217641373222,47.717859246036326,validation,0,0.01109049919074881,0
2023-04-25,0.005698,-0.01252,-0.004563,0.005822,-0.003786,7.544000000000021e-4,-0.0010040500000000024,0.0076726811741398455,0.009059,0.008032,14.034445264504429,1.1565258159604372,0.028901913120538275,-0.008495848815635587,-0.029748338364975035,52.44902533347469,validation,0,0.009625335853880632,0
2023-04-26,0.009335,0.005698,-0.01252,-0.004563,0.005822,-4.1199999999999776e-4,-0.0013376000000000024,0.007675341428525799,0.008607,0.007833,14.032527379138406,1.1674153580053248,0.026818430687039714,-0.007142976344614693,-0.029760271112012737,52.442229185611865,validation,0,0.009415498834368787,0
2023-04-27,-1e-5,0.009335,0.005698,-0.01252,-0.004563,-0.0025667999999999976,-0.0016817000000000023,0.008973060452141052,0.010939,0.0083,13.793667730875136,0.9253477464253567,0.029982752605996067,-0.02069843113023162,-0.04464040666801905,44.66928521751953,validation,0,0.008031938838163548,0
2023-04-28,-0.015337,-1e-5,0.009335,0.005698,-0.01252,0.0011368000000000025,-0.0013039500000000023,0.008902326177903042,0.009802,0.008476,13.642239917770734,0.8115403937280032,0.02849395138397055,-0.013504214287362037,-0.03890871050757938,47.87421109549174,validation,0,0.005971981689523168,0
2023-05-01,0.005998,-0.015337,-1e-5,0.009335,0.005698,-0.0025885999999999973,-0.0019220000000000023,0.009031276922143647,0.01109,0.008861,13.656701210041186,0.8127334744349126,0.027003232162494062,-0.024358416347047385,-0.05133467775616618,42.17125575847123,validation,0,0.004458088076743213,0
2023-05-02,-0.012929,0.005998,-0.015337,-1e-5,0.009335,-0.0038915999999999972,-0.0024356500000000023,0.009145627591611439,0.009625,0.00822,14.024973758542417,1.1605410253458681,0.025921760586462846,-0.019174761063892043,-0.048657764837376494,43.726473473589614,validation,0,0.0036302281884201164,0
2023-05-03,0.00282,-0.012929,0.005998,-0.015337,-1e-5,-0.005239599999999997,-0.0026487500000000027,0.008876954905822155,0.009415,0.008276,13.804973234864862,0.9365817442100283,0.02809242155941625,-0.023172619671746886,-0.05508156032600264,40.88493897821171,validation,0,0.008576209290823074,0
2023-05-04,-0.00675,0.00282,-0.012929,0.005998,-0.015337,-0.003957999999999997,-0.0021370000000000026,0.009077003582925614,0.008032,0.007479,13.55396395911712,0.7387306654261412,0.025437611724771686,-0.029814935880384974,-0.06351801248165345,37.44351691795278,validation,0,0.008428254908342533,0
2023-05-05,-0.008929,-0.00675,0.00282,-0.012929,0.005998,-0.005794599999999997,-0.0025155500000000022,0.008479495247687539,0.005972,0.007322,13.39429404526428,0.6488699913201942,0.024974923352513882,-0.030458211670690294,-0.06650119924107734,36.28058538029194,validation,1,0.012527323584868398,0
2023-05-08,-0.003185,-0.008929,-0.00675,0.00282,-0.012929,-0.0038585999999999976,-0.0024159000000000025,0.00799671555077458,0.004458,0.007296,14.55409657899073,1.9553375914070952,0.025752110559616216,-0.03126117472544465,-0.06953211698865192,35.08819906160359,validation,1,0.012356284239203952,0
2023-05-09,-0.003249,-0.003185,-0.008929,-0.00675,0.00282,-0.006731799999999998,-0.0030277500000000022,0.007019571276082322,0.00363,0.007531,14.209444099057373,1.3554981542697975,0.026586543349217794,-0.03954498356887426,-0.08027556690492388,31.17682877162906,validation,1,0.012638870843552441,0
2023-05-10,-0.011546,-0.003249,-0.003185,-0.008929,-0.00675,-0.0032523999999999977,-0.0024782000000000024,0.008554948834186886,0.008576,0.008116,14.428735356944541,1.6499369045524919,0.029540011905587877,-0.0268885297079704,-0.07048673675166761,37.962514670873325,validation,1,0.013835500634237996,0
2023-05-11,0.010647,-0.011546,-0.003249,-0.003185,-0.008929,-0.0030623999999999972,-0.0027851500000000023,0.007775998239597423,0.008428,0.008206,14.65606516218937,1.9207236132363033,0.03057606666324003,-0.03193834277736041,-0.07790095024442256,35.136728031043646,validation,1,0.018510795045054117,1
2023-05-12,-0.007979,0.010647,-0.011546,-0.003249,-0.003185,0.0011132000000000026,-0.0022341500000000025,0.00994254527048057,0.012527,0.009186,14.018907624406289,1.0128617330126657,0.034766973617536966,-0.012542963668599194,-0.061584907461546656,44.86329602122478,validation,1,0.014846706173424462,1
2023-05-15,0.017693,-0.007979,0.010647,-0.011546,-0.003249,0.0027852000000000024,-0.0013829500000000021,0.009431386336765839,0.012356,0.009029,14.334854200184877,1.346843832045708,0.03499555546557817,-0.006075934086845369,-0.05679192073473904,47.3604702790503,validation,1,0.01277869679583955,0
2023-05-16,0.005111,0.017693,-0.007979,0.010647,-0.011546,0.002593200000000003,-0.0018189500000000021,0.010050248831082078,0.012639,0.009356,14.303465223918863,1.263076806471929,0.03572788600030809,-0.01667238468053822,-0.0685854523903282,42.28562155052653,validation,1,0.018883284137035064,1
2023-05-17,-0.012506,0.005111,0.017693,-0.007979,0.010647,-0.002643599999999997,-0.002886900000000002,0.010856725350368468,0.013836,0.009652,14.441074052240669,1.4067901498898718,0.03669774394322779,-0.029107854279419088,-0.08305589696470683,37.0410177377974,validation,1,0.01924256655958347,1
2023-05-18,-0.015537,-0.012506,0.005111,0.017693,-0.007979,-0.006968799999999997,-0.004139000000000002,0.01371491466494293,0.018511,0.011355,14.65592880800658,1.6832810577346338,0.04004242910372432,-0.05393772523920315,-0.11020289647546422,29.61909544073582,validation,1,0.017857126022963493,1
2023-05-19,-0.029605,-0.015537,-0.012506,0.005111,0.017693,-0.009450799999999997,-0.0032488500000000023,0.014096608424251086,0.014847,0.011361,14.013775179332113,0.8881675620505728,0.034543186138547524,-0.04582792359325538,-0.10550139414261228,32.15453813949023,validation,1,0.02544839859991194,1
2023-05-22,0.005283,-0.029605,-0.015537,-0.012506,0.005111,-0.011739599999999998,-0.0038504000000000025,0.014107980190894326,0.012779,0.01118,14.488588185606565,1.3780554002227583,0.03315710889540075,-0.04819223994341815,-0.11116547140317168,30.71878370028587,validation,1,0.027014877632519453,1
2023-05-23,-0.006333,0.005283,-0.029605,-0.015537,-0.012506,-0.017768399999999997,-0.006449650000000003,0.01856449655300856,0.018883,0.01371,14.604019735167848,1.4964200176207931,0.04172988312708351,-0.08292925077596058,-0.1490758087419305,23.239267717097505,validation,1,0.02338657693421592,1
2023-05-24,-0.04265,-0.006333,0.005283,-0.029605,-0.015537,-0.016579599999999996,-0.006928800000000003,0.017423866207016168,0.019243,0.01364,14.299544056705278,1.089535721578388,0.03820223454249924,-0.08544331253245419,-0.15723780771571416,21.997429601742823,validation,1,0.02719998770771781,1
2023-05-25,-0.009593,-0.04265,-0.006333,0.005283,-0.029605,-0.013892399999999996,-0.006970400000000003,0.01753075559124592,0.017857,0.013668,14.31177690799855,1.0788875479782776,0.03859840858101097,-0.09402649963361565,-0.17086500483276257,20.069165377916406,validation,1,0.028983719105732445,1
2023-05-26,-0.016169,-0.009593,-0.04265,-0.006333,0.005283,-0.009266599999999996,-0.005849700000000002,0.019641983171258447,0.025448,0.015574,14.450751044792689,1.1985487818573157,0.044980910989919576,-0.06273336026540322,-0.1473057845980057,31.283970292115725,validation,1,0.025772240585560272,1
2023-05-29,0.028412,-0.016169,-0.009593,-0.04265,-0.006333,-0.014119999999999997,-0.006733250000000001,0.019962633375606758,0.027015,0.016472,14.432342948522836,1.1404812660595196,0.052025479325856806,-0.08527782130488581,-0.17339872478709994,26.799148764461464,validation,1,0.022192095061079744,1
2023-05-30,-0.0306,0.028412,-0.016169,-0.009593,-0.04265,-0.010768799999999997,-0.008168950000000003,0.020375714308951232,0.023387,0.016842,14.491726714226724,1.183546939871174,0.04489277237949083,-0.10169907447057291,-0.19480209539037985,23.78681289754222,validation,1,0.017383896853122433,1
2023-05-31,-0.025894,-0.0306,0.028412,-0.016169,-0.009593,-0.004844399999999996,-0.006830000000000003,0.023057296010879795,0.0272,0.017987,14.486458652012097,1.1440502518825872,0.04861301755729832,-0.0773483909294278,-0.17867697656010728,30.156442534356287,validation,1,0.01755270502800067,1
2023-06-01,0.020029,-0.025894,-0.0306,0.028412,-0.016169,0.0032838000000000034,-0.005159950000000002,0.024434234426539973,0.028984,0.019285,14.100645138311707,0.7653021031722489,0.052060574104780155,-0.04969598411525422,-0.15857825296628214,37.20148578120938,validation,0,0.009144742041195038,0
2023-06-02,0.024472,0.020029,-0.025894,-0.0306,0.028412,-0.005070599999999997,-0.005668700000000002,0.024247184359792742,0.025772,0.019365,14.593704979527693,1.2004968511543994,0.05154231538589014,-0.05688874730433924,-0.1698189006757913,35.070841074567156,validation,0,0.00965353418184242,0
2023-06-05,-0.01336,0.024472,0.020029,-0.025894,-0.0306,-0.001216199999999998,-0.006072650000000002,0.02427948590637326,0.022192,0.019396,14.637834287567149,1.2483694834275008,0.04801995953848036,-0.06172488097127249,-0.1792219053414953,33.35012877399099,validation,1,0.013071922685664875,0
2023-06-06,-0.011328,-0.01336,0.024472,0.020029,-0.025894,0.005018600000000002,-0.005231350000000002,0.0211335236555573,0.017384,0.01951,13.86203052814462,0.5816084702331344,0.0451163846102977,-0.051640191902041166,-0.17488634058446606,34.93528233496808,validation,1,0.012197946364040138,0
2023-06-07,0.00528,-0.011328,-0.01336,0.024472,0.020029,-0.0026405999999999973,-0.006677050000000002,0.02161246804894496,0.017552,0.019342,13.441971351219303,0.3948133362143926,0.042027717132855205,-0.06253028118199311,-0.18996137767542143,32.07846181414472,validation,0,0.009776193671363103,0
2023-06-08,-0.018267,0.00528,-0.011328,-0.01336,0.024472,-0.010442999999999997,-0.007005100000000002,0.0215143149151133,0.009145,0.019421,13.786824005202524,0.5797706652943875,0.0372083559502455,-0.06949269988299678,-0.20173899900162684,30.01346797618659,validation,0,0.007055268860929397,0
2023-06-09,-0.01454,-0.018267,0.00528,-0.011328,-0.01336,-0.008150199999999998,-0.007984550000000003,0.018418910175264022,0.009653,0.018586,13.864111180362276,0.6296580095970273,0.03050412216225875,-0.06352232204948871,-0.20325048029306836,29.748798095610525,validation,0,0.008348373584118047,0
2023-06-12,-0.001896,-0.01454,-0.018267,0.00528,-0.011328,-0.003334799999999998,-0.0076026500000000025,0.017206840204794526,0.013072,0.018944,13.529359313197665,0.4634527687537586,0.028546233740047017,-0.043923690723000064,-0.19309173498164345,33.96375091994737,validation,0,0.009097180370862172,0
2023-06-13,0.012749,-0.001896,-0.01454,-0.018267,0.00528,-0.005017999999999998,-0.007134150000000001,0.015113615679247636,0.012198,0.018932,13.725475341048075,0.5765876999116095,0.026503011428000295,-0.03969832888505187,-0.19562545493598082,33.425090855720796,validation,0,0.008539349495131349,0
2023-06-14,-0.003136,0.012749,-0.001896,-0.01454,-0.018267,-0.0011331999999999987,-0.0062994500000000024,0.013417924590719022,0.009776,0.01891,13.463167645783196,0.4604958407021681,0.025359736841321118,-0.032132769458798505,-0.1946907230846947,33.84195534908274,validation,0,0.009280427667947205,0
2023-06-15,0.001157,-0.003136,0.012749,-0.001896,-0.01454,0.0036588000000000015,-0.004348200000000002,0.010701839981465285,0.007055,0.018385,13.967333387592284,0.7923277856170351,0.02355245019855944,-0.018480483937546865,-0.18710547355106621,37.27434843472684,validation,1,0.012491032115081605,0
2023-06-16,0.00942,0.001157,-0.003136,0.012749,-0.001896,0.007479000000000002,-0.003752100000000002,0.011842597248914614,0.008348,0.0189,13.856998890432081,0.7138555827903141,0.02785978047491667,0.00249822838210223,-0.17273530394919068,43.13250913289932,validation,0,0.010521118272313073,0
2023-06-19,0.017205,0.00942,0.001157,-0.003136,0.012749,0.004076200000000001,-0.003648700000000002,0.011312936135730242,0.009097,0.018891,13.404064097178304,0.4749430626768519,0.026200391636595544,0.0021990493057646443,-0.17626506215876347,42.065180181397515,validation,0,0.011109093360846329,0
2023-06-20,-0.004265,0.017205,0.00942,0.001157,-0.003136,0.004746400000000001,-0.0015054500000000021,0.011181335189601562,0.008539,0.016515,13.903376736173888,0.8148727741312998,0.025383104093225382,0.004090942046644619,-0.17608598761600058,42.14340058422721,validation,0,0.011104355645421305,0
2023-06-21,2.15e-4,-0.004265,0.017205,0.00942,0.001157,0.007500200000000001,-2.795000000000022e-4,0.010072736528206555,0.00928,0.016791,13.801383235615631,0.7537661281672742,0.025317523286377597,0.01950782146811303,-0.16378953567960786,47.395510946056035,validation,0,0.007932872903305587,0
2023-06-22,0.014926,2.15e-4,-0.004265,0.017205,0.00942,0.0032506000000000015,-6.245000000000224e-5,0.009566302990183826,0.012491,0.016602,13.94461328350335,0.886955980812309,0.027984929154811766,0.007647812415078059,-0.17367842987440907,43.940875371862816,validation,0,0.0067446075274992835,0
2023-06-23,-0.011828,0.014926,2.15e-4,-0.004265,0.017205,0.0015238000000000014,-0.001054500000000002,0.009488110117404835,0.010521,0.015357,13.717626468494668,0.7349360257931216,0.028696677186634496,0.017506892396027318,-0.16659503684956145,46.92510649482236,validation,0,0.004136132529308025,0
2023-06-26,0.008571,-0.011828,0.014926,2.15e-4,-0.004265,8.174000000000013e-4,8.564999999999773e-5,0.009725293640811058,0.011109,0.013817,13.615140706133028,0.6923771118143589,0.029380152063579107,0.009577859492823082,-0.17309345303471668,44.58043855152784,validation,0,0.00469645022330696,0
2023-06-27,-0.007797,0.008571,-0.011828,0.014926,2.15e-4,0.0010084000000000013,0.0014388499999999978,0.00954428523835657,0.011104,0.012391,13.622799213770266,0.7331039287177499,0.02835518336696516,0.009384346774696573,-0.17006227385335926,45.02066922609772,validation,0,0.010471397456882248,0
2023-06-28,0.00117,-0.007797,0.008571,-0.011828,0.014926,-0.002294999999999999,3.578499999999978e-4,0.00963841906354172,0.007933,0.011601,13.68096722492929,0.8162652225342111,0.02712255991321083,0.007480423428247729,-0.15888005636974,44.502103087862565,validation,0,0.010773328394697712,0
2023-06-29,-0.001591,0.00117,-0.007797,0.008571,-0.011828,-0.0013921999999999988,-0.0012314500000000024,0.009774976189797656,0.006744,0.010219,13.82021646778103,0.9526904777414894,0.02496953823129543,0.0014125984745296805,-0.16503132327155057,42.1052421336501,validation,0,0.009934344150471132,0
2023-06-30,-0.007314,-0.001591,0.00117,-0.007797,0.008571,-0.004609399999999999,-9.392000000000023e-4,0.008200585640333527,0.004136,0.009933,13.852499937389153,1.0401603380294058,0.024140249879684817,-0.005130453933112955,-0.17122757849803782,39.75244358904371,validation,0,0.008391737084775714,0
2023-07-03,-0.007515,-0.007314,-0.001591,0.00117,-0.007797,-0.002537799999999999,-2.4475000000000234e-4,0.008232846258197169,0.004696,0.00965,13.767829678311212,1.023551096583291,0.02039267126712973,-0.0022946124871950913,-0.16910540789010076,40.953672393437365,validation,0,0.009999992484997175,0
2023-07-04,0.002561,-0.007515,-0.007314,-0.001591,0.00117,8.222000000000009e-4,3.8974999999999763e-4,0.010175756548996464,0.010471,0.010419,14.240308902176055,1.6003649289392143,0.025275431463763237,0.015287724974082817,-0.15417326470028403,48.703632186424386,validation,0,0.006070227862279965,0
2023-07-05,0.01797,0.002561,-0.007515,-0.007314,-0.001591,1.422000000000009e-4,0.0010535499999999975,0.009011290254144766,0.010773,0.009555,14.603128475185626,2.1319023626088582,0.032075628569455575,0.009202715431175568,-0.1583933062527083,46.832795389393944,validation,0,0.0058770606854106925,0
2023-07-06,-0.004991,0.01797,0.002561,-0.007515,-0.007314,0.002005800000000001,0.0018807499999999977,0.008202910781478053,0.009934,0.008822,15.317910326085975,3.721653753902596,0.035351120305593994,0.00937666483913091,-0.1567085295868652,47.696598534258975,validation,0,0.010148341726607358,0
2023-07-07,0.002004,-0.004991,0.01797,0.002561,-0.007515,0.004492600000000001,0.0022214999999999973,0.007868582989755313,0.008392,0.0088,13.622828314132567,0.6896658702386002,0.031730876622113255,0.012152720673169082,-0.1440644340544941,49.85824994098262,validation,0,0.010953099104819604,0
2023-07-10,0.004919,0.002004,-0.004991,0.01797,0.002561,0.002495800000000001,0.0012128999999999977,0.007828500636917788,0.01,0.008685,13.676017429455431,0.7237512457950841,0.032811902806514484,0.003463668202907666,-0.1504211202329967,46.70654670673989,validation,0,0.009905985806571701,0
2023-07-11,-0.007423,0.004919,0.002004,-0.004991,0.01797,1.5540000000000093e-4,0.0016830999999999975,0.008076735311305485,0.00607,0.008692,14.63897390534547,1.7939741183708104,0.03214674603923075,0.008105759553492353,-0.14509524802938634,49.582201927245414,validation,0,0.009910036165423413,0
2023-07-12,0.006268,-0.007423,0.004919,0.002004,-0.004991,0.002534600000000001,0.0019704999999999974,0.008277994472629762,0.005877,0.008768,13.92076386787577,0.8609576009813282,0.02861963166835535,0.013117049179065088,-0.13729758537285297,52.63277165045742,validation,0,0.009909976538821875,0
2023-07-13,0.006905,0.006268,-0.007423,0.004919,0.002004,0.006369600000000001,0.0025584499999999977,0.009742957628176592,0.010148,0.009645,13.47051429483408,0.5586995078010875,0.026655168456384555,0.031959402758585886,-0.11902595006764238,60.56872167313408,validation,0,0.005499765449544189,0
2023-07-14,0.021179,0.006905,0.006268,-0.007423,0.004919,0.0048540000000000015,0.0015652499999999976,0.0092008034075533,0.010953,0.009062,14.026182258063162,0.9665464473434235,0.02738878259493438,0.027628375632753333,-0.12136678555323255,59.20029053862781,validation,0,0.0055334910499611365,0
2023-07-17,-0.002659,0.021179,0.006905,0.006268,-0.007423,0.005675600000000001,0.0016127499999999974,0.009532350987266701,0.009906,0.009032,13.587999985076701,0.620373663221453,0.028228599890291084,0.02259739470175104,-0.12428155618415127,57.45946872172708,validation,0,0.005246431720703129,0
2023-07-18,-0.003315,-0.002659,0.021179,0.006905,0.006268,0.005722400000000001,0.0019270999999999976,0.00828455493943063,0.00991,0.00909,14.04277520588278,0.9714182935242547,0.024418952829125345,0.027289443840422756,-0.11857645935054328,59.93792493941473,validation,0,0.005747635861813098,0
2023-07-19,0.006502,-0.003315,-0.002659,0.021179,0.006905,0.005722000000000001,0.0015259499999999977,0.007862631070096347,0.00991,0.008653,13.762769900862992,0.7352408095673864,0.024846635327145872,0.03281224468862898,-0.10404466388276146,62.45473181349542,validation,0,0.00411893126915223,0
2023-07-20,0.006903,0.006502,-0.003315,-0.002659,0.021179,7.000000000000014e-4,0.001920799999999998,0.008255004876504381,0.005499,0.008179,13.70556063819486,0.7009303055209237,0.022425914166953824,0.026795801030100597,-0.10756662127990657,60.12217889589051,validation,0,0.004219213220495025,0
2023-07-21,-0.003931,0.006903,0.006502,-0.003315,-0.002659,6.568000000000014e-4,0.0013484999999999977,0.00847480470047016,0.005533,0.008089,14.217801299765288,1.1435451455088133,0.023367421885491027,0.022483208151865774,-0.10101347961333929,58.4105704614607,validation,0,0.005818772954841941,0
2023-07-24,-0.002875,-0.003931,0.006903,0.006502,-0.003315,0.0022556000000000013,0.0019722999999999976,0.0076873301419355675,0.005246,0.007823,13.957110809613074,0.8700221825767659,0.02579187921063269,0.025261581191023952,-0.09680737197712164,60.38144644217143,validation,0,0.00580268319831438,0
2023-07-25,0.004679,-0.002875,-0.003931,0.006903,0.006502,-2.9899999999999865e-4,0.001600249999999998,0.00827056147563285,0.005747,0.008037,14.058757867700724,0.9469941690890662,0.026267098024610545,0.017234916782328913,-0.0963668278884161,56.50053058737721,validation,0,0.008295124079843532,0
2023-07-26,-0.006271,0.004679,-0.002875,-0.003931,0.006903,-0.0022663999999999987,0.0015330999999999977,0.008301467444574684,0.004119,0.008071,13.924240291428065,0.820469852988796,0.023084068567507908,0.012730458777714393,-0.09738498973141418,54.737647893781485,validation,0,0.010027450533410774,0
2023-07-27,-0.002934,-0.006271,0.004679,-0.002875,-0.003931,-0.001266799999999999,0.0019521499999999976,0.004736002491553398,0.004219,0.007801,13.704399092807002,0.661220480892056,0.02208284095338332,0.011875485091358273,-0.0964234958735889,55.28144591351345,validation,0,0.009574619794017932,0
2023-07-28,0.001067,-0.002934,-0.006271,0.004679,-0.002875,9.718000000000015e-4,0.0027437999999999976,0.005355771861583849,0.005819,0.00759,13.96834837636599,0.8569149895402383,0.020320311727634773,0.017549536234730434,-0.08890866230058492,59.38829944568473,validation,0,0.004236460928652594,0
2023-07-31,0.008318,0.001067,-0.002934,-0.006271,0.004679,-8.613999999999986e-4,0.0023913999999999975,0.005467824419069963,0.005802,0.00776,14.117814212186383,0.980653615899819,0.018906478220845097,0.010625525978337214,-0.0929950111963429,56.35738911817953,validation,0,0.005639950460775343,0
2023-08-01,-0.004487,0.008318,0.001067,-0.002934,-0.006271,-0.0024849999999999985,7.734499999999978e-4,0.0068258015076782174,0.008295,0.007715,13.849194819367467,0.7633394427078417,0.021217027077474228,-0.004650557848605574,-0.10604686860849055,47.94141146394779,validation,0,0.005086773161838456,0
2023-08-02,-0.014389,-0.004487,0.008318,0.001067,-0.002934,-0.004894799999999999,2.7384999999999774e-4,0.00735853738788415,0.010027,0.008401,14.265920987982241,1.1855024026553582,0.02243012271130295,-0.019793497930989168,-0.11944030936486583,41.15042912922018,validation,0,0.003949567191478074,0
2023-08-03,-0.014983,-0.014389,-0.004487,0.008318,0.001067,-0.007053199999999998,-3.1260000000000223e-4,0.00761290191422138,0.009574,0.008678,14.028131742844156,1.0656864557345858,0.02357999972857453,-0.028998056840924824,-0.12800519544049493,37.49292196426823,validation,0,0.0036608032998236882,0
2023-08-04,-0.009725,-0.014983,-0.014389,-0.004487,0.008318,-0.010747799999999998,-0.0010663000000000022,0.007821590062839596,0.004236,0.008853,13.868506152616218,0.8995576881437798,0.025007461699495116,-0.037826776665406014,-0.13686105992046593,34.11641068062298,validation,0,0.0030928015293581325,0
2023-08-07,-0.010155,-0.009725,-0.014983,-0.014389,-0.004487,-0.0100278,-7.395000000000023e-4,0.0072416842454715675,0.00564,0.008726,13.87838206540628,0.9009877580343307,0.02573026100924809,-0.037954496004139804,-0.1267049870604613,33.833590129145534,validation,0,0.007811012258343986,0
2023-08-08,-8.87e-4,-0.010155,-0.009725,-0.014983,-0.014389,-0.0089822,-0.0015109500000000024,0.007335389093671553,0.005087,0.008755,13.849819226756535,0.9242357357326515,0.026427274747100528,-0.0453348510754783,-0.12104820238756253,30.97228143841278,validation,0,0.007454948879771075,0
2023-08-09,-0.009161,-8.87e-4,-0.010155,-0.009725,-0.014983,-0.007039999999999999,-0.0021198000000000024,0.007273239293617543,0.00395,0.008561,13.502700744934335,0.6644399327137707,0.0274307066452913,-0.04837964531303818,-0.10374635925028342,29.44187526213304,validation,0,0.006761373625233263,0
2023-08-10,-0.005272,-0.009161,-8.87e-4,-0.010155,-0.009725,-0.006263599999999999,-0.0034709000000000025,0.006846393782293144,0.003661,0.0065970000000000004,13.792991905609027,0.8774921175785392,0.026885309637524946,-0.0506829566187168,-0.10898014540765277,27.812372889174753,validation,0,0.006135087758133538,0
2023-08-11,-0.005843,-0.005272,-0.009161,-8.87e-4,-0.010155,-0.004867399999999999,-0.0034966500000000026,0.004672613477606629,0.003093,0.006595,13.870807128538106,0.9561235189120579,0.024995864432938688,-0.05041557778457073,-0.10614827643302416,26.944560261552027,validation,0,0.006122644787998076,0
2023-08-14,-0.003174,-0.005843,-0.005272,-0.009161,-8.87e-4,-0.002503999999999999,-0.0027844000000000024,0.007548382688438041,0.007811,0.007342,13.711489145307677,0.8114677311362021,0.023592134181349932,-0.03736248648463114,-0.06726962819938376,34.49923229711848,validation,0,0.00388568369788381,0
2023-08-15,0.01093,-0.003174,-0.005843,-0.005272,-0.009161,4.574000000000013e-4,-0.0028272000000000024,0.007807199073789382,0.007455,0.007288,13.899928909300158,0.9871627042432108,0.022421036254989337,-0.02916487879740437,-0.0620037230872984,38.099172680528525,validation,0,0.003685389192473435,0
2023-08-16,0.005646,0.01093,-0.003174,-0.005843,-0.005272,0.0016076000000000013,-0.0031484000000000026,0.006929914875218727,0.006761,0.006971,13.820837345407492,0.9097536810921704,0.020485841986119843,-0.02559713416846543,-0.061555659231270266,38.40935371931377,validation,0,0.004922132515485539,0
2023-08-17,4.79e-4,0.005646,0.01093,-0.003174,-0.005843,0.0021086000000000013,-0.0031187500000000026,0.006492709265869766,0.006135,0.006969,14.008932773829134,1.0824748131097393,0.023016329825839513,-0.02577604054651572,-0.06468748700845772,37.01324698874468,validation,0,0.004784360824603429,0
2023-08-18,-0.003338,4.79e-4,0.005646,0.01093,-0.003174,0.0021202000000000013,-0.003130800000000002,0.0058715432989215974,0.006123,0.006968,13.981288521038225,1.0679629044013361,0.02707891664911452,-0.02572664337314856,-0.06760221168014702,35.712230080529565,validation,0,0.008586986392210018,0
2023-08-21,-0.003116,-0.003338,4.79e-4,0.005646,0.01093,5.286000000000015e-4,-0.0032161500000000023,0.006031707498249932,0.003886,0.0068780000000000004,13.85729816612958,0.9481204119552105,0.028031214673176336,-0.019619996939520656,-0.06483068267378633,37.9458196534708,validation,0,0.008438835138809147,0
2023-08-22,0.002972,-0.003116,-0.003338,4.79e-4,0.005646,4.040000000000014e-4,-0.0026514500000000022,0.005544171655391312,0.003686,0.007074,13.473705929377939,0.6630884434308945,0.02881305047798046,-0.012016151019951238,-0.060132941008005036,41.646618071312055,validation,0,0.008794704184905824,0
2023-08-23,0.005023,0.002972,-0.003116,-0.003338,4.79e-4,-0.0010739999999999986,-0.0028503000000000027,0.00575182766702125,0.004922,0.007138,14.263190609988069,1.4302719808229156,0.029976340093767716,-0.015982378914694007,-0.06662755731291015,38.25030052342773,validation,0,0.008479867552031695,0
2023-08-24,-0.006911,0.005023,0.002972,-0.003116,-0.003338,-2.7799999999999857e-4,-0.0028715500000000027,0.005337053807527562,0.004784,0.007127,13.780037772547107,0.8794165693952785,0.02454802388739265,-0.01245084037799904,-0.06603167857654257,38.74389128974198,validation,0,0.011374004470721823,0
2023-08-25,6.42e-4,-0.006911,0.005023,0.002972,-0.003116,-0.0028353999999999988,-0.004082600000000002,0.0075002769311835705,0.008587,0.007183,13.795288462703708,0.9005273792739237,0.02324322116283538,-0.024085078228131995,-0.08088245483562517,31.9000556716703,validation,0,0.008245908761319155,0
2023-08-28,-0.015903,6.42e-4,-0.006911,0.005023,0.002972,-0.0030209999999999985,-0.0037560500000000025,0.0064700082053872066,0.008439,0.007311,13.729879682189656,0.8607143053048016,0.022218746435843893,-0.01831042294324703,-0.0790024343263106,33.50148001931352,validation,0,0.008244661866929412,0
2023-08-29,0.002044,-0.015903,6.42e-4,-0.006911,0.005023,-0.0027361999999999985,-0.0027142500000000023,0.006569016507649968,0.008795,0.0072,13.6934073286957,0.8357335913333303,0.02270246695334401,-0.009223739941042863,-0.07306674303768812,38.42480882229311,validation,0,0.00806305845817826,0
2023-08-30,0.006447,0.002044,-0.015903,6.42e-4,-0.006911,-0.0017321999999999986,-0.0020596500000000023,0.0065457809728438395,0.00848,0.006595,14.20152505681064,1.3955699396732228,0.022494228369851235,-0.00901112629801648,-0.0748174255267059,37.54196352002877,validation,0,0.007927886843289326,0
2023-08-31,-0.001891,0.006447,0.002044,-0.015903,6.42e-4,0.0011158000000000012,-8.293000000000026e-4,0.00825892810438094,0.011374,0.007343,14.162021523228768,1.3303326040826218,0.028897054312558262,0.00660655188106718,-0.06105216479511466,47.714238076629286,validation,0,0.0033012868248608754,0
2023-09-01,0.014882,-0.001891,0.006447,0.002044,-0.015903,0.002956400000000001,-6.565500000000026e-4,0.008503514008925957,0.008246,0.00715,13.926608184881799,1.0481775376592193,0.026227612878838097,5.525340997782902e-4,-0.06733891642454282,44.17558037406018,validation,0,0.0011461366846934095,0
2023-09-04,-0.0067,0.014882,-0.001891,0.006447,0.002044,0.002965600000000001,-5.077000000000026e-4,0.008474484580197193,0.008245,0.007176,13.788634613638857,0.9170213615762922,0.02530094715348479,0.0031771656588455155,-0.06539422690507968,45.52151582094232,validation,0,0.0032390102346241513,0
2023-09-05,0.00209,-0.0067,0.014882,-0.001891,0.006447,0.0016888000000000012,-4.650000000000257e-5,0.008289152859142014,0.008063,0.006881,13.970289611751827,1.0928722337432213,0.02525124328152597,0.003311264845652806,-0.06533417710994183,45.565159656185145,validation,0,0.005298316591144776,0
2023-09-06,6.3e-5,0.00209,-0.0067,0.014882,-0.001891,0.001976600000000001,1.944999999999974e-4,0.007982106152026682,0.007928,0.006772,13.833959328032734,0.9409398193229643,0.025664750997120282,0.0026865288351947125,-0.06575452567590656,45.291633664190684,validation,0,0.005152876817856216,0
2023-09-07,-4.52e-4,6.3e-5,0.00209,-0.0067,0.014882,-0.0011127999999999986,4.5839999999999743e-4,0.007982498456693311,0.003301,0.006625,13.767954481994655,0.8818231961863496,0.021233276487619177,0.001684108600599199,-0.06628111618711507,44.927778292597026,validation,0,0.004585460642072942,0
2023-09-08,-5.65e-4,-4.52e-4,6.3e-5,0.00209,-0.0067,4.6860000000000147e-4,6.774499999999974e-4,0.005702898234913348,0.001146,0.006571,13.900036431982262,1.0048817335071236,0.02121086625673906,0.0022374067870976067,-0.0651540277245285,45.929033065273465,validation,0,0.006550924118015717,0
2023-09-11,0.001207,-5.65e-4,-4.52e-4,6.3e-5,0.00209,0.0014774000000000015,4.8764999999999735e-4,0.0059572495004919105,0.003239,0.006309,13.705220132468005,0.8272185336322221,0.022557359204235572,0.008908539897859447,-0.05848850046423104,51.540218740389165,validation,0,0.006480898487092665,0
2023-09-12,0.007134,0.001207,-5.65e-4,-4.52e-4,6.3e-5,0.0037392000000000016,7.739499999999974e-4,0.006522189748168257,0.005298,0.006675,13.878576432790355,0.9848480820628293,0.02271627239156489,0.01960537978189647,-0.047781160069657824,58.91581253045586,validation,0,0.006095286359146713,0
2023-09-13,0.011372,0.007134,0.001207,-5.65e-4,-4.52e-4,0.0038960000000000015,7.665999999999974e-4,0.006384219765258015,0.005153,0.006675,13.866565774013425,0.9709784846972402,0.022390719890700718,0.019177662428165654,-0.047462434233926265,59.115291350335355,validation,0,0.007180171286257731,0
2023-09-14,3.32e-4,0.011372,0.007134,0.001207,-5.65e-4,0.005383600000000001,0.0012771499999999973,0.005090380998619957,0.004585,0.006735,13.966244263722086,1.0752675841208383,0.027539944745252322,0.024877701929102214,-0.04091700656390451,63.07981818611693,validation,0,0.010103889463963865,0
2023-09-15,0.006873,3.32e-4,0.011372,0.007134,0.001207,0.004089400000000002,0.0011697499999999974,0.004826874143791197,0.006551,0.006825,13.660725176756703,0.8042318077431202,0.029313253761031565,0.018305347143387163,-0.04596580857049137,58.37751072586496,validation,0,0.009149586520712287,0
2023-09-18,-0.005264,0.006873,3.32e-4,0.011372,0.007134,0.003958200000000001,0.0013450499999999974,0.005003985651458246,0.006481,0.006918,13.993044003359683,1.1133348988616794,0.030220921015771524,0.02353413573543528,-0.03978529888630733,62.10192806457036,validation,1,0.01354627580923997,0
2023-09-19,0.006478,-0.005264,0.006873,3.32e-4,0.011372,5.346000000000014e-4,8.065999999999974e-4,0.005642815992234925,0.006095,0.007035,13.588932365015634,0.7402346520923039,0.027038794275741896,0.016846584472645976,-0.04530526082397557,57.18067140579891,validation,1,0.013362802767383794,0
2023-09-20,-0.005746,0.006478,-0.005264,0.006873,3.32e-4,0.0022832000000000013,0.0016058999999999973,0.005952877981839261,0.00718,0.00702,13.672368559630604,0.8315955070691966,0.027071036020415933,0.024440335210651254,-0.03663961346408773,62.23958541773792,validation,1,0.013540793876283621,0
2023-09-21,0.009075,-0.005746,0.006478,-0.005264,0.006873,0.004515600000000001,0.0024755499999999974,0.007411280339230642,0.010104,0.007915,13.683278891757887,0.8443239577060324,0.027213489008510915,0.04032792114487216,-0.019266745809217167,69.91388485225549,validation,0,0.010364220028540498,0
2023-09-22,0.018035,0.009075,-0.005746,0.006478,-0.005264,0.005443000000000001,0.003239349999999997,0.007535831028419419,0.00915,0.00669,13.547496463220948,0.7448416180450056,0.026729915615816852,0.03632330700558439,-0.019881101405627155,69.37691492854992,validation,0,0.0105018095202684,0
2023-09-25,-6.27e-4,0.018035,0.009075,-0.005746,0.006478,7.094000000000004e-4,0.0022776499999999974,0.010156559388996955,0.013546,0.008104,14.069425380066374,1.2329832699678325,0.030184493844299408,0.016239728796114905,-0.0367273785492892,56.550825088100375,validation,0,0.0055982656242804345,0
2023-09-26,-0.01719,-6.27e-4,0.018035,0.009075,-0.005746,0.0010516000000000004,0.0017535499999999974,0.009795329254859743,0.013363,0.008159,13.573246621573727,0.7543203359437678,0.03228383705628436,0.010406957171518405,-0.04061675758821537,54.06562405336089,validation,0,0.003223714348387586,0
2023-09-27,-0.004035,-0.01719,-6.27e-4,0.018035,0.009075,0.0012776000000000007,0.0023583499999999973,0.010231541169887903,0.013541,0.008321,13.640780909565917,0.8322762008330552,0.03616547891305262,0.01836131455945944,-0.030824021765741172,58.95638703582588,validation,0,0.003186992516464386,0
2023-09-28,0.010205,-0.004035,-0.01719,-6.27e-4,0.018035,-0.0013743999999999991,0.0018529999999999974,0.010136582847400905,0.010364,0.007812,14.129362444090395,1.35967406057099,0.029940413714843555,0.021354276935569017,-0.026195568325118823,61.066375937455994,validation,0,0.0055726170961227905,0
2023-09-29,0.004775,0.010205,-0.004035,-0.01719,-6.27e-4,-7.807999999999992e-4,0.0023050499999999973,0.009848017075646356,0.010502,0.007548,13.672864610842488,0.8722012307332031,0.031901117378929256,0.021416939330998197,-0.023918295324892425,62.09878452022121,validation,0,0.009045652618799818,0
2023-10-02,0.002341,0.004775,0.010205,-0.004035,-0.01719,0.004341,0.0026214999999999975,0.009957353294034625,0.005598,0.00767,13.768474504442827,0.9606477023796811,0.027870612016372087,0.02734501933793032,-0.015700711821033053,65.63956602304043,validation,0,0.00934190220458339,0
2023-10-03,0.008419,0.002341,0.004775,0.010205,-0.004035,0.005993200000000001,0.0028296499999999974,0.009527013373677095,0.003224,0.007654,13.562502982833154,0.7975260588857764,0.02874406297292747,0.02880068846650352,-0.011538799096481589,67.30548697137351,validation,0,0.007977486991528096,0
2023-10-04,0.004226,0.008419,0.002341,0.004775,0.010205,0.005970600000000001,0.003356849999999997,0.009598036274271015,0.003187,0.007778,14.02374755662381,1.2512338294051457,0.027065346274982166,0.0357208401036353,-0.0015659138885937285,70.94117293895215,validation,1,0.01238653545992583,0
2023-10-05,0.010092,0.004226,0.008419,0.002341,0.004775,0.008335600000000002,0.004215099999999998,0.009366576051756231,0.005572,0.008255,14.55782259439271,2.0168962186802153,0.03169496851317319,0.048492841641965656,0,75.7645114734312,validation,1,0.01562776303570028,1
2023-10-06,0.0166,0.010092,0.004226,0.008419,0.002341,0.0133556,0.0055267999999999975,0.011869858420947291,0.009046,0.009708,14.530875095072444,1.8770650409977947,0.03578898597374406,0.07128892904322992,0,81.36324226292155,validation,1,0.016757396910021555,1
2023-10-09,0.027441,0.0166,0.010092,0.004226,0.008419,0.012973400000000001,0.005495499999999998,0.008568305184418522,0.009342,0.009704,14.480521089543167,1.7029069845852105,0.039059165313227596,0.07230376253640047,0,82.42822509116775,validation,1,0.016937265269222183,1
2023-10-10,0.006508,0.027441,0.0166,0.010092,0.004226,0.0153972,0.005744149999999997,0.0075808132926340945,0.007977,0.009923,14.364535604313057,1.4734197540292584,0.041001603020264066,0.0834883079400166,0,84.79408766857394,validation,1,0.016078504370742947,1
2023-10-11,0.016345,0.006508,0.027441,0.0166,0.010092,0.012283200000000001,0.005453649999999997,0.009152747158336912,0.012386,0.010172,14.215044109119,1.245578047947098,0.04043938851492672,0.07165319502740686,-0.005477399772243929,80.80349554065793,validation,1,0.015270742254389602,1
2023-10-12,-0.005478,0.016345,0.006508,0.027441,0.0166,0.006808,0.0045711999999999975,0.011090326413390885,0.015628,0.010789,14.142396276115996,1.147564135619734,0.039155452091464385,0.05528508753596051,-0.016194051500547535,73.51379063610693,validation,1,0.013688482428669732,0
2023-10-13,-0.010776,-0.005478,0.016345,0.006508,0.027441,0.0074742,0.006372999999999997,0.013068256259178405,0.016757,0.012001,14.668614814275172,1.8294557037968642,0.038696404925953456,0.08081603569723539,0,79.21782049973481,validation,0,0.003978276134206875,0
2023-10-16,0.030772,-0.010776,-0.005478,0.016345,0.006508,0.0065886,0.006153099999999996,0.0133270091001528,0.016937,0.01204,14.006710914631363,0.943153975065705,0.03589112311745792,0.07640356419250138,0,79.54819449987235,validation,0,0.006234283824145321,0
2023-10-17,0.00208,0.030772,-0.010776,-0.005478,0.016345,0.004677400000000001,0.006779849999999997,0.013232618310237943,0.016079,0.011709,13.64218402437726,0.6539334693544729,0.03591965963775372,0.07640272179129992,0,80.63275578354495,validation,0,0.0060077334494799284,0
2023-10-18,0.006789,0.00208,0.030772,-0.010776,-0.005478,0.006041000000000001,0.006393099999999997,0.013515012109584742,0.015271,0.011757,13.825467819486494,0.7811207667366434,0.03558377232266437,0.07100564930832198,0,80.85038176034541,validation,0,0.009487878962128469,0
2023-10-19,0.00134,0.006789,0.00208,0.030772,-0.010776,0.007327800000000001,0.005274249999999997,0.013852723738994035,0.013688,0.011655,13.74048093044747,0.7160502831985215,0.033073189035672704,0.060769191627862096,-0.004344922611349333,77.79738434949695,validation,0,0.009247654253917584,0
2023-10-20,-0.004342,0.00134,0.006789,0.00208,0.030772,0.0012610000000000013,0.005327499999999997,0.011939931901908915,0.003978,0.011629,13.53345661782133,0.5823884766563129,0.02411542521460966,0.05564991946219755,-0.003909585034531093,77.88748156363114,validation,0,0.011200200944625949,0
2023-10-23,4.38e-4,-0.004342,0.00134,0.006789,0.00208,0.003212600000000001,0.006778899999999997,0.012162978611800282,0.006234,0.010419,13.859922580615052,0.8148915168696581,0.023241968202097944,0.06103546877791355,0,80.22798756211513,validation,0,0.010196634503599705,0
2023-10-24,0.011838,4.38e-4,-0.004342,0.00134,0.006789,0.002813200000000001,0.0072202499999999975,0.011484930997228983,0.006008,0.01012,13.711636714439367,0.699411489282388,0.017803052403558374,0.05860556067688094,0,81.11010771190091,validation,1,0.017417041712070393,1
2023-10-25,0.004792,0.011838,4.38e-4,-0.004342,0.00134,-1.23199999999999e-4,0.006042899999999997,0.012417975630780835,0.009488,0.011079,13.577375188830827,0.6127648563381404,0.018858485484524887,0.038380399076034966,-0.013342737660993365,71.50125334097554,validation,1,0.024451612018433468,1
2023-10-26,-0.013342,0.004792,0.011838,4.38e-4,-0.004342,4.708000000000011e-4,0.005735549999999997,0.011590804612565371,0.009248,0.0112,13.445727216009281,0.5517180577972587,0.01982518976122789,0.031234500196235304,-0.01469495755532002,70.58857425107368,validation,1,0.024361284783442762,1
2023-10-27,-0.001372,-0.013342,0.004792,0.011838,4.38e-4,0.003304800000000001,0.006348899999999998,0.007996718249798893,0.0112,0.01134,13.42455911521868,0.5443053768073475,0.02283571000228459,0.03988962671741958,-3.0049330985026934e-4,74.34299749676451,validation,1,0.023664565715432007,1
2023-10-30,0.014608,-0.001372,-0.013342,0.004792,0.011838,6.652000000000009e-4,0.0058599499999999975,0.00807997330097349,0.010197,0.011456,13.722653766140944,0.7345997274483501,0.023900417288960283,0.03261967540910571,-0.0016610602405615627,73.3893902976526,validation,1,0.02370536659071106,1
2023-10-31,-0.00136,0.014608,-0.001372,-0.013342,0.004792,-0.0067649999999999984,0.004030699999999997,0.013279640226468653,0.017417,0.014299,14.32486469963131,1.2951501443741553,0.033851113705582345,-0.004552188899712095,-0.03396826456766522,55.26247405542827,validation,1,0.014672019452004555,1
2023-11-01,-0.032359,-0.00136,0.014608,-0.001372,-0.013342,0.002728400000000002,0.005232349999999998,0.017549719106330765,0.024451,0.015769,14.127313128160422,1.0574493397701241,0.03704476645414116,0.024304366878003858,-0.0010016443661677865,64.8130921962106,validation,0,0.005588051959314623,0
2023-11-02,0.034125,-0.032359,-0.00136,0.014608,-0.001372,0.004164600000000002,0.004692799999999998,0.017480387797948495,0.024361,0.015543,13.978194723809771,0.9447536710556826,0.03607854491637743,0.025643756460675737,0,66.18222097534853,validation,0,0.006468966633087544,0
2023-11-03,0.005809,0.034125,-0.032359,-0.00136,0.014608,0.001201000000000002,0.0033102499999999972,0.017489328882683484,0.023664,0.014615,13.799123012631785,0.8250040778639289,0.03341316345582693,0.022173650956570423,-2.1183184704920421e-4,66.0806977174934,validation,0,0.0063550724386115375,0
2023-11-06,-2.1e-4,0.005809,0.034125,-0.032359,-0.00136,9.48800000000002e-4,0.0028537999999999975,0.017204211738860796,0.023705,0.014652,13.959731241017339,1.0019030397723256,0.030954851620334317,0.016722184236454662,-0.002832731758578233,64.75710162189134,validation,0,0.0055310528563737305,0
2023-11-07,-0.002621,-2.1e-4,0.005809,0.034125,-0.032359,0.009222400000000002,0.0024869999999999975,0.017363686193701305,0.014672,0.014386,13.769782799839076,0.8574407444433414,0.024565026513947645,0.023436050984638523,0,67.18361889781296,validation,0,0.004921488209881235,0
2023-11-08,0.009009,-0.002621,-2.1e-4,0.005809,0.034125,0.0016002000000000013,0.0025615999999999976,0.01673191464138718,0.005588,0.014346,13.618730174305492,0.7600755438493662,0.019356250333420342,0.016865574831742558,-0.003987813637827409,65.03018257720788,validation,0,0.0039957346007962035,0
2023-11-09,-0.003986,0.009009,-0.002621,-2.1e-4,0.005809,0.002345600000000001,0.003577199999999998,0.016831025600558828,0.006469,0.014069,13.844039704078249,0.9681783377459842,0.022942401568737295,0.023035551906118945,0,67.68704740241172,validation,0,0.0036853038816358143,0
2023-11-10,0.009536,-0.003986,0.009009,-0.002621,-2.1e-4,0.0033252000000000012,0.0022729999999999977,0.016373674768766274,0.006355,0.012541,13.499841820149227,0.7427615097704373,0.025532783483260095,0.0255676317670952,0,68.94800301258314,validation,0,0.005546282205225407,0
2023-11-13,0.004688,0.009536,-0.003986,0.009009,-0.002621,0.004310800000000002,0.0022843499999999975,0.01632450582406708,0.005531,0.012541,13.950370068249962,1.1694472534146936,0.025604960964489998,0.025659038620277963,0,69.58047687631614,validation,0,0.008091118630943438,0
2023-11-14,0.002307,0.004688,0.009536,-0.003986,0.009009,0.002811800000000001,0.0020205999999999974,0.010856110849041044,0.004921,0.012497,13.58122263821767,0.8105258304945829,0.02362296038893663,0.025201961668912753,0,70.01239847762584,validation,0,0.008653386290926808,0
2023-11-15,0.001514,0.002307,0.004688,0.009536,-0.003986,0.0033990000000000014,0.0019010999999999976,0.004676870777204205,0.003996,0.012515,14.045067896898422,1.2727086766224558,0.023891377180413693,0.022249133052602676,-0.0010502705057175987,69.27574338153136,validation,0,0.009157377315585507,0
2023-11-16,-0.00105,0.001514,0.002307,0.004688,0.009536,0.0032348000000000016,0.0025539499999999975,0.004985452922698643,0.003685,0.012513,13.73089558004265,0.9299940295595001,0.021603796772297228,0.028596907170014285,0,71.9142102443889,validation,0,0.008265764544190694,0
2023-11-17,0.008715,-0.00105,0.001514,0.002307,0.004688,9.826000000000014e-4,0.0022033999999999977,0.00575723896884995,0.005546,0.012672,14.081143321219084,1.284303763103494,0.02256365287274251,0.0196683346343276,-0.006572887545852613,67.18789437706016,validation,0,0.007747063701816321,0
2023-11-20,-0.006573,0.008715,-0.00105,0.001514,0.002307,-0.0020037999999999987,9.802499999999976e-4,0.00733273041839729,0.008091,0.012873,13.534854412448597,0.7545114568086526,0.024761153009761047,0.005888674472384947,-0.01911672026243083,59.19260453598348,validation,0,0.003144855036404699,0
2023-11-21,-0.012625,-0.006573,0.008715,-0.00105,0.001514,-0.0012533999999999987,0.0010039499999999978,0.00697394507832945,0.008653,0.01288,13.646067713393675,0.8456834463903408,0.023285062937639912,0.010251353205526836,-0.013949711552445843,61.238741378714764,validation,0,0.0034157643361332757,0
2023-11-22,0.005266,-0.012625,-0.006573,0.008715,-0.00105,3.660000000000138e-5,0.0019410499999999976,0.006892493111268875,0.009157,0.012457,13.910743462055635,1.0849856516821363,0.023708781202046048,0.013820810558407448,-0.008625147455682658,63.28191543525449,validation,0,0.003530187133849989,0
2023-11-23,0.0054,0.005266,-0.012625,-0.006573,0.008715,-8.679999999999987e-4,0.0022192499999999977,0.006409192464300354,0.008266,0.012441,14.108134648502858,1.2807519924007804,0.021963239049830097,0.015897973625198514,-0.0044721490554757715,64.83872158885356,validation,0,0.004204926015996001,0
2023-11-24,0.004192,0.0054,0.005266,-0.012625,-0.006573,0.0011690000000000012,0.0016694499999999977,0.006352600793725705,0.007747,0.012103,14.232162196212682,1.3938836322919919,0.02277470570328431,0.01793439763382665,-8.766543315612552e-4,66.17582000371917,validation,0,0.0040615312998917045,0
2023-11-27,0.003612,0.004192,0.0054,0.005266,-0.012625,0.0032512000000000014,0.001626749999999998,0.006415803561865377,0.003145,0.012116,13.82585190147094,0.9242635287410881,0.02223847517998854,0.014105205278140298,-0.003086469628169386,64.5510786891505,validation,1,0.01664874937345145,1
2023-11-28,-0.002214,0.003612,0.004192,0.0054,0.005266,0.003528000000000001,0.003577199999999998,0.006694513724768298,0.003416,0.009128,14.27494667218787,1.4536097851001464,0.02317238038474135,0.017307525345765518,0,67.15629046894844,validation,1,0.024061867419217488,1
2023-11-29,0.00665,-0.002214,0.003612,0.004192,0.0054,0.002445200000000001,0.001870249999999998,0.006664853977728578,0.00353,0.005641,13.743093616749913,0.8714504219303042,0.020562437087189266,0.015411751601111634,-1.6102476158241785e-5,67.14333721065702,validation,1,0.024407932065211916,1
2023-11-30,-1.4e-5,0.00665,-0.002214,0.003612,0.004192,8.974000000000011e-4,0.0014024499999999978,0.0062521876891213045,0.004205,0.005685,14.09020237115906,1.2250733240533844,0.021323177664156368,0.010412980037399988,-0.0035626728500176563,64.2059047016092,validation,1,0.028419326649306808,1
2023-12-01,-0.003547,-1.4e-5,0.00665,-0.002214,0.003612,-2.5399999999999886e-4,0.0013056999999999977,0.0058794789309938,0.004062,0.00573,13.579964158333018,0.7421632657930155,0.01716444644853178,0.006953270540339451,-0.005700276560028139,62.433011582591654,validation,1,0.028422716041926747,1
2023-12-04,-0.002145,-0.003547,-1.4e-5,0.00665,-0.002214,0.007473200000000002,0.0032578499999999975,0.011512539470797339,0.016649,0.009639,14.451188570522845,1.7146098762713653,0.025207973825726676,0.040254076721628396,0,75.01841580885915,validation,1,0.01775107121274657,1
2023-12-05,0.036422,-0.002145,-0.003547,-1.4e-5,0.00665,-9.279999999999862e-5,0.0012483999999999978,0.01631406727813624,0.024062,0.01222,13.760715349553427,0.8599370625108266,0.03388675129124272,0.006637940411963195,-0.03118102730976713,56.82712765551122,validation,1,0.019550754801285805,1
2023-12-06,-0.03118,0.036422,-0.002145,-0.003547,-1.4e-5,0.0017192000000000012,0.0018999999999999978,0.01644571935388254,0.024408,0.012274,14.065740731987251,1.142616450133877,0.03938775782397004,0.0138985590948566,-0.022415025645633024,59.7799288730131,validation,1,0.01898440063578516,1
2023-12-07,0.009046,-0.03118,0.036422,-0.002145,-0.003547,-0.003606199999999998,-8.550000000000202e-5,0.01929900444294702,0.028419,0.014056,14.462807498539531,1.6354659931335715,0.0456009765084465,-0.01652059005522788,-0.051912386860372806,47.9063278682546,validation,1,0.01677075880215323,1
2023-12-08,-0.030174,0.009046,-0.03118,0.036422,-0.002145,-0.003556799999999998,-4.1480000000000195e-4,0.01921995061388036,0.028422,0.014015,14.018028455388814,1.0265195951387442,0.052510225408244196,-0.017895984279135413,-0.05371324549101719,47.28878606581449,validation,1,0.020103760543739073,1
2023-12-11,-0.001898,-0.030174,0.009046,-0.03118,0.036422,-0.012392199999999997,-9.179000000000021e-4,0.01930949919512846,0.017751,0.014093,14.452875964915432,1.537542678900628,0.04616780575803431,-0.02454109479799893,-0.061053404638480524,44.75634896142498,validation,1,0.02469584591181278,1
2023-12-12,-0.007755,-0.001898,-0.030174,0.009046,-0.03118,-0.013652399999999999,-0.002867650000000002,0.021869508932148736,0.019551,0.016268,14.572753036452895,1.6437546453442953,0.04494476275838004,-0.05836633364151034,-0.09624241666634115,35.06226545093767,validation,1,0.02458140916017631,1
2023-12-13,-0.037481,-0.007755,-0.001898,-0.030174,0.009046,-0.014051,-0.002462500000000002,0.02222702679397314,0.018984,0.016416,14.22080831873732,1.1454132384120725,0.04158002112534366,-0.04932700293975256,-0.08987104914664301,37.693710241689814,validation,1,0.027306125920752655,1
2023-12-14,0.007053,-0.037481,-0.007755,-0.001898,-0.030174,-0.009374399999999998,-0.0032378000000000016,0.022208222301411,0.01677,0.016226,14.103900130079134,1.0031234342372013,0.0354837236481968,-0.05266450262440259,-0.09605100219150031,36.16298040756218,validation,1,0.026546879763919524,1
2023-12-15,-0.006791,0.007053,-0.037481,-0.007755,-0.001898,-0.016541999999999998,-0.004795950000000002,0.02419730574625567,0.020103,0.017966,14.227591731564443,1.1264910111290782,0.042277430662982035,-0.08405603708382403,-0.13016184289168664,29.131008720378233,validation,0,0.011519465122131322,0
2023-12-18,-0.037736,-0.006791,0.007053,-0.037481,-0.007755,-0.011958599999999998,-0.003406600000000002,0.020277002190220876,0.024696,0.018398,14.104685265881276,0.9751101816268452,0.04641680253669689,-0.0669535969930517,-0.11697377621694682,34.439018771415206,validation,1,0.012190714035691264,0
2023-12-19,0.015162,-0.037736,-0.006791,0.007053,-0.037481,7.136000000000015e-4,-0.002375900000000002,0.022265732636098507,0.024581,0.019456,14.320834877265638,1.1754825749980276,0.04613160356011631,-0.04039351748878106,-0.09412123177167775,42.47875619863169,validation,1,0.013143511167112081,0
2023-12-20,0.02588,0.015162,-0.037736,-0.006791,0.007053,0.004677400000000002,-0.0013023000000000023,0.024269345863088734,0.027306,0.020474,14.371660919668937,1.2091588576783583,0.04922111685137094,-0.013120363906348631,-0.06977643570622172,49.573138977985764,validation,1,0.012312207608710957,0
2023-12-21,0.026872,0.02588,0.015162,-0.037736,-0.006791,0.007337800000000001,-0.0011863500000000022,0.02271129130850996,0.026547,0.020513,14.26963566304033,1.0830605098364667,0.05448026794300814,-0.005305752577914213,-0.06372148803268884,51.18572226187521,validation,1,0.01603055303787115,1
2023-12-22,0.006511,0.026872,0.02588,0.015162,-0.037736,0.015060800000000003,-0.0013230000000000021,0.02271631689239159,0.011519,0.020488,14.764728393560548,1.7140440814619535,0.043446387329590545,-0.0028933749154660404,-0.0628972338655176,51.413499999073984,validation,1,0.01582033496168776,1
2023-12-25,8.79e-4,0.006511,0.026872,0.02588,0.015162,0.016819800000000003,-1.4450000000002216e-5,0.023815223941373673,0.012191,0.02125,14.166287844862444,0.9295209498612628,0.04211106468630944,0.02123479045738841,-0.040447050459199385,57.26291847946225,validation,1,0.015166781804324871,1
2023-12-26,0.023957,8.79e-4,0.006511,0.026872,0.02588,0.0177104,0.001169699999999998,0.02062958575013619,0.013143,0.022276,14.693996821337084,1.5342044472339487,0.04458760684823686,0.051190536020531585,-0.011340331029848882,63.41301279321178,validation,1,0.01307064161776307,0
2023-12-27,0.030333,0.023957,8.79e-4,0.006511,0.026872,0.0164268,0.0021930999999999977,0.020907151559268474,0.012312,0.022685,14.085828492586325,0.8251415666620342,0.0468351343335198,0.07049764739798259,0,66.96902095234086,validation,0,0.008076331611567223,0
2023-12-28,0.020454,0.030333,0.023957,8.79e-4,0.006511,0.013688200000000001,0.0020113499999999977,0.020943523989794818,0.016031,0.022748,13.833704048156239,0.6473258604221253,0.04683634302408805,0.06085953834604174,-0.007178756456621582,64.54896434639264,validation,0,0.011593127304571444,0
2023-12-29,-0.007182,0.020454,0.030333,0.023957,8.79e-4,0.0139046,0.002216649999999998,0.013060824782957281,0.01582,0.022727,14.11128653620773,0.839643112839062,0.04680536230715947,0.060760331998041206,-0.005234993920901987,64.91862805352078,validation,0,0.011630618483124619,0
2024-01-01,0.001961,-0.007182,0.020454,0.030333,0.023957,0.0098864,5.888499999999978e-4,0.01347738519355871,0.015167,0.021267,14.098349169774869,0.8436431133356918,0.040954303313437794,0.0644436552155796,-0.0013861892187003733,65.68170948274978,test,1,0.012254785342877286,0
2024-01-02,0.003866,0.001961,-0.007182,0.020454,0.030333,9.94400000000001e-4,0.0014414999999999977,0.015176501838185388,0.013071,0.020244,13.710445554194065,0.5732388706799594,0.033211807014193184,0.04805142236727877,-0.015495891768823933,60.48731102631021,test,0,0.006839020529286339,0
2024-01-03,-0.014127,0.003866,0.001961,-0.007182,0.020454,-0.002275399999999999,0.0011944499999999975,0.013911230739146619,0.008076,0.020176,13.95427722260613,0.7346956472747721,0.025837960507527256,0.05125995834967556,-0.011453485220434989,61.428473185309244,test,0,0.007738768203015257,0
2024-01-04,0.004105,-0.014127,0.003866,0.001961,-0.007182,0.002867800000000001,0.003629849999999998,0.01436902365043174,0.011593,0.019102,13.920805271457185,0.7291470262548922,0.02373995281987541,0.06693670104941263,0,65.445969643121515,test,0,0.004746604502167839,0
2024-01-05,0.018534,0.004105,-0.014127,0.003866,0.001961,0.0035694000000000012,0.003998199999999998,0.01417845797915509,0.011631,0.01906,13.680525537906563,0.5800834297866241,0.02459037468888532,0.06855809353326547,0,66.57272389256681,test,0,0.0066415579723435375,0
2024-01-08,0.005469,0.018534,0.004105,-0.014127,0.003866,0.005223600000000001,0.004992799999999998,0.013229589713970724,0.012255,0.018933,13.9694977958642,0.7935416557395127,0.027880421658314343,0.0761883401780139,0,69.00170149061388,test,0,0.004810739911905444,0
2024-01-09,0.012137,0.005469,0.018534,0.004105,-0.014127,0.008411600000000002,0.006957499999999998,0.01058296658682138,0.006839,0.016124,14.281133355363435,1.10395977027744,0.027009879203596644,0.07078997271638587,0,69.36436615232842,test,0,0.0073104161167473905,0
2024-01-10,0.001813,0.012137,0.005469,0.018534,0.004105,0.007543400000000001,0.006593049999999998,0.00907673917219174,0.007739,0.016204,13.933434916967377,0.7899936760288635,0.026053978361450354,0.06365159128978237,-2.33864305894671e-4,69.2516638647043,test,0,0.008871505695201913,0
2024-01-11,-2.36e-4,0.001813,0.012137,0.005469,0.018534,0.004516600000000001,0.007102599999999998,0.008396558644270084,0.004747,0.015919,13.957099525963384,0.8141181182607186,0.023653367563120774,0.05991963421912394,0,70.01414744425446,test,0,0.009846912729378685,0
2024-01-12,0.0034,-2.36e-4,0.001813,0.012137,0.005469,0.0021874000000000012,0.008680549999999999,0.008958553481946116,0.006642,0.01242,13.98354892729109,0.8457085020054784,0.026553838250597255,0.04470346800349345,-0.00617785297988338,66.76296067544303,test,0,0.009624396848634205,0
2024-01-15,-0.006177,0.0034,-2.36e-4,0.001813,0.012137,-0.001711999999999999,0.007554449999999997,0.009507589352138053,0.004811,0.012816,13.450266143631302,0.5077970335197757,0.02570414997943942,0.029625647043125758,-0.0134912577552172,63.03148691607382,test,0,0.008133940269020912,0
2024-01-16,-0.00736,-0.006177,0.0034,-2.36e-4,0.001813,2.1400000000001096e-5,0.006784449999999997,0.008005874110787514,0.007311,0.0121,13.930566322439661,0.8372896656142982,0.027258947534572735,0.033680431747720174,-0.0031509682271103623,65.930857808489435,test,0,0.007389164140821343,0
2024-01-17,0.01048,-0.00736,-0.006177,0.0034,-2.36e-4,0.0023344000000000012,0.0060072999999999975,0.008314664347471346,0.008872,0.011208,13.561319997577867,0.6004793496763364,0.02873435422320429,0.039313184603442686,0,68.80776351716881,test,0,0.0058774094803748355,0
2024-01-18,0.011329,0.01048,-0.00736,-0.006177,0.0034,1.386000000000014e-4,0.005302799999999998,0.007644060791083348,0.009847,0.01161,13.668037864005065,0.6870406575186888,0.029420541555660547,0.026184415308440956,-0.007578837439158659,64.8191598725774,test,0,0.0036422157816362283,0
2024-01-19,-0.007579,0.011329,0.01048,-0.00736,-0.006177,0.002992800000000001,0.005663549999999998,0.007807253756034263,0.009624,0.011578,14.35599594974838,1.4158294839373113,0.02617546549992648,0.028867213121042123,0,67.00273464298485,test,0,0.0033215630657869497,0
2024-01-22,0.008094,-0.007579,0.011329,0.01048,-0.00736,0.004395600000000001,0.004448399999999997,0.0070747890082398296,0.008134,0.010806,13.752194755667924,0.7897562652002695,0.025704787687841006,0.024089655966539336,-3.4670832137240204e-4,66.80992675827801,test,0,0.0042897819641562205,0
2024-01-23,-3.46e-4,0.008094,-0.007579,0.011329,0.01048,0.0029132000000000016,0.003085149999999998,0.00709517825396625,0.007389,0.008925,13.630466899611305,0.7489000360632095,0.027940073180608364,0.02412705302697149,0,67.6958421665995,test,0,0.004326990120164362,0
2024-01-24,0.003068,-3.46e-4,0.008094,-0.007579,0.011329,0.0014538000000000014,0.002264049999999998,0.007109687154392473,0.005877,0.007944,14.1036557731489,1.200787615986257,0.02727191281733977,0.025951870289467216,0,68.87430850895475,test,0,0.004250215076910814,0
2024-01-25,0.004032,0.003068,-3.46e-4,0.008094,-0.007579,0.004630600000000001,0.003038399999999998,0.007388841920986897,0.003642,0.007727,13.57859130589025,0.7176936770364355,0.026946949970223916,0.03136099661287228,0,71.21432965553053,test,0,0.009867022995817938,0
2024-01-26,0.008305,0.004032,0.003068,-3.46e-4,0.008094,0.0032142000000000013,0.0029909499999999983,0.006788632070519722,0.003321,0.007737,13.703655666090004,0.8302977802584881,0.025863872492905803,0.029350008232715608,0,71.49725739399568,test,1,0.019532283307386263,1
2024-01-29,0.001012,0.008305,0.004032,0.003068,-3.46e-4,0.005609600000000001,0.003379199999999998,0.0061638493059667405,0.00429,0.007974,14.127773529449627,1.2665656915662835,0.02529484362971508,0.03782994403230844,0,74.5976793640629,test,1,0.019466990491598852,1
2024-01-30,0.011631,0.001012,0.008305,0.004032,0.003068,0.005561000000000002,0.004226799999999998,0.005876672082621819,0.004327,0.006835,13.826202198138194,0.9320495335367569,0.02322378709208709,0.03642046094490703,0,75.30825742469725,test,1,0.01929999732383401,1
2024-01-31,0.002825,0.011631,0.001012,0.008305,0.004032,0.0058232000000000015,0.004288699999999998,0.005355809125509319,0.00425,0.00684,13.425110401481005,0.6379757049527565,0.025989396671222666,0.03754414991161159,0,76.64237702846964,test,1,0.021607657353355084,1
2024-02-01,0.005343,0.002825,0.011631,0.001012,0.008305,0.0011724000000000012,0.002614549999999998,0.007244870848476949,0.009867,0.007254,14.482136129338844,1.7663163666403274,0.02888038042387417,0.01940703969355262,-0.014949855393602718,65.85936069965467,test,1,0.019856133624147478,1
2024-02-02,-0.014949,0.005343,0.002825,0.011631,0.001012,0.008751200000000002,0.004286399999999998,0.013526999388465853,0.019532,0.010889,14.24702215850172,1.3553180270027827,0.038061250465098756,0.054549916116400476,0,75.41095008494786,test,0,0.010028027288554814,0
2024-02-05,0.038906,-0.014949,0.005343,0.002825,0.011631,0.008126400000000002,0.004104899999999998,0.013355396320921701,0.019467,0.010781,14.731101445004152,2.0774685703225844,0.03904582059183502,0.05914590568667766,0,76.98582478256996,test,0,0.009276658800451809,0
2024-02-06,0.008507,0.038906,-0.014949,0.005343,0.002825,0.008772200000000003,0.004316949999999998,0.013294236321721447,0.0193,0.010775,13.663962987107093,0.7371158032714442,0.04198713533903088,0.060948135193958475,0,78.07145806363157,test,0,0.010544925163319084,0
2024-02-07,0.006054,0.008507,0.038906,-0.014949,0.005343,0.005200600000000002,0.003702999999999998,0.014684798696838397,0.021608,0.011381,14.07831703233486,1.1072161899469886,0.04285517903933931,0.043833736741234475,-0.012516802239374791,70.61026308299193,test,0,0.01060258913190547,0
2024-02-08,-0.012515,0.006054,0.008507,0.038906,-0.014949,0.006944000000000003,0.0032213999999999984,0.015091480884555,0.019856,0.011597,14.259434550646468,1.3044773362824715,0.039248724680424694,0.03405187361965445,-0.018669539791860035,67.2100211839454,test,0,0.01031385236950772,0
2024-02-09,-0.006232,-0.012515,0.006054,0.008507,0.038906,0.0012134000000000014,0.004042899999999999,0.015166966158581471,0.010028,0.011477,13.602773916423528,0.6872484091042993,0.03014933635180589,0.04050133077359419,-0.008608982442525948,69.77316510591618,test,0,0.010654407271171869,0
2024-02-12,0.010253,-0.006232,-0.012515,0.006054,0.008507,4.1000000000001356e-5,0.004543149999999998,0.014994497887558623,0.009277,0.011168,13.76720647563792,0.8012608680387737,0.027179726136852177,0.038615979882435036,-0.005986447348364177,70.42221993103044,test,0,0.010608625910079024,0
2024-02-13,0.002645,0.010253,-0.006232,-0.012515,0.006054,-0.0041617999999999985,0.0032711499999999983,0.01616911412264479,0.010545,0.011882,13.91266630638592,0.9274915016429883,0.025612348227198857,0.019845770302321597,-0.020855563100203645,62.2593677463757,test,0,0.006446019027275672,0
2024-02-14,-0.01496,0.002645,0.010253,-0.006232,-0.012515,7.240000000000222e-5,0.003137499999999999,0.016271888159576864,0.010603,0.011801,13.601173118778155,0.6783507106861654,0.022239034890108592,0.025533288785804187,-0.012381691448526189,64.76591901456297,test,0,0.0066827330711319004,0
2024-02-15,0.008656,-0.01496,0.002645,0.010253,-0.006232,5.188000000000022e-4,0.0033164499999999986,0.015296239045377571,0.010314,0.011657,13.883084156092439,0.8915066602461618,0.02111663010040795,0.01816238933134451,-0.016331083796405355,62.67659452881866,test,0,0.00757060864792257,0
2024-02-16,-0.004,0.008656,-0.01496,0.002645,0.010253,7.964000000000021e-4,0.0034937999999999983,0.009756739123407073,0.010654,0.01176,13.75927983133651,0.8138532953761667,0.02337329516964589,0.02651566184803067,-0.0048813103668085,66.0917896832875,test,0,0.007110900414152909,0
2024-02-19,0.011641,-0.004,0.008656,-0.01496,0.002645,1.9680000000000218e-4,0.0034934499999999986,0.00939537742663321,0.010609,0.01176,13.75424347981696,0.8096976533736627,0.026765961968067208,0.022683076589931073,-0.005231212671313545,65.89335823696399,test,0,0.007113936603597196,0
2024-02-20,-3.53e-4,0.011641,-0.004,0.008656,-0.01496,0.0035864000000000013,0.003439449999999998,0.009195850151623346,0.006446,0.011764,13.827744418192387,0.8647072362488065,0.02319911068488826,0.021303966537272512,-0.003256516497374018,66.5045630956173,test,0,0.007902194043428698,0
2024-02-21,0.001988,-3.53e-4,0.011641,-0.004,0.008656,0.003811600000000002,0.0037269499999999984,0.008584542387337836,0.006683,0.011849,13.833325917834275,0.8814423556528013,0.024580101292766054,0.027562101160365282,0,69.41920274558399,test,0,0.011330140630195197,0
2024-02-22,0.009782,0.001988,-3.53e-4,0.011641,-0.004,0.003245600000000002,0.0029701999999999984,0.008649645205312053,0.00757,0.012024,13.85648070150992,0.8923251689681463,0.025134726328219347,0.017617383241875784,-0.006832411445407804,65.1163538839113,test,1,0.01546398392071073,1
2024-02-23,-0.00683,0.009782,0.001988,-3.53e-4,0.011641,-6.011999999999985e-4,0.0025399499999999983,0.008571324352488101,0.007111,0.012249,13.665803324723246,0.7384671651394368,0.024774367347660267,0.007445226815200767,-0.014370437171071893,60.64978512753371,test,1,0.019494375770975587,1
2024-02-26,-0.007593,-0.00683,0.009782,0.001988,-3.53e-4,-7.749999999999985e-4,0.0018972999999999983,0.008530762235710372,0.007114,0.012083,13.676717346218048,0.7628003964527479,0.023395093255587314,0.004400719370645456,-0.015575144478826464,59.942125047529245,test,1,0.01929713604916543,1
2024-02-27,-0.001222,-0.007593,-0.00683,0.009782,0.001988,2.2080000000000155e-4,0.0021043999999999985,0.007026153415790337,0.007902,0.012135,13.785863391818754,0.8522628657684318,0.022750155018994998,0.009362558492990392,-0.00871863888726343,62.61569019297182,test,1,0.01740353470706454,1
2024-02-28,0.006967,-0.001222,-0.007593,-0.00683,0.009782,-0.006516799999999999,6.419499999999984e-4,0.010321572061571931,0.01133,0.013419,14.334949381398081,1.4135237444988,0.029188898599865586,-0.015301860894179953,-0.03241351062035547,50.1570404142736,test,1,0.019498135513427946,1
2024-02-29,-0.023906,0.006967,-0.001222,-0.007593,-0.00683,-0.0111458,-1.0935000000000163e-4,0.01375813553623213,0.015464,0.014698,14.236426353741468,1.3041637619490798,0.037569966729875635,-0.0446271378544989,-0.06141942057020522,39.73452308227948,test,1,0.017168324708602176,1
2024-03-01,-0.029975,-0.023906,0.006967,-0.001222,-0.007593,-0.006651799999999999,-0.0013108000000000017,0.01419666144830459,0.019494,0.012091,14.427123335492832,1.5578983539614069,0.0407846051612691,-0.0290940251602666,-0.04745514186289046,45.59577086915993,test,1,0.01247732964219508,0
2024-03-04,0.014877,-0.029975,-0.023906,0.006967,-0.001222,-0.0085682,-0.002276350000000002,0.014313106388512903,0.019297,0.012037,13.892447524736543,0.970895624229895,0.04419163542152306,-0.03736094481045238,-0.057746784291993536,42.32835971515974,test,1,0.018277328516498246,1
2024-03-05,-0.010804,0.014877,-0.029975,-0.023906,0.006967,-0.0113636,-0.002929550000000002,0.014129585086304236,0.017403,0.011915,14.163521679143303,1.2421138812835648,0.04691104803608951,-0.04127361339552704,-0.06435202235936766,40.33077913818899,test,1,0.01851558823532215,1
2024-03-06,-0.00701,-0.010804,0.014877,-0.029975,-0.023906,-0.013257,-0.0039724500000000015,0.015448024832033095,0.019498,0.013593,14.27615679303514,1.3730712249004455,0.04812702840909256,-0.06961098649349651,-0.095574593755485715,32.51863786231935,test,1,0.018906562894931485,1
2024-03-07,-0.033373,-0.00701,-0.010804,0.014877,-0.029975,-0.009696399999999999,-0.004269450000000002,0.01542291436971481,0.017168,0.013709,14.132109479076668,1.1985434633257763,0.04558339938072353,-0.07706525233044037,-0.10658561854836202,30.290301108500827,test,1,0.01892814360945098,1
2024-03-08,-0.012172,-0.033373,-0.00701,-0.010804,0.014877,-0.012689,-0.004786400000000001,0.015754989426280876,0.012477,0.013322,14.753438312034394,2.072906334231177,0.039303300726262334,-0.07275377541505446,-0.10666134300770669,30.274936381745164,test,1,0.02032944811105309,1
2024-03-11,-8.6e-5,-0.012172,-0.033373,-0.00701,-0.010804,-0.007168799999999999,-0.004078800000000002,0.017734638393394,0.018277,0.014091,14.350854144923977,1.344724046314559,0.0376615723581932,-0.053286491167587435,-0.09165757399484387,37.08462016171906,test,1,0.022799356854964134,1
2024-03-12,0.016797,-8.6e-5,-0.012172,-0.033373,-0.00701,-0.0085332,-0.0040224000000000015,0.01700610355267909,0.018515,0.014048,14.390330742448189,1.3626749401158764,0.03957123333458164,-0.06261694866415124,-0.1042209502042839,34.08293148925581,test,1,0.020639653335267044,1
2024-03-13,-0.013832,0.016797,-8.6e-5,-0.012172,-0.033373,0.004118000000000002,-0.002961050000000002,0.020290304741427616,0.018906,0.015754,14.22533083520723,1.1252229089282775,0.037772281085967654,-0.0316310959775431,-0.07745235382597826,44.40790146660606,test,1,0.017176148147940506,1
2024-03-14,0.029883,-0.013832,0.016797,-8.6e-5,-0.012172,0.004098000000000003,-0.003374650000000002,0.018522711745314183,0.018928,0.015891,14.342193979584533,1.235938637611925,0.036512713065420414,-0.04018475834308444,-0.08877316049799155,41.45083774823272,test,1,0.01594703583742132,1
2024-03-15,-0.012272,0.029883,-0.013832,0.016797,-8.6e-5,0.001666000000000002,-0.004569000000000002,0.017610116803511933,0.020329,0.015598,14.042324963441539,0.9055053863119967,0.04161626542190154,-0.04749277225302806,-0.09993219218867777,38.71427516286591,test,1,0.01416238509926912,1
2024-03-18,-0.012246,-0.012272,0.029883,-0.013832,0.016797,0.0038510000000000024,-0.0031652500000000023,0.020328074792430952,0.022799,0.01718,14.303684355318476,1.1474537726284606,0.04720319820918485,-0.017796528555820035,-0.07498098283464194,47.12063667523771,test,0,0.009094541313337357,0
2024-03-19,0.027722,-0.012246,-0.012272,0.029883,-0.013832,0.007388600000000002,-0.003071850000000002,0.020300652638934213,0.02064,0.017215,14.111885983484735,0.9362255653637158,0.04712293143745175,-0.010764871482486837,-0.07141160718280914,48.214942074894445,test,0,0.009995659943195347,0
2024-03-20,0.003856,0.027722,-0.012246,-0.012272,0.029883,-0.00056519999999999715,-0.0040552500000000016,0.017207051682377197,0.017176,0.017003,14.276787469936314,1.082661452920396,0.04349506591914097,-0.016325102653335533,-0.08059491888877801,45.60030266966638,test,0,0.008022050654290337,0
2024-03-21,-0.009886,0.003856,0.027722,-0.012246,-0.012272,0.0017110000000000029,-0.0037583000000000017,0.016548161067690338,0.015947,0.017003,13.175530614863272,0.36636756546177496,0.0398891018291268,-0.013264729632598615,-0.08141411985805114,45.3639736478069,test,0,0.007814885814904783,0
2024-03-22,-8.91e-4,-0.009886,0.003856,0.027722,-0.012246,0.006395200000000002,-0.002819900000000002,0.01670446307760627,0.014163,0.017296,13.53350965042446,0.5260147783155041,0.03556618791912493,8.164685205307443e-4,-0.07114657157510307,48.93608063232848,test,0,0.007779843333898183,0
2024-03-25,0.011175,-8.91e-4,-0.009886,0.003856,0.027722,0.0032668000000000024,-0.002154800000000002,0.01636710333056321,0.009095,0.017613,14.181491664928583,0.9859236980029193,0.02859094503497963,0.01532923495464833,-0.05992902552946888,52.583538495121765,test,0,0.003993851812473768,0
2024-03-26,0.01208,0.011175,-8.91e-4,-0.009886,0.003856,0.0012588000000000024,-0.002812350000000002,0.015626082718398177,0.009996,0.0175,14.023109921942497,0.8340972492655767,0.025330849037859822,0.012167172202702803,-0.06574259879460431,50.56759475819386,test,0,0.0034922480295649103,0
2024-03-27,-0.006184,0.01208,0.011175,-8.91e-4,-0.009886,0.0032382000000000027,-0.001616500000000002,0.01279608480269562,0.008022,0.016785,14.145270316225911,0.9518443295496634,0.02344116031667949,0.014008507166387352,-0.06573227273196636,50.57121956432068,test,0,0.010530625988040786,0
2024-03-28,1.1e-5,-0.006184,0.01208,0.011175,-8.91e-4,0.0036306000000000025,-6.420000000000185e-5,0.011882450783496737,0.007815,0.015404,14.16244077591171,0.9719426995988477,0.02683458462686149,0.015278062683811156,-0.06473064465609046,50.94696639758356,test,1,0.013391022335878616,0
2024-03-29,0.001071,1.1e-5,-0.006184,0.01208,0.011175,-1.1239999999999713e-4,-0.001185050000000002,0.011305203327082033,0.00778,0.015071,13.983756854736994,0.8317664855386633,0.02909405940916137,0.008954323707800027,-0.07178334543777354,48.17027138748399,test,1,0.012956311234298133,0
2024-04-01,-0.00754,0.001071,1.1e-5,-0.006184,0.01208,-0.0025473999999999974,-6.496000000000018e-4,0.00729656266181397,0.003994,0.014901,13.702292586528264,0.6318692632748971,0.027371822112511247,0.009635735174823523,-0.07186939595975594,48.13579984026373,test,1,0.013571149796535295,0
2024-04-02,-9.5e-5,-0.00754,0.001071,1.1e-5,-0.006184,-0.0013633999999999973,-3.1230000000000184e-4,0.007192788735176982,0.003492,0.014825,14.43166653693327,1.290472836178029,0.03421618153001559,0.009792638056343561,-0.07211722146306543,48.02919812550783,test,1,0.01314887532452871,0
2024-04-03,-2.64e-4,-9.5e-5,-0.00754,0.001071,1.1e-5,0.0027492000000000024,0.002385049999999998,0.008829164576686869,0.010531,0.013325,14.632824797315777,1.541526123183759,0.037436345346758534,0.028190382012629245,-0.053024331645595835,56.09614200862349,test,1,0.0166118126735164,1
2024-04-04,0.020574,-2.64e-4,-9.5e-5,-0.00754,0.001071,0.0068918000000000035,0.004082849999999997,0.010478317515496252,0.013391,0.013535,14.362280764994921,1.162078992346141,0.03916182654456344,0.046373148170033573,-0.032396300515958876,62.81228464918096,test,1,0.012451933195291405,0
2024-04-05,0.021784,0.020574,-2.64e-4,-9.5e-5,-0.00754,0.007224600000000003,0.0037933499999999983,0.010791698326337086,0.012956,0.013689,14.969644273191319,2.089760098090935,0.037184914835638794,0.03638104933103792,-0.0380825190085603,60.083778652929716,test,1,0.012345224623310828,0
2024-04-08,-0.005876,0.021784,0.020574,-2.64e-4,-9.5e-5,0.006483400000000003,0.002763449999999998,0.010564070175205515,0.013571,0.013432,14.25486423988613,1.0278131468733054,0.04233194766874754,0.029673653061141447,-0.04173794518237539,58.32962095444345,test,1,0.012607986683051343,0
2024-04-09,-0.003801,-0.005876,0.021784,0.020574,-2.64e-4,0.008937600000000002,0.004055399999999998,0.010570563828649612,0.013149,0.012987,14.839362661834228,1.7844717005846764,0.036662100632826586,0.03791194561704492,-0.03023126938288001,62.082366860571184,test,0,0.00975521072043039,0
2024-04-10,0.012007,-0.003801,-0.005876,0.021784,0.020574,6.364000000000027e-4,0.001514649999999998,0.013159472404148867,0.016612,0.012634,14.651780981914017,1.4422243516348032,0.041258460237109204,0.014722611794459217,-0.050532308528983494,53.01156983252875,test,0,0.008297677373819737,0
2024-04-11,-0.020932,0.012007,-0.003801,-0.005876,0.021784,-0.0027085999999999976,0.002381199999999998,0.013198904324896735,0.012452,0.012227,14.149522627998662,0.8809486990384952,0.03803958368402126,0.01751740243524913,-0.045727247381482594,54.69871719334128,test,0,0.007875624533965545,0
2024-04-12,0.005059,-0.020932,0.012007,-0.003801,-0.005876,-0.0016039999999999974,0.0029758499999999978,0.012806000035139778,0.012345,0.011758,14.239682922427022,0.9558140395171951,0.03841427699236337,0.01424493291986817,-0.046064565427653914,54.55064030680765,test,0,0.010168567588406934,0
2024-04-15,-3.53e-4,0.005059,-0.020932,0.012007,-0.003801,-0.0023247999999999975,0.0012194999999999981,0.013193056709665293,0.012608,0.010414,13.559772789694998,0.49757821429344823,0.03522153563239892,0.0055636796500480035,-0.05313103429285404,51.410769394558045,test,0,0.0094334728599811,0
2024-04-16,-0.007405,-3.53e-4,0.005059,-0.020932,0.012007,-0.006187199999999998,6.614499999999981e-4,0.01351594602106876,0.009755,0.010563,13.694260017455564,0.5777275104693756,0.036841253036417686,-0.0023820565983661,-0.06004605423936493,48.470640499613346,test,0,0.007684165127064879,0
2024-04-17,-0.007305,-0.007405,-3.53e-4,0.005059,-0.020932,3.8440000000000246e-4,0.001752049999999998,0.012379974153625866,0.008298,0.010543,13.557265597502182,0.5174955033547672,0.034172458118614094,0.007817782501092108,-0.04883539223548938,53.14860869028893,test,0,0.009893728326571335,0
2024-04-18,0.011926,-0.007305,-0.007405,-3.53e-4,0.005059,-8.075999999999975e-4,0.0017515499999999982,0.0098733024470595,0.007876,0.010543,13.508024338215158,0.4892219610123046,0.031812330653210444,0.005220344561673862,-0.04969245543443468,52.75430873430113,test,0,0.011569675198552466,0
2024-04-19,-9.01e-4,0.011926,-0.007305,-0.007405,-3.53e-4,0.001957600000000003,0.0018664499999999982,0.010826561153016225,0.010169,0.010663,13.982276755037939,0.7750727246927811,0.033443844894811045,0.0169219874626505,-0.036888137763443685,57.79227286239555,test,1,0.01306599739782616,0
2024-04-22,0.013473,-9.01e-4,0.011926,-0.007305,-0.007405,0.0026868000000000026,0.0010744999999999984,0.010824854579469724,0.009434,0.01045,13.766352876268549,0.6347508718956101,0.032855901787950156,0.012061061745934243,-0.040509143728465924,55.97449613320189,test,1,0.013844109064869433,0
2024-04-23,-0.003759,0.013473,-9.01e-4,0.011926,-0.007305,0.004683800000000003,0.0015176999999999983,0.010068039211617457,0.007684,0.010313,13.82860149649669,0.6804537114750324,0.03160293723854983,0.013287238954052594,-0.0379379541316297,57.008548233084845,test,1,0.01430045243340224,1
2024-04-24,0.00268,-0.003759,0.013473,-9.01e-4,0.011926,0.006196800000000003,0.0024916999999999986,0.009137281533488077,0.009894,0.011057,13.954569644698614,0.77811059187057,0.027939347874618964,0.03051179678571958,-0.019185824381210637,63.70423619789183,test,0,0.00957931423432805,0
2024-04-25,0.019491,0.00268,-0.003759,0.013473,-9.01e-4,0.004755200000000003,0.0020326999999999984,0.009780327440553535,0.01157,0.011306,13.351162903494696,0.43722072873321255,0.029272772256759987,0.020139712385727426,-0.027140334633269814,59.47287991647952,test,1,0.012353338220902073,0
2024-04-26,-0.008109,0.019491,0.00268,-0.003759,0.013473,-9.059999999999973e-4,0.0016680499999999984,0.011140420556593804,0.013066,0.011741,14.137201951284428,0.9530576649842286,0.028046642828670067,0.003419988291931908,-0.04156928615928979,52.642375559780255,test,1,0.012835255879802318,0
2024-04-29,-0.014833,-0.008109,0.019491,0.00268,-0.003759,0.0019744000000000025,0.002204949999999998,0.011174712764889207,0.013844,0.0119,13.728236601049007,0.6326387896535703,0.02659615028335091,0.011952098112386622,-0.031370578293927864,56.44970103672824,test,1,0.012196232258365696,0
2024-04-30,0.010643,-0.014833,-0.008109,0.019491,0.00268,1.8560000000000261e-4,0.0019049499999999984,0.011079419570135933,0.0143,0.01204,13.948610357465883,0.8084067897553856,0.025380694719463942,0.0037940651775170142,-0.037438861104131416,53.684150946942296,test,1,0.012327863411800116,0
2024-05-01,-0.006264,0.010643,-0.014833,-0.008109,0.019491,-0.003777199999999998,8.600999999999984e-4,0.01057932037094591,0.009579,0.011213,14.501316860086765,1.4189808337684178,0.02394586810161991,0.002672382286599495,-0.03774864298326841,53.53994847272869,test,1,0.015783937933861753,1
2024-05-02,-3.23e-4,-0.006264,0.010643,-0.014833,-0.008109,-0.006346799999999998,-0.0012769500000000017,0.012710386861845622,0.012353,0.011088,15.033678236666363,2.2816454080629853,0.0339222550660194,-0.017034651826110858,-0.05791544331507903,45.05522885889814,test,1,0.02055876585546905,1
2024-05-03,-0.020957,-3.23e-4,-0.006264,0.010643,-0.014833,-0.0015929999999999983,-5.363500000000017e-4,0.012215819654584514,0.012835,0.011258,14.664764931701813,1.6233734648875893,0.03856027026488396,-0.00765923621811837,-0.04949626024431475,48.7096048528439,test,1,0.01983199943777732,1
2024-05-06,0.008936,-0.020957,-3.23e-4,-0.006264,0.010643,-0.007133599999999999,-0.0011993000000000017,0.013203614439488403,0.012196,0.011836,13.815228518194797,0.7077390261985091,0.044094292681115026,-0.023366122747028317,-0.06571162060669056,42.80461936137137,test,1,0.01971100295012915,1
2024-05-07,-0.01706,0.008936,-0.020957,-3.23e-4,-0.006264,-0.006518599999999998,-0.001959100000000002,0.013073647661103105,0.012328,0.011424,14.360420456711026,1.268372316587592,0.04291994527019097,-0.024521088958506798,-0.06869241068816334,41.80142566741258,test,1,0.019111972470155978,1
2024-05-08,-0.003189,-0.01706,0.008936,-0.020957,-3.23e-4,-0.0033951999999999975,-1.478000000000017e-4,0.012310558438457074,0.015784,0.011126,14.741155799661138,1.841474448707941,0.0507625970058016,-0.009399254384596767,-0.054449328289625454,48.064862701479726,test,1,0.012872411401909124,0
2024-05-09,0.015294,-0.003189,-0.01706,0.008936,-0.020957,-0.006351999999999998,-0.002187800000000002,0.015989827816458812,0.020558,0.013589,14.432413640323075,1.3301625949676503,0.052173468398930146,-0.042671052210730975,-0.08824308928257951,37.69821421761101,test,0,0.010097099301284503,0
2024-05-10,-0.035741,0.015294,-0.003189,-0.01706,0.008936,-0.0131298,-0.003417800000000002,0.016881786261464686,0.019832,0.014497,14.727851901260106,1.7277213250373806,0.05540294179465601,-0.06336722528705407,-0.11099484729474363,32.60027102013555,test,0,0.005935882327000763,0
2024-05-13,-0.024953,-0.035741,0.015294,-0.003189,-0.01706,-0.0122394,-0.003677950000000002,0.015685307557286424,0.019711,0.014618,14.600724482253726,1.450107944256894,0.0568204610975348,-0.0717975296851252,-0.12220206727774019,30.41816969671507,test,0,0.004582006143601294,0
2024-05-14,-0.012608,-0.024953,-0.035741,0.015294,-0.003189,-0.0138178,-0.003866750000000002,0.015642430308476864,0.019112,0.014692,13.479821014958484,0.47540102536641493,0.06016783045842343,-0.07858134013770968,-0.13192921828263804,28.627134869639477,test,0,0.0019118218274724243,0
2024-05-15,-0.011081,-0.012608,-0.024953,-0.035741,0.015294,-0.017482599999999997,-0.004614550000000002,0.01547565753368819,0.012872,0.014219,13.983381539645428,0.7760101496782299,0.05041815449491157,-0.07717417853824549,-0.12860519439111118,28.144662024938526,test,0,0.0024536512180829612,0
2024-05-16,-0.00303,-0.011081,-0.012608,-0.024953,-0.035741,-0.010074399999999997,-0.0045045000000000016,0.015395156978738476,0.010097,0.014257,13.674578130839029,0.5673636001983213,0.03805544596526857,-0.0718300278899664,-0.1258116488537956,28.698563279804034,test,0,0.004109303018761211,0
2024-05-17,0.0013,-0.00303,-0.011081,-0.012608,-0.024953,-0.005652999999999998,-0.005320450000000002,0.014352421198761785,0.005936,0.013627,13.713915167540435,0.5955358232041198,0.033417478413875906,-0.06953954356867997,-0.1283012840545289,28.18551832084141,test,0,0.006651626244761502,0
2024-05-20,-0.002846,0.0013,-0.00303,-0.011081,-0.012608,-0.003495599999999998,-0.005223550000000002,0.014256416748257608,0.004582,0.013646,13.69986511103636,0.5884147508507676,0.027083999901378088,-0.06635918757112813,-0.12988812266922234,27.843848780425844,test,0,0.006917703470083117,0
2024-05-21,-0.001821,-0.002846,0.0013,-0.00303,-0.011081,-0.001241199999999998,-0.005348000000000002,0.014418804799057838,0.001912,0.013581,14.124379593195211,0.8893540219139301,0.02299447215897984,-0.06113090955881384,-0.1204338961162017,27.942651349352587,test,0,0.006899863788510611,0
2024-05-22,1.91e-4,-0.001821,-0.002846,0.0013,-0.00303,-0.001614399999999998,-0.006567350000000002,0.01209396978525524,0.002454,0.012265,13.805281418247526,0.6497673958327692,0.025826208399963115,-0.05946558693460846,-0.12473986938196835,26.927616847714916,test,0,0.006092490566262701,0
2024-05-23,-0.004896,1.91e-4,-0.001821,-0.002846,0.0013,-6.985999999999981e-4,-0.005867950000000002,0.008788345859400644,0.004109,0.012567,13.835284753483725,0.6610649326483685,0.024811635270249596,-0.04823617115314216,-0.11959516130730341,30.19050207741546,test,0,0.005937270189236801,0
2024-05-24,0.005879,-0.004896,1.91e-4,-0.001821,-0.002846,0.002238200000000002,-0.004534400000000002,0.007254063354807122,0.006651,0.012974,13.70535076640566,0.5897621283113917,0.020144722881337833,-0.032456205381841574,-0.10917589918337423,36.3858170461717,test,0,0.006333610542178924,0
2024-05-27,0.011838,0.005879,-0.004896,1.91e-4,-0.001821,0.0019294000000000017,-0.005234800000000002,0.006226950108645127,0.006918,0.012481,13.93122656990942,0.7342340174116501,0.021547351597424602,-0.030459273782421303,-0.11217288465115316,35.41231787383785,test,0,0.005206716210818485,0
2024-05-28,-0.003365,0.011838,0.005879,-0.004896,1.91e-4,0.0027376000000000015,-0.0047100000000000015,0.005213549181379866,0.0069,0.012654,14.152839570305469,0.9086976738454994,0.02464432711225492,-0.02155705526646734,-0.10841437008910249,37.66475866580522,test,0,0.009805873571487652,0
2024-05-29,0.004232,-0.003365,0.011838,0.005879,-0.004896,0.0034034000000000017,-0.0047722000000000025,0.005115349173484315,0.006092,0.012635,13.977475484030483,0.7830913607031484,0.022450914363082403,-0.01819361977964673,-0.10981109165371139,37.14631955183366,test,0,0.009751909387396911,0
2024-05-30,-0.001567,0.004232,-0.003365,0.011838,0.005879,0.0028824000000000015,-0.003560650000000002,0.005170526481897177,0.005937,0.012154,13.98722691118939,0.853080847940123,0.022422896230667153,-0.011305657568450145,-0.1068983306018888,39.031057338770296,test,0,0.010423741137422782,0
2024-05-31,0.003274,-0.001567,0.004232,-0.003365,0.011838,0.0030900000000000016,-0.003363650000000002,0.006139570423807262,0.006334,0.012397,13.967067877938932,0.8728772401073082,0.023932983147808708,0.005013193846614694,-0.09539818847318682,45.925452202882916,test,0,0.009095698005101092,0
2024-06-03,0.012876,0.003274,-0.001567,0.004232,-0.003365,0.004646800000000001,-0.002289700000000002,0.005947162880081747,0.005207,0.012074,13.470449341431063,0.5370929646196531,0.02324498211417755,0.011925420782249896,-0.0914010380659267,48.12133059179007,test,0,0.009647226492624707,0
2024-06-04,0.004419,0.012876,0.003274,-0.001567,0.004232,0.0010330000000000016,-0.002822100000000002,0.008043750231632561,0.009806,0.012347,13.596479787560133,0.6312849254207907,0.0220424708263668,9.071144587147195e-4,-0.10397153214740673,42.30329793012462,test,0,0.006469182266716559,0
2024-06-05,-0.013837,0.004419,0.012876,0.003274,-0.001567,0.0021428000000000016,-0.0033877000000000017,0.007694482098664384,0.009752,0.011717,13.764263578293654,0.7958105780441674,0.020874545249459385,0.00852046394569439,-0.10040603187192276,44.358206290921935,test,0,0.0091543694485202,0
2024-06-06,0.003982,-0.013837,0.004419,0.012876,0.003274,0.003530600000000002,-0.001090000000000002,0.008004669710029682,0.010424,0.009293,13.634043835695154,0.7297948112175701,0.02588055766326446,0.020010256822323047,-0.09121855183135474,49.36283088098659,test,0,0.007403257404683427,0
2024-06-07,0.010213,0.003982,-0.013837,0.004419,0.012876,6.708000000000013e-4,8.649999999999789e-5,0.007498271655669873,0.009096,0.007413,13.549375994844969,0.7252440355668027,0.02555446700822388,0.018498168930985104,-0.09250999287601824,48.69975983678426,test,0,0.00913598261272426,0
2024-06-10,-0.001423,0.010213,0.003982,-0.013837,0.004419,0.0014500000000000012,0.0011326499999999976,0.0075001060466576815,0.009647,0.006991,13.34746660729356,0.6400988626502182,0.02655332670011758,0.025811104121349793,-0.08496488894659826,52.69754125803895,test,0,0.006445193224411508,0
2024-06-11,0.008315,-0.001423,0.010213,0.003982,-0.013837,0.0031832000000000015,0.0014281499999999978,0.007913282103877983,0.006469,0.006559,13.4788777084455,0.7300172657831756,0.027171398853934138,0.01906529043836147,-0.08969549364281126,50.06330179391933,test,0,0.009945345268013574,0
2024-06-12,-0.005171,0.008315,-0.001423,0.010213,0.003982,8.000000000000085e-5,0.0010029499999999977,0.008982988406488741,0.009154,0.007116,13.75137835426859,0.9708429129541835,0.03262785572683819,0.006328753735927339,-0.10019547083203206,44.719853055682826,test,0,0.010761252050760636,0
2024-06-13,-0.011534,-0.005171,0.008315,-0.001423,0.010213,-0.001666799999999999,0.0010118999999999977,0.008952856868061725,0.007403,0.007116,13.798153797096674,1.0113532101122868,0.02738772732909094,0.0068244063197806515,-0.09886542693005518,45.5131866975049,test,0,0.010615633386661391,0
2024-06-14,0.001479,-0.011534,-0.005171,0.008315,-0.001423,-0.004122599999999999,4.6909999999999763e-4,0.008958132933572461,0.009136,0.007806,13.617246187201404,0.847617239509412,0.02919836825664842,-0.007401290488453061,-0.11121132256898514,39.8030748601841,test,0,0.009836912310272975,0
2024-06-17,-0.013702,0.001479,-0.011534,-0.005171,0.008315,-0.006099199999999999,4.8174999999999764e-4,0.008698109822765455,0.006445,0.007803,13.835241614071846,1.0470937424381845,0.02712322263769918,-0.009399628778518188,-0.1126045347829292,39.2053083247176,test,0,0.009969595342841153,0
2024-06-18,-0.001568,-0.013702,0.001479,-0.011534,-0.005171,-0.002935999999999999,0.0010044499999999977,0.008541743046162573,0.009945,0.008126,13.707051914728208,0.9436217116205909,0.0289055881398446,1.7807417670057113e-4,-0.10316087214382719,45.211662926591636,test,0,0.005881334865487597,0
2024-06-19,0.010645,-0.001568,-0.013702,0.001479,-0.011534,-0.003614799999999999,5.028499999999976e-4,0.009618021108546418,0.010761,0.008791,14.088153355323264,1.358250411245229,0.02753177053113221,-0.015202548075681777,-0.11654904493021656,39.28586122618377,test,0,0.008426206756304998,0
2024-06-20,-0.014928,0.010645,-0.001568,-0.013702,0.001479,-0.0058877999999999995,-2.854000000000024e-4,0.00891030409819004,0.010615,0.008989,13.775104102095874,0.9962402368821922,0.02973806493022938,-0.024626370392631936,-0.12528030938435464,35.97432294852402,test,0,0.007911439041034191,0
2024-06-21,-0.009886,-0.014928,0.010645,-0.001568,-0.013702,-0.004728599999999999,-0.0012726000000000022,0.008955706922900554,0.009837,0.008665,13.989593268479437,1.2159980317684866,0.02517991157504191,-0.031095622899844577,-0.13219723954476714,33.560824341544716,test,0,0.005769613357929628,0
2024-06-24,-0.007906,-0.009886,-0.014928,0.010645,-0.001568,-0.004446399999999999,-0.0011122000000000022,0.00796215184203087,0.00997,0.008654,13.866313932360622,1.0788514493058274,0.025945098866742365,-0.030156871274863772,-0.13233410422069614,33.51291399838081,test,0,0.005494289098691476,0
2024-06-25,-1.57e-4,-0.007906,-0.009886,-0.014928,0.010645,-0.007090599999999998,-0.0014526000000000022,0.008007994076060636,0.005882,0.008567,13.464992336738696,0.7489811907433712,0.02319048384170168,-0.031239479366889977,-0.13456956059420322,32.69200000112488,test,0,0.003988596833474148,0
2024-06-26,-0.002576,-1.57e-4,-0.007906,-0.009886,-0.014928,-0.0017963999999999988,-7.971000000000023e-4,0.00916205017328424,0.008426,0.009046,13.79284563821458,1.05064863923166,0.02078361226010675,-0.019244824726979415,-0.12457843925138534,39.79074302193986,test,0,0.005398073665670005,0
2024-06-27,0.011543,-0.002576,-1.57e-4,-0.007906,-0.009886,0.0017778000000000017,-5.615500000000022e-4,0.00970700616393472,0.007911,0.009217,13.506603487125993,0.8088146764841536,0.0209932175015033,-0.01082075842084429,-0.11758781272701113,44.223298183979146,test,0,0.00519557311564374,0
2024-06-28,0.007985,0.011543,-0.002576,-1.57e-4,-0.007906,0.004221400000000002,-9.897500000000023e-4,0.008947186885024563,0.005769,0.008747,13.788479488313207,1.0835339916931335,0.024307802085773593,-0.00553154128434219,-0.1137836766063175,46.53017434314615,test,0,0.006721344939816733,0
2024-07-01,0.004312,0.007985,0.011543,-0.002576,-1.57e-4,0.004555800000000001,-0.0011349500000000022,0.008949979441937903,0.005494,0.008676,13.629226761857295,0.9177916886267761,0.02798139893052387,-0.0028462171412528825,-0.11243959530168135,47.35859909092205,test,0,0.007551910288132401,0
2024-07-02,0.001515,0.004312,0.007985,0.011543,-0.002576,0.005770200000000001,-2.6830000000000224e-4,0.008269733702551196,0.003989,0.008192,13.911000721570543,1.1968676864827572,0.02642153029691836,9.408087168856216e-4,-0.10933732931395712,49.310684854459375,test,0,0.008630638406282585,0
2024-07-03,0.003496,0.001515,0.004312,0.007985,0.011543,0.0021524000000000014,-7.947000000000021e-4,0.00698842846743418,0.005398,0.008243,13.479921731021802,0.7878092475851256,0.02576332256467595,-0.004784522799949342,-0.11516636076826703,45.86884019333196,test,0,0.007308552366919184,0
2024-07-04,-0.006546,0.003496,0.001515,0.004312,0.007985,0.0019970000000000014,-9.449500000000022e-4,0.006311009008954995,0.005195,0.008057,13.81918579599557,1.0957746849454812,0.023489046334140274,0.003378930990312945,-0.10878987061024092,49.98174577041562,test,0,0.007198384075610303,0
2024-07-05,0.007208,-0.006546,0.003496,0.001515,0.004312,-5.745999999999986e-4,-0.001301100000000002,0.006423599755761735,0.006721,0.008235,13.958613868268571,1.233624801968755,0.023342585201358283,-0.003854882953947758,-0.11640516155295799,45.532257370914344,test,0,0.0042590527937559075,0
2024-07-08,-0.008546,0.007208,-0.006546,0.003496,0.001515,5.290000000000015e-4,-0.0013652000000000022,0.006577841949386676,0.007552,0.008161,14.042409449154736,1.2978486144462194,0.02023156978199304,0.004576504004193405,-0.11019361087617963,49.48262614111168,test,1,0.012343768699226343,0
2024-07-09,0.007033,-0.008546,0.007208,-0.006546,0.003496,0.0017976000000000016,-6.147000000000021e-4,0.006675337468789291,0.008631,0.008476,13.624467479022394,0.8495860579757945,0.020636529191001653,0.01513456337177188,-0.10143778096738765,54.49287843737705,test,0,0.01103643121665695,0
2024-07-10,0.009839,0.007033,-0.008546,0.007208,-0.006546,0.003514200000000001,6.3849999999998e-5,0.00609966115725565,0.007309,0.008091,13.81994769927669,1.0294833663043332,0.020812470154550514,0.01717022347852626,-0.09960589992033786,55.48756179173891,test,0,0.010795926972705957,0
2024-07-11,0.002037,0.009839,0.007033,-0.008546,0.007208,0.0018606000000000017,-6.3100000000002e-5,0.0059187964767622595,0.007199,0.008087,13.86154645643336,1.0696860117810196,0.01979374113174774,0.016189173635097198,-0.10056044330117608,54.815220576902966,test,0,0.010863434710072133,0
2024-07-12,-0.00106,0.002037,0.009839,0.007033,-0.008546,0.004280200000000001,7.995999999999981e-4,0.005889602340848942,0.004259,0.007451,14.202291533028285,1.4554948630037954,0.021028150777412873,0.019000277720442105,-0.09736693419616582,56.70532479138726,test,0,0.011300010783180697,0
2024-07-15,0.003552,-0.00106,0.002037,0.009839,0.007033,-0.0016347999999999983,-2.491000000000019e-4,0.0097142791515033855,0.012344,0.009096,13.445177044718399,0.6939532948520621,0.02317193737245577,-0.003682739866521012,-0.11771414935094571,44.05933054163063,test,0,0.003010868197048818,0
2024-07-16,-0.022542,0.003552,-0.00106,0.002037,0.009839,-0.0030489999999999988,-6.429500000000019e-4,0.009683243040887123,0.011037,0.008764,13.587733789858607,0.8043586167773654,0.023717338755732207,-2.40912015561201e-4,-0.11527164128821255,45.626907545269184,test,0,0.010044161114796994,0
2024-07-17,0.002768,-0.022542,0.003552,-0.00106,0.002037,-0.0035677999999999986,7.559999999999811e-5,0.009459003457024424,0.010796,0.008095,14.516625908173395,1.966613900087527,0.0215514786324563,-8.404779244179927e-4,-0.10853305595063722,45.35161310363286,test,0,0.009949956296386432,0
2024-07-18,-5.57e-4,0.002768,-0.022542,0.003552,-0.00106,-0.0033667999999999984,5.671499999999981e-4,0.00911432367759671,0.010864,0.007749,13.747235999857056,0.9122981463528986,0.021924490388613015,-0.001430168935113607,-0.10468954881259929,45.3221640237707,test,0,0.010086333268338896,0
2024-07-19,-5.5e-5,-5.57e-4,0.002768,-0.022542,0.003552,-0.0028767999999999984,0.0012625499999999981,0.0088905425412501,0.0113,0.007571,13.342760761450512,0.6261354799557306,0.01938739807673964,0.003333440212428096,-0.09931666269859607,49.16169759946954,test,0,0.009300367654023145,0
2024-07-22,0.006002,-5.5e-5,-5.57e-4,0.002768,-0.022542,0.0013724000000000017,0.001205599999999998,0.00861744962013446,0.003011,0.007586,14.200500812883053,1.4459965642822514,0.017236878275720346,8.678753659805416e-4,-0.09481137135705342,48.368221218338114,test,0,0.009811416956790695,0
2024-07-23,-0.001296,0.006002,-5.5e-5,-5.57e-4,0.002768,-0.0032759999999999985,3.106999999999983e-4,0.00994920861453591,0.010044,0.008983,13.653919433216647,0.8311354719490105,0.022909313234910078,-0.019885858303970272,-0.11305980827013873,37.945907810528055,test,1,0.015774924193161753,1
2024-07-24,-0.020474,-0.001296,0.006002,-5.5e-5,-5.57e-4,-0.003663599999999998,-3.912000000000016e-4,0.00978796098446113,0.00995,0.008599,14.406368612427917,1.6952699463716967,0.028619606588786244,-0.021922841783659774,-0.10433935548820006,36.92263640191214,test,1,0.026372523339642722,1
2024-07-25,-0.002495,-0.020474,-0.001296,0.006002,-5.5e-5,-0.003399399999999998,-7.271500000000017e-4,0.00988262216047273,0.010086,0.008383,14.548584932830142,1.838096793991549,0.03250449257461296,-0.019945157643084577,-0.10320227994510167,37.83837586003774,test,1,0.026396163171946034,1
2024-07-26,0.001266,-0.002495,-0.020474,-0.001296,0.006002,-0.004175999999999998,-8.368000000000016e-4,0.00978075281356195,0.0093,0.008328,14.118222858497608,1.1755321518823758,0.03707280435555546,-0.017023804808492082,-0.09659711402653004,39.41897355564878,test,1,0.02822125963170319,1
2024-07-29,0.002119,0.001266,-0.002495,-0.020474,-0.001296,-0.0033237999999999983,-7.643000000000017e-4,0.007275931831120404,0.009811,0.008356,14.228457606420195,1.2748169817517612,0.039399844208531945,-0.013326013126821468,-0.09391790555790147,41.66273293771564,test,1,0.03272292059398122,1
2024-07-30,0.002965,0.002119,0.001266,-0.002495,-0.020474,0.007956600000000003,8.572999999999986e-4,0.01380161777997219,0.015775,0.011703,14.921892583896744,2.3590158564113537,0.044975385984503465,0.021303512521861467,-0.061363338526726485,60.70642935442035,test,1,0.02595990827795815,1
2024-07-31,0.035928,0.002965,0.002119,0.001266,-0.002495,7.63400000000001e-4,-7.384500000000015e-4,0.01893568733282916,0.026373,0.014586,14.253424785701396,1.1708585975482633,0.052803424558603,-0.01716189854766259,-0.06401525161387756,43.6774674161315,test,1,0.02009971415717149,1
2024-08-01,-0.038461,0.035928,0.002965,0.002119,0.001266,0.0011528000000000011,-9.382000000000016e-4,0.018990560544357,0.026396,0.014499,14.015745704043107,0.9156281855101721,0.05302277343546914,-0.01298069473095631,-0.04606852750995227,45.01233343316652,test,1,0.019895914555506114,1
2024-08-02,0.003213,-0.038461,0.035928,0.002965,0.002119,0.005382800000000002,6.525499999999986e-4,0.02044008039340572,0.028221,0.015341,14.289109590992608,1.1834404433766195,0.056172545720354516,0.00943967566954429,-0.023870339262566098,53.610904601331,test,1,0.012748063703951278,0
2024-08-05,0.023269,0.003213,-0.038461,0.035928,0.002965,-0.001444799999999999,-0.0012577500000000013,0.022796296829139206,0.032723,0.016813,14.158055035443908,1.0322272993494126,0.06088765851827464,-0.020673820924585917,-0.054298885488337056,43.55638764262207,test,0,0.007392889861211244,0
2024-08-06,-0.031173,0.023269,0.003213,-0.038461,0.035928,-0.007973599999999999,-0.0015855000000000012,0.021922815270600828,0.02596,0.016648,14.272672079196711,1.126483538971316,0.04894018245541208,-0.015769223577489777,-0.051196201609253644,44.69535349923392,test,1,0.019533795412054463,1
2024-08-07,0.003284,-0.031173,0.023269,0.003213,-0.038461,-0.002378799999999998,-0.0022117000000000013,0.022167838410383833,0.0201,0.01674,14.03020088120749,0.876589868393201,0.03978002215682773,-0.023803461484243504,-0.0611447331078232,41.783892770796704,test,1,0.019445191595867602,1
2024-08-08,-0.010487,0.003284,-0.031173,0.023269,0.003213,-0.004345999999999998,-0.002489850000000001,0.022226139236893525,0.019896,0.016766,14.399716932379658,1.2358348965584196,0.03842700065935057,-0.027724162940504837,-0.06736160649224132,40.02911441682881,test,1,0.019661294916663043,1
2024-08-09,-0.006623,-0.010487,0.003284,-0.031173,0.023269,-0.012247199999999998,-0.003479300000000001,0.02263932847355092,0.012748,0.016973,14.308830243024596,1.1220688263884422,0.03544972977341509,-0.04006288591455032,-0.08250684584761958,36.056423160761135,test,1,0.018629318887173518,1
2024-08-12,-0.016237,-0.006623,-0.010487,0.003284,-0.031173,-0.006612999999999999,-0.0025023000000000016,0.022530357641043636,0.007393,0.01637,14.48343633614917,1.2808615597334108,0.02835641679557537,-0.04046071853505018,-0.08526052573041554,35.36910953728713,test,1,0.01944020437135371,1
2024-08-13,-0.003002,-0.016237,-0.006623,-0.010487,0.003284,-6.311999999999984e-4,-9.810500000000013e-4,0.022001820880200904,0.019533,0.018197,14.39623847956369,1.1369035298643595,0.03736028322150347,-0.007476709667765924,-0.05489717805340144,47.29845334288057,test,0,0.010305816357766132,0
2024-08-14,0.033193,-0.003002,-0.016237,-0.006623,-0.010487,-4.8679999999999833e-4,-0.0014414500000000012,0.018670848048346504,0.019445,0.018302,13.867182280738769,0.6909813880639746,0.039066040870466875,-0.01559621295339697,-0.06412852551564385,44.602948518427155,test,0,0.009763234238714136,0
2024-08-15,-0.009765,0.033193,-0.003002,-0.016237,-0.006623,-9.635999999999982e-4,-0.001889050000000001,0.01873279153902174,0.019661,0.018376,13.45393361885531,0.460671180921552,0.04106471237717631,-0.022462140336736103,-0.07255447914029967,42.23689889970201,test,0,0.008955057777591388,0
2024-08-16,-0.009007,-0.009765,0.033193,-0.003002,-0.016237,2.708000000000023e-4,-0.002692400000000001,0.01643170854577616,0.018629,0.018364,13.938657846919803,0.7356525919885256,0.03987014178979927,-0.0295445115565115,-0.08189321244755354,39.721866858273536,test,0,0.00824621257305437,0
2024-08-19,-0.010065,-0.009007,-0.009765,0.033193,-0.003002,0.003705000000000002,-0.001919150000000001,0.014893914775280988,0.01944,0.018747,13.732793945257512,0.6096645471508388,0.03993352745727345,-0.013723639010851385,-0.06888418436615507,44.66490247056537,test,0,0.0027323125370279293,0
2024-08-20,0.014169,-0.010065,-0.009007,-0.009765,0.033193,-0.0036033999999999975,-0.0010629000000000014,0.014806909003344802,0.010306,0.018239,13.773860095359087,0.6329501075323309,0.033601157250160614,-0.01582994708979646,-0.07200220908024035,43.73908989946509,test,0,0.01058932114443603,0
2024-08-21,-0.003349,0.014169,-0.010065,-0.009007,-0.009765,-0.0016213999999999979,-9.309000000000013e-4,0.014518046887695788,0.009763,0.018238,14.077576316344794,0.8721321229044,0.028619717702321957,-0.014615414214019129,-0.07186414156522547,43.794645904717044,test,0,0.011357085783773934,0
2024-08-22,1.45e-4,-0.003349,0.014169,-0.010065,-0.009007,-3.943999999999979e-4,-0.0011378000000000013,0.014406203455456264,0.008955,0.018235,13.635651566565697,0.5850667105741472,0.022730562358374853,-0.01617949868403601,-0.07453344685551244,42.91238241837059,test,1,0.011996538221503735,0
2024-08-23,-0.002872,1.45e-4,-0.003349,0.014169,-0.010065,1.7760000000000207e-4,-0.0016040000000000013,0.013581964722871773,0.008246,0.018267,14.153306204206826,0.9801342728034123,0.020571150631227875,-0.02154963714999225,-0.08119903966372899,40.70705929038854,test,0,0.010475011393788553,0
2024-08-26,-0.007205,-0.002872,1.45e-4,-0.003349,0.014169,-0.002962399999999998,-0.0018288000000000013,0.0135510715775543,0.002732,0.018235,14.17662871619038,1.0059464375460014,0.021305257051406342,-0.021108515226032187,-0.08260656127513011,40.23682501093096,test,0,0.011479559586499823,0
2024-08-27,-0.001531,-0.007205,-0.002872,1.45e-4,-0.003349,0.0017106000000000024,-0.0026244000000000016,0.010241369170618199,0.010589,0.016791,14.00370649342702,0.9037429559680338,0.023799107709759654,0.0013251632035544691,-0.06424358177815626,48.58195120837049,test,0,0.010219996316046302,0
2024-08-28,0.020016,-0.001531,-0.007205,-0.002872,1.45e-4,0.0039790000000000025,-1.2700000000000108e-4,0.010411680201688017,0.011357,0.014774,13.57035526605893,0.6032445720009736,0.0300850289673971,0.013061391701773895,-0.05349732685950104,52.740898178354506,test,0,0.009286377092278775,0
2024-08-29,0.011487,0.020016,-0.001531,-0.007205,-0.002872,0.0032586000000000026,-6.113500000000011e-4,0.010164212703292753,0.011996,0.014817,13.268936851146195,0.45759728032625335,0.03353579175667915,0.007236446451282186,-0.059622155233909346,50.24633969907249,test,0,0.010308803010049227,0
2024-08-30,-0.006474,0.011487,0.020016,-0.001531,-0.007205,0.0058058000000000025,-0.001498250000000001,0.0093695436275674,0.010475,0.013809,14.085218560289746,1.0473784507239496,0.036709817909940594,0.014466575130196668,-0.0544216121683504,52.30897424911718,test,0,0.0107703026094906,0
2024-09-02,0.005531,-0.006474,0.011487,0.020016,-0.001531,0.004851600000000003,-2.547000000000012e-4,0.008879625682801425,0.011479,0.011997,13.843356243172973,0.8350633080603531,0.03730407563154724,0.008401493598861887,-0.05549858516388195,49.762856069161245,test,0,0.010325767259627732,0
2024-09-03,-0.006302,0.005531,-0.006474,0.011487,0.020016,-0.0019237999999999968,-0.0011119500000000013,0.009996390161786738,0.01022,0.012339,13.629211099801095,0.695250514040601,0.03541615234641581,-0.004389755931218486,-0.06301701370171153,44.64829272868652,test,0,0.006180472659918495,0
2024-09-04,-0.013861,-0.006302,0.005531,-0.006474,0.011487,-0.002519999999999997,-1.6230000000000123e-4,0.010362717846523983,0.009286,0.01231,14.108900807729118,1.118473959143304,0.031003991058652515,0.004314947251794932,-0.0550472947554983,48.12291542861295,test,0,0.005899064391918434,0
2024-09-05,0.008506,-0.013861,-0.006302,0.005531,-0.006474,7.010000000000035e-4,6.503999999999988e-4,0.01063070338218502,0.010309,0.012398,13.60012061955343,0.7013367272185088,0.032872512345558914,0.013398684127324367,-0.04594513885926377,51.84116511472699,test,0,0.005023486936381939,0
2024-09-06,0.009631,0.008506,-0.013861,-0.006302,0.005531,0.0013384000000000033,0.0018981499999999988,0.010289127405502698,0.01077,0.011852,13.709470922868146,0.8083378998002858,0.028919413356312727,0.020360205257086372,-0.03762638112708516,55.01462644149794,test,0,0.004226510298106465,0
2024-09-09,0.008718,0.009631,0.008506,-0.013861,-0.006302,0.0019170000000000033,0.001877799999999999,0.01040905975100537,0.010326,0.011861,13.946732661231447,1.0634985650915216,0.025760300696843173,0.01504676731227872,-0.04090734571516108,53.51675426156973,test,0,0.0072708917403575745,0
2024-09-10,-0.003409,0.008718,0.009631,0.008506,-0.013861,0.004492400000000003,1.6894999999999893e-4,0.008650660373636224,0.006181,0.009297,13.537109285349091,0.7416960747307346,0.02508107925325666,0.013913979889078831,-0.04185362864600106,53.06797451920796,test,0,0.007364859380870757,0
2024-09-11,-9.84e-4,-0.003409,0.008718,0.009631,0.008506,0.004060800000000003,9.745999999999989e-4,0.008113160518564883,0.005899,0.009087,13.788139361168142,0.9570905235004824,0.02715211496760756,0.019389382365114782,-0.035768719144001815,55.643795389303165,test,0,0.008069980068129042,0
2024-09-12,0.006348,-9.84e-4,-0.003409,0.008718,0.009631,0.0028310000000000032,0.0015990499999999988,0.007727078016085166,0.005024,0.008789,14.087794688235958,1.25349195979271,0.02621188796806905,0.02133023091307451,-0.032414068589999845,57.04355213405597,test,0,0.008554726705161305,0
2024-09-13,0.003482,0.006348,-9.84e-4,-0.003409,0.008718,5.276000000000034e-4,0.001962349999999999,0.007725101380133036,0.004227,0.008424,13.868288000458966,1.010153228380515,0.025678719920371417,0.01651585457484228,-0.035121058285599194,55.52097510230964,test,0,0.00933551261045691,0
2024-09-16,-0.002799,0.003482,0.006348,-9.84e-4,-0.003409,-0.0013111999999999963,6.23749999999999e-4,0.008589415533731682,0.007271,0.008509,14.127366571934473,1.2815471057160637,0.028159619545738302,0.003117029163118623,-0.04727924266339878,49.17259856190746,test,0,0.00686203458895392,0
2024-09-17,-0.012603,-0.002799,0.003482,0.006348,-9.84e-4,-8.621999999999965e-4,8.542499999999989e-4,0.007003466894648995,0.007365,0.008458,14.098910475061695,1.2244312039066745,0.026477504990307606,0.003559003446395037,-0.04608087616491696,49.78209309987138,test,0,0.007117311128509137,0
2024-09-18,0.001261,-0.012603,-0.002799,0.003482,0.006348,-3.353999999999964e-4,0.001296099999999999,0.007055420233960397,0.00807,0.008648,13.81744468633154,0.9369105216208484,0.024633588580528047,0.011301908739190791,-0.03751003486509663,54.028119211586805,test,0,0.0067955343645661895,0
2024-09-19,0.008982,0.001261,-0.012603,-0.002799,0.003482,-0.002877999999999996,9.78149999999999e-4,0.007266030419393767,0.008555,0.008922,13.231323606313266,0.5282352358242587,0.02604317794092113,0.0010322249179623988,-0.04639501107228594,49.368097467876495,test,0,0.005064242766692766,0
2024-09-20,-0.009231,0.008982,0.001261,-0.012603,-0.002799,-0.0012261999999999963,0.001611399999999999,0.006894041518264562,0.009335,0.008758,13.539066435872629,0.7411741782185028,0.027290069095305586,0.004928715422422236,-0.04119045495266649,51.98082942897674,test,0,0.008489398671284086,0
2024-09-23,0.00546,-0.009231,0.008982,0.001261,-0.012603,0.0018948000000000033,0.001838049999999999,0.006875961602245576,0.006862,0.008731,14.006343291714154,1.1957761508136466,0.02975751432054537,0.006155461046893018,-0.0383089458640844,53.41415730879329,test,0,0.008395835503390951,0
2024-09-24,0.003002,0.00546,-0.009231,0.008982,0.001261,0.0029128000000000036,0.0011547999999999988,0.0071119277594443794,0.007117,0.007709,13.427946269862693,0.6885599851231404,0.0316539089359983,0.01140196669486837,-0.03220464531842049,56.38428094903698,test,0,0.008669589851890341,0
2024-09-25,0.006351,0.003002,0.00546,-0.009231,0.008982,0.0025816000000000033,9.46749999999999e-4,0.007199441991494125,0.006795,0.007467,13.733837271619603,0.9284047592615017,0.03200273332257233,0.017869485659587125,-0.025111401545854006,59.60698554502584,test,0,0.007175595153016925,0
2024-09-26,0.007326,0.006351,0.003002,0.00546,-0.009231,0.0033866000000000035,0.001010149999999999,0.0074044479732718015,0.005064,0.007406,13.900130160273205,1.068944364118594,0.030180169661356594,0.011571502280786072,-0.03018797677728613,56.395314130510016,test,0,0.0071753780527579174,0
2024-09-27,-0.005206,0.007326,0.006351,0.003002,0.00546,-2.225999999999965e-4,1.0429999999999888e-4,0.00842881812197495,0.008489,0.007915,14.18290266737621,1.4089802188003726,0.03453862050617777,-0.0012330880168398561,-0.04239269965988124,49.49125930562011,test,0,0.007702552090054308,0
2024-09-30,-0.012586,-0.005206,0.007326,0.006351,0.003002,-0.0016065999999999962,2.2349999999999893e-4,0.007460710383960319,0.008396,0.007831,13.671754499717384,0.8518540830595573,0.034196553978468235,-0.005340463387464411,-0.04614680571337715,47.562452415616725,test,0,0.011257350110039218,0
2024-10-01,-0.003918,-0.012586,-0.005206,0.007326,0.006351,-0.0013841999999999965,0.0012896999999999989,0.007813322995584742,0.008669,0.007242,13.654638506911558,0.8365184582827683,0.034609765477806406,8.326539283878276e-4,-0.03902641447968014,51.428966459805395,test,0,0.011171733003433262,0
2024-10-02,0.007463,-0.003918,-0.012586,-0.005206,0.007326,-0.0036465999999999964,6.650999999999989e-4,0.007360932915662857,0.007175,0.007124,13.802398975616775,0.98688374948111,0.03329580954958217,-0.0037902792858612866,-0.04285808470783525,49.32139865989578,test,0,0.011318354443115837,0
2024-10-03,-0.003986,0.007463,-0.003918,-0.012586,-0.005206,-0.0036457999999999964,-7.655000000000114e-5,0.006929542588720332,0.007175,0.006911,13.903238428211296,1.0762313138573982,0.03300598144792243,-0.008875536605432166,-0.04783770472094362,46.646044142796484,test,0,0.010848469859846594,0
2024-10-04,-0.005202,-0.003986,0.007463,-0.003918,-0.012586,-0.003972799999999996,-0.001223500000000001,0.007893434642508643,0.007703,0.007268,13.776948507844864,0.945620055669571,0.03014850981345859,-0.021759164199760317,-0.06137653140767352,40.252923601273324,test,0,0.0036390000412201153,0
2024-10-07,-0.014221,-0.005202,-0.003986,0.007463,-0.003918,-3.149999999999961e-4,-3.3450000000000114e-4,0.009387003530887207,0.011257,0.008034,14.077827128986758,1.2676266406004195,0.03043976928548465,-0.007340335373348661,-0.04788812143447185,47.9123654250541,test,0,0.0038499802207284132,0
2024-10-08,0.014371,-0.014221,-0.005202,-0.003986,0.007463,-4.16399999999996e-4,6.249999999999889e-5,0.009441158227557558,0.011172,0.008195,13.61572458213338,0.7961478741724191,0.028871786714203995,-4.649733550049495e-4,-0.04126414091859254,51.219627048901515,test,0,0.0044211555616150856,0
2024-10-09,0.006956,0.014371,-0.014221,-0.005202,-0.003986,0.0016826000000000041,7.054999999999887e-5,0.009365291619117427,0.011318,0.008201,13.845549827287295,0.9990643845100932,0.030233709316276374,0.006001562249833947,-0.035024103067275436,54.171658101639075,test,0,0.004796851727956577,0
2024-10-10,0.006509,0.006956,0.014371,-0.014221,-0.005202,0.004341400000000004,3.010499999999989e-4,0.009638982216903286,0.010848,0.008365,13.926813084855091,1.0939947364129954,0.03058606499880937,0.013865658647079782,-0.027217268887846147,57.62660576556401,test,0,0.010131224491639695,0
2024-10-11,0.008092,0.006509,0.006956,0.014371,-0.014221,0.008178400000000004,6.891999999999989e-4,0.008559696733984084,0.003639,0.008394,13.715451520161734,0.8920911926966334,0.02784640194455572,0.01822235821248208,-0.022388899015322816,59.65257751141947,test,0,0.01012814981623001,0
2024-10-14,0.004964,0.008092,0.006509,0.006956,0.014371,0.0049832000000000045,0.0012390999999999986,0.008408847357264715,0.00385,0.007818,14.02543755411743,1.2242717207005709,0.023048247727951686,0.015357199987331871,-0.02395569534343489,58.67225359606272,test,0,0.010402748708874976,0
2024-10-15,-0.001605,0.004964,0.008092,0.006509,0.006956,0.0034000000000000037,0.001128049999999999,0.008258525639200579,0.004421,0.007833,13.852749501015442,1.0451263481562088,0.022018087391987302,0.013264254217165705,-0.024894221856808785,58.05677637273125,test,0,0.010069163634582566,0
2024-10-16,-9.6e-4,-0.001605,0.004964,0.008092,0.006509,0.001484000000000004,5.253999999999987e-4,0.008195922699733082,0.004797,0.007659,14.012721548269704,1.213235230031153,0.02357260800543374,0.0096483732178545,-0.027888198998646585,56.03728088324566,test,0,0.011137496096520079,0
2024-10-17,-0.003071,-9.6e-4,-0.001605,0.004964,0.008092,0.004151200000000003,0.0020583499999999987,0.009896208432750618,0.010131,0.008612,13.864035925173324,1.020597911809238,0.02636284396451578,0.02918015627173176,-0.007058339893969867,65.12619234844337,test,0,0.007802681109721196,0
2024-10-18,0.021428,-0.003071,-9.6e-4,-0.001605,0.004964,0.004117800000000004,0.0020251999999999987,0.007487086222289683,0.010128,0.0086,13.90961091531937,1.0508098161152164,0.026363100991055894,0.03203612902708186,-0.002295899569906723,66.81543246682372,test,0,0.00814737698280864,0
2024-10-21,0.004797,0.021428,-0.003071,-9.6e-4,-0.001605,0.0037668000000000033,0.0017070999999999985,0.0074226169838466595,0.010403,0.008679,13.657412430540724,0.8307367721088239,0.025828078973436603,0.02683540897100789,-0.0056466719151759825,64.4499766387043,test,0,0.008062328342358677,0
2024-10-22,-0.00336,0.004797,0.021428,-0.003071,-9.6e-4,0.004773600000000004,0.0015932499999999987,0.0073670108034248035,0.010069,0.00863,13.657817611712604,0.8240413707143709,0.027634646217740654,0.029389743129394352,0,66.01560624517431,test,0,0.00868853683309221,0
2024-10-23,0.004074,-0.00336,0.004797,0.021428,-0.003071,0.0038404000000000034,8.400999999999987e-4,0.008179214683846149,0.011138,0.00876,14.121609003187626,1.2832768349196857,0.02783790544814112,0.020597696575467506,-0.007733870936415976,60.53982903653063,test,0,0.0065436216654082315,0
2024-10-24,-0.007737,0.004074,-0.00336,0.004797,0.021428,0.002032000000000004,0.0017196999999999987,0.008597943490548578,0.007803,0.009,13.974387764430919,1.1032275500350184,0.027670451496758935,0.03147816805852588,0,65.44505737161953,test,0,0.005441516746275803,0
2024-10-25,0.012386,-0.007737,0.004074,-0.00336,0.004797,8.480000000000396e-5,0.0021020499999999985,0.00892250216587253,0.008147,0.00851,13.559768915445392,0.7524953663988665,0.02808745245006076,0.024253653371968387,-0.004941766043338958,62.087792933752816,test,0,0.00364834441904818,0
2024-10-28,-0.004939,0.012386,-0.007737,0.004074,-0.00336,0.001628600000000004,0.002515899999999999,0.008846236011246063,0.008062,0.008402,13.860725768165224,1.0079120750603097,0.03195233621160102,0.02616592890576208,-6.032202682010324e-4,63.84153365228409,test,0,0.0041560410488829394,0
2024-10-29,0.004359,-0.004939,0.012386,-0.007737,0.004074,0.002589400000000004,0.0025866499999999985,0.008940803707969684,0.008688,0.008452,13.222065715725172,0.5399529729004054,0.03097645862717314,0.032620586949983155,0,67.18525353299835,test,0,0.004025611357297175,0
2024-10-30,0.008878,0.004359,-0.004939,0.012386,-0.007737,0.005532000000000004,0.0031347499999999986,0.008657719686948622,0.006543,0.008358,14.202653502349056,1.4061430964064066,0.03085740510907859,0.03658730367088947,0,69.58590686381343,test,0,0.002386051550155612,0
2024-10-31,0.006976,0.008878,0.004359,-0.004939,0.012386,0.0032760000000000037,0.003450149999999999,0.006375618383951299,0.005441,0.008143,14.055766847554994,1.2037157645184267,0.026896579922788266,0.03419154654835732,0,69.96318724829594,test,0,0.006565433283493178,0
2024-11-01,0.001106,0.006976,0.008878,0.004359,-0.004939,0.004351000000000004,0.004182999999999998,0.006361881542960909,0.003648,0.007056,13.784223172583356,0.9171695918729362,0.02697538880082869,0.030397459730844956,0,70.12146982426275,test,0,0.006599773844610132,0
2024-11-04,4.36e-4,0.001106,0.006976,0.008878,0.004359,0.003458800000000004,0.0034593499999999986,0.006123446216524373,0.004156,0.006689,13.844987803482102,0.9872424926186821,0.02416122355837904,0.02678245440164817,-1.0267135659280946e-4,70.02816531825272,test,0,0.009439405383815233,0
2024-11-05,-1.02e-4,4.36e-4,0.001106,0.006976,0.008878,8.304000000000039e-4,0.0028983499999999988,0.006450840418116077,0.004025,0.006849,13.061415203250482,0.4586033681274286,0.023650418725933105,0.019495748191048934,-0.0043654339766137085,66.09581585114184,test,0,0.009986443496060047,0
2024-11-06,-0.004264,-1.02e-4,4.36e-4,0.001106,0.006976,-0.0012139999999999961,0.002410599999999999,0.0058482684616901785,0.002386,0.006925,13.71744669023908,0.8891579470015999,0.019907840622099555,0.01378657601088018,-0.007597680387869565,63.19793680250578,test,1,0.014263184101034382,1
2024-11-07,-0.003246,-0.004264,-1.02e-4,4.36e-4,0.001106,0.0010022000000000039,0.0026153499999999985,0.005809814406100537,0.006565,0.007158,13.900077783781784,1.0688654387511087,0.021511986680149905,0.02349084626675979,0,68.72285950050562,test,1,0.01690402639314078,1
2024-11-08,0.012187,-0.003246,-0.004264,-1.02e-4,4.36e-4,8.11400000000004e-4,0.0023412499999999987,0.005362334147655396,0.0066,0.007169,13.931832971876325,1.091634447961568,0.02400124418154969,0.020602548288249478,-5.148453381891294e-4,68.2509494700588,test,1,0.017897703883459466,1
2024-11-11,-5.18e-4,0.012187,-0.003246,-0.004264,-1.02e-4,-0.0019869999999999966,0.0017167999999999986,0.007450891437345676,0.009439,0.008024,14.586727424146142,2.010594132408989,0.03214305983494316,0.004540129757136135,-0.014604950843627229,56.76293501040298,test,1,0.016552280135981264,1
2024-11-12,-0.014094,-5.18e-4,0.012187,-0.003246,-0.004264,-0.0029827999999999964,0.0013026499999999987,0.007454228014280815,0.009986,0.008375,14.293574118521972,1.4606710691365692,0.03247417448536853,-0.005984298827962364,-0.02371317057658906,50.8092850441272,test,1,0.013476535367074135,0
2024-11-13,-0.009243,-0.014094,-5.18e-4,0.012187,-0.003246,0.0016378000000000035,0.0024490499999999986,0.009757382156318592,0.014263,0.009267,14.304724727492557,1.4499330164467514,0.03501974189724773,0.011346083818824182,-0.004326972217279956,60.34335368855678,test,1,0.017152466446549313,1
2024-11-14,0.019857,-0.009243,-0.014094,-5.18e-4,0.012187,0.003839600000000004,0.002537449999999999,0.012181640041472248,0.016904,0.009464,14.357949377114737,1.4849424014077715,0.0390902502262981,0.032209191941469095,0,68.24093025763617,test,1,0.015502940866171166,1
2024-11-15,0.023196,0.019857,-0.009243,-0.014094,-5.18e-4,0.007775600000000003,0.003255699999999999,0.01323626953362112,0.017898,0.010163,14.63984870699152,1.87297650831803,0.04285060870888222,0.04856803093190054,0,73.11478104148982,test,1,0.01507324791476608,1
2024-11-18,0.019162,0.023196,0.019857,-0.009243,-0.014094,0.008701800000000004,0.002950549999999999,0.013896232584569259,0.016552,0.01046,14.375585097799808,1.3869244413050075,0.041350163320673546,0.035618197079885894,-0.00946505658616248,67.49919257036373,test,1,0.01435957268514631,1
2024-11-19,-0.009463,0.019162,0.023196,0.019857,-0.009243,0.014474000000000004,0.0037277499999999993,0.014480768481756147,0.013477,0.011105,14.229011293763731,1.1674091091065164,0.049108436387999894,0.05201253804680439,0,72.21733638826245,test,1,0.01597382575653059,1
2024-11-20,0.019618,-0.009463,0.019162,0.023196,0.019857,0.008195800000000003,0.0035378999999999988,0.015268342388382863,0.017152,0.011341,14.074843308957659,1.0030216058282537,0.04969434429691169,0.03626517482771563,-0.011534046193945158,66.0294407541397,test,1,0.016729880074286246,1
2024-11-21,-0.011534,0.019618,-0.009463,0.019162,0.023196,0.0026320000000000024,0.0026874499999999988,0.015304301790310098,0.015503,0.011281,14.72330973844892,1.826056757011698,0.046961528260664326,0.028761498286215437,-0.016104344310231555,63.70032698804467,test,1,0.016619503942657255,1
2024-11-22,-0.004623,-0.011534,0.019618,-0.009463,0.019162,0.002300800000000003,0.0038096999999999983,0.01586420154379735,0.015073,0.011594,14.278498383915995,1.136313873331085,0.04328931626006879,0.04283754276825613,0,68.2461256776875,test,1,0.02071886760177785,1
2024-11-25,0.017506,-0.004623,-0.011534,0.019618,-0.009463,0.007350800000000003,0.004381099999999999,0.014625944315572318,0.01436,0.0119,14.401107605180067,1.2509945876531094,0.040539687403827976,0.05469261158423122,0,71.74303251422079,test,1,0.024845199188173156,1
2024-11-26,0.015787,0.017506,-0.004623,-0.011534,0.019618,-9.759999999999683e-5,0.003055999999999999,0.01590928895540799,0.015974,0.012814,14.217764515843736,1.0083248330719048,0.03661676892009947,0.03301674261334986,-0.017621958579167374,63.239205026010005,test,1,0.02445520321526689,1
2024-11-27,-0.017624,0.015787,0.017506,-0.004623,-0.011534,-8.605999999999966e-4,0.0019397499999999988,0.016671432393302155,0.01673,0.013413,13.898500610255025,0.742401914269545,0.03664707946529935,0.01528089368505725,-0.032702151980517846,57.0114151483883,test,1,0.02601277965347033,1
2024-11-28,-0.015349,-0.017624,0.015787,0.017506,-0.004623,4.654000000000035e-4,0.001984799999999999,0.015194778840480407,0.01662,0.013411,14.580166908142592,1.4251694741194059,0.03372968390163557,0.01539536616083903,-0.03076032858349842,57.59057366745624,test,1,0.025903365472463226,1
2024-11-29,0.002007,-0.015349,-0.017624,0.015787,0.017506,0.003188200000000003,0.0035189999999999987,0.01708757120281028,0.020719,0.014897,13.80308872546548,0.6548169694230898,0.03622501368301449,0.0433964662702746,-5.963918294318304e-4,65.39067734380518,test,1,0.015474326860965552,1
2024-12-02,0.03112,0.002007,-0.015349,-0.017624,0.015787,-0.006855199999999996,0.0018025999999999984,0.020543858481037316,0.024845,0.017145,14.20744047728749,0.9667141280736792,0.04118466971769367,0.005816041262312277,-0.035006070416835344,53.338714141427324,test,0,0.010709467993322544,0
2024-12-03,-0.03443,0.03112,0.002007,-0.015349,-0.017624,-0.002318399999999996,0.0022687999999999988,0.019508431726933985,0.024455,0.017098,14.332484839929121,1.0539451909483994,0.038113412092139205,0.008779670804806683,-0.030124887289044167,54.61653158786456,test,0,0.007388063934482431,0
2024-12-04,0.00506,-0.03443,0.03112,0.002007,-0.015349,-0.004192399999999996,0.0011951499999999983,0.020693441254282588,0.026013,0.018107,14.403761004192095,1.1008724464647905,0.04345704425165836,-0.017148763150391266,-0.05409770886138854,47.706661649796835,test,0,0.004406657576894306,0
2024-12-05,-0.024719,0.00506,-0.03443,0.03112,0.002007,-0.006867399999999996,1.739999999999833e-5,0.020878468190937763,0.025904,0.01812,14.164521004540733,0.8579962842013436,0.043107397500216256,-0.028190574637207422,-0.06485051154799171,44.95908136274044,test,0,0.00401500427147967,0
2024-12-06,-0.011368,-0.024719,0.00506,-0.03443,0.03112,-0.014393399999999995,-2.8220000000000166e-4,0.019572335102837825,0.015474,0.018179,13.886648194464204,0.650817917587414,0.03659773161308819,-0.03410585009414013,-0.07093867814010946,43.433804198501264,test,0,0.009662806512602847,0
2024-12-09,-0.00651,-0.011368,-0.024719,0.00506,-0.03443,-0.009011199999999994,4.654999999999838e-5,0.018072469392851537,0.010709,0.017974,14.14586483224665,0.8635813533192492,0.03136925269136537,-0.04127076110757899,-0.07792498242774082,41.6860987293588,test,1,0.014815555750629133,1
2024-12-10,-0.007519,-0.00651,-0.011368,-0.024719,0.00506,-0.011934799999999995,3.079999999999833e-5,0.017769354657199383,0.007388,0.017983,14.158949187113274,0.8805060514426258,0.03223429176459085,-0.050324741244316074,-0.0867395116686902,39.525122878172134,test,1,0.01697755153725059,1
2024-12-11,-0.009558,-0.007519,-0.00651,-0.011368,-0.024719,-0.006954999999999994,-9.530500000000016e-4,0.017649089501538977,0.004407,0.017369,14.152865262239201,0.8814911462647945,0.02834170868418782,-0.04914964399512567,-0.0865726639545038,39.58896110081959,test,1,0.0186251168130565,1
2024-12-12,1.8e-4,-0.009558,-0.007519,-0.00651,-0.011368,-0.006598399999999995,-0.002592100000000002,0.017475695220314794,0.004015,0.016495,14.588653060459684,1.34407369413124,0.03048279310032766,-0.05577570412032884,-0.09533039397360255,37.3596796082215,test,1,0.022625444316079185,1
2024-12-13,-0.009585,1.8e-4,-0.009558,-0.007519,-0.00651,-0.010551199999999993,-0.004863900000000002,0.012329750552131126,0.009663,0.01647,14.042737759816067,0.8042126115126038,0.03948380072662187,-0.07610993303290958,-0.11909731836673842,32.0801700298389,test,1,0.01819745258271058,1
2024-12-16,-0.026274,-0.009585,1.8e-4,-0.009558,-0.007519,-0.006229799999999994,-0.0036863500000000023,0.012275151288952273,0.014815,0.016958,14.421383236011014,1.1713169535870265,0.0380192922968806,-0.05958977201106119,-0.1066902383437347,37.07898904265229,test,1,0.01735862078334566,1
2024-12-17,0.014088,-0.026274,-0.009585,1.8e-4,-0.009558,-0.001597799999999994,-0.003987150000000002,0.01349245427843117,0.016977,0.016572,14.385712966498254,1.1210828774759498,0.04143132968963652,-0.042873192884337774,-0.09453875481905893,41.611535650212076,test,1,0.01637963654358667,1
2024-12-18,0.013602,0.014088,-0.026274,-0.009585,1.8e-4,0.0014116000000000061,-0.002649100000000002,0.013500018181469238,0.018625,0.017006,14.586252375192595,1.33346281117599,0.04629633596887221,-0.02558091403413043,-0.08075074371481117,46.33534072611874,test,1,0.013485578211556225,0
2024-12-19,0.015227,0.013602,0.014088,-0.026274,-0.009585,-0.002207999999999994,-0.003802100000000002,0.015493055754828426,0.022625,0.017904,14.312855727316386,1.04129212298462,0.049389132550700134,-0.04883782692315686,-0.10619679510390712,39.916955443835846,test,0,0.005088071864665436,0
2024-12-20,-0.027683,0.015227,0.013602,0.014088,-0.026274,0.0035950000000000057,-0.004540350000000002,0.015628875970459297,0.018197,0.017273,14.013292813169112,0.7808966839490222,0.0427837451702477,-0.041733729819612986,-0.1037473286615973,40.767523543003705,test,0,0.008529227297944404,0
2024-12-23,0.002741,-0.027683,0.015227,0.013602,0.014088,0.0019290000000000058,-0.005041800000000002,0.015810350598403706,0.017359,0.01679,13.772454820496788,0.6306976556758661,0.039199842298146007,-0.031112187983817763,-0.0985892493272843,42.609969761356645,test,0,0.010425092071535868,0
2024-12-24,0.005758,0.002741,-0.027683,0.015227,0.013602,-0.0023713999999999944,-0.004555600000000002,0.015732539317534783,0.01638,0.016546,13.924108427731877,0.7432894167738516,0.03437495877125078,-0.03419056714376234,-0.10570690181544506,40.72738349949002,test,1,0.012056375230557484,0
2024-12-25,-0.0079,0.005758,0.002741,-0.027683,0.015227,-0.0053321999999999935,-0.0037670000000000017,0.015736441360033653,0.013486,0.016379,13.4397751112868,0.46413214963812327,0.025883557091529535,-0.02997992972999919,-0.10533060697068453,40.87610811162345,test,1,0.01390616524064057,0
2024-12-26,4.23e-4,-0.0079,0.005758,0.002741,-0.027683,8.840000000000565e-5,-0.003896350000000002,0.015507634161563422,0.005088,0.016342,13.1559393427492,0.36982461237284914,0.02057101076996589,-0.026579435994458778,-0.10584889987007184,40.72453695143323,test,1,0.01508089961839147,1
2024-12-27,-5.8e-4,4.23e-4,-0.0079,0.005758,0.002741,0.0025576000000000054,-0.004698000000000002,0.013409244290994014,0.008529,0.014859,13.909896674590062,0.7829061529055787,0.019495695200863975,-0.006933447680260607,-0.09235908468053988,46.30530345555145,test,1,0.014368181391533168,1
2024-12-30,0.015087,-5.8e-4,4.23e-4,-0.0079,0.005758,0.004555200000000006,-0.0021892000000000014,0.013569816820592842,0.010425,0.013771,13.923306106521649,0.8039565674919091,0.025565648513623685,0.011085606075943222,-0.07806698048236738,51.51379482882563,test,1,0.013287473849456864,0
2024-12-31,0.015746,0.015087,-5.8e-4,4.23e-4,-0.0079,0.0035422000000000058,-0.0030904500000000015,0.013912509839868737,0.012056,0.013861,13.9343854417819,0.8293980225530507,0.02402438494588062,0.0012655656766089596,-0.09001966673056572,47.37491313421334,test,0,0.011776503780834106,0
2025-01-01,-0.012965,0.015746,0.015087,-5.8e-4,4.23e-4,0.007517800000000005,-8.394500000000013e-4,0.014582239027895088,0.013906,0.01382,13.684277094505575,0.6686098758466281,0.030059679185529587,0.022574323234594074,-0.07154571982363844,53.58246550899022,test,0,0.007918680748710608,0
2025-01-02,0.020301,-0.012965,0.015746,0.015087,-5.8e-4,0.006239400000000005,-6.196500000000013e-4,0.01109491894166975,0.015081,0.013678,14.187940635410685,1.1049822906741542,0.03053632097733519,0.016183531783295235,-0.07801728116324802,51.29962373755876,test,0,0.006681487573886522,0
2025-01-03,-0.006972,0.020301,-0.012965,0.015746,0.015087,0.004861000000000006,1.1559999999999855e-4,0.01120532387404408,0.014368,0.01374,13.700540686647964,0.6834478427980946,0.02912743465387042,0.02448280921406565,-0.07046298465711032,53.775316257227146,test,0,0.006103340085559709,0
2025-01-06,0.008195,-0.006972,0.020301,-0.012965,0.015746,0.0033346000000000057,8.972499999999985e-4,0.011277719848838633,0.013288,0.013727,13.920729663624178,0.8610486945523395,0.0285974600949441,0.03194365416419975,-0.06291933800506944,56.17135808705442,test,0,0.005060852744350502,0
2025-01-07,0.008114,0.008195,-0.006972,0.020301,-0.012965,0.004404400000000005,9.943499999999987e-4,0.011244887095426476,0.011777,0.013656,13.96416932767946,0.9080568181075582,0.029664752600182292,0.02314225699888084,-0.07005829020142418,53.352870927712935,test,0,0.003849214634181887,0
2025-01-08,-0.007616,0.008114,0.008195,-0.006972,0.020301,0.001203400000000006,0.0012001499999999986,0.011175503291674261,0.007919,0.013674,14.245195321307655,1.1963652216560856,0.027717808226620642,0.02638197865425118,-0.06606104496368403,54.72278046347174,test,0,0.004097131093826509,0
2025-01-09,0.004296,-0.007616,0.008114,0.008195,-0.006972,0.0024958000000000055,0.0016538999999999987,0.011172086199293507,0.006681,0.013446,13.736253041947071,0.7557299924435346,0.0288338630453712,0.024238664813864386,-0.06653673844668317,54.517591159433174,test,0,0.004218296006683267,0
2025-01-10,-5.1e-4,0.004296,-0.007616,0.008114,0.008195,0.001813800000000006,0.0032068499999999985,0.010530353779010043,0.006103,0.011735,13.652211324108222,0.7065396786312045,0.029443406532003634,0.025929066139300794,-0.06207089962867507,56.17882624457427,test,0,0.004961075488238412,0
2025-01-13,0.004785,-5.1e-4,0.004296,-0.007616,0.008114,6.300000000000061e-4,0.0026121999999999986,0.009585660123909627,0.005061,0.011453,13.44097418709447,0.6006118640339221,0.025738968601143747,0.02556306642152295,-0.06001192783658871,56.95937183392954,test,0,0.004828920666153048,0
2025-01-14,0.002195,0.004785,-5.1e-4,0.004296,-0.007616,0.004137400000000006,0.0024281499999999987,0.008260940226955605,0.003849,0.011295,14.20360228576508,1.3044289830968376,0.026146222644136,0.03326596641391033,-0.0506862055989834,60.39991600364876,test,0,0.004069740384840291,0
2025-01-15,0.009921,0.002195,0.004785,-5.1e-4,0.004296,0.003468800000000006,0.0017144499999999987,0.006062618107898783,0.004097,0.010888,13.92086287358848,1.0310803681667617,0.024186310060337758,0.0325110345419497,-0.04978096800073839,60.72808339474338,test,0,0.005723213328192476,0
2025-01-16,9.53e-4,0.009921,0.002195,0.004785,-5.1e-4,0.0033722000000000057,0.0030489499999999986,0.005287988296339376,0.004218,0.00846,13.928774955490576,1.0651896102334781,0.023829884755312735,0.02838564355874018,-0.0507252550640056,60.16795101472122,test,0,0.0074947017819256825,0
2025-01-17,-9.93e-4,9.53e-4,0.009921,0.002195,0.004785,0.004239000000000006,0.0033678499999999986,0.005397078514241653,0.004961,0.008567,14.594686341082554,1.98253688500472,0.02627008685635755,0.03430624269934679,-0.04207047363451133,63.491708733659785,test,0,0.006378338835464921,0
2025-01-20,0.009119,-9.93e-4,9.53e-4,0.009921,0.002195,0.004798600000000006,0.0033295999999999985,0.005154996347665481,0.004829,0.008558,13.896771600089973,0.9808975063780937,0.026085545273097394,0.036040604967638945,-0.03728868914495875,65.21858998117341,test,0,0.005424224211811307,0
2025-01-21,0.004993,0.009119,-9.93e-4,9.53e-4,0.009921,0.004055400000000006,0.004034849999999999,0.0037347284655127352,0.004069,0.008155,13.489929991175854,0.6648346245645615,0.026030881974963137,0.038313921841737875,-0.031314120996542405,67.29983005743743,test,0,0.005611372496992157,0
2025-01-22,0.006205,0.004993,0.009119,-9.93e-4,9.53e-4,0.002871400000000006,0.0037653499999999985,0.004702940367472248,0.005723,0.008367,13.766534576531884,0.8660984022634525,0.02546501397086094,0.02934012488498894,-0.03612430509702025,63.98041244489825,test,0,0.007295645194223743,0
2025-01-23,-0.004967,0.006205,0.004993,0.009119,-9.93e-4,0.0014676000000000062,0.0033937499999999988,0.005820720238939508,0.007494,0.008728,13.571814748450835,0.7043142512321608,0.026300918894558017,0.01772157733959645,-0.04384899926871,58.95178815870177,test,0,0.006023455760607859,0
2025-01-24,-0.008012,-0.004967,0.006205,0.004993,0.009119,-0.0011945999999999938,0.0024297999999999985,0.006100928231743829,0.006378,0.008428,13.716542897725386,0.8211225948638725,0.024048333925897326,0.011061006582698374,-0.047856894360547186,56.47177860620591,test,0,0.006763690361038122,0
2025-01-27,-0.004192,-0.008012,-0.004967,0.006205,0.004993,-0.003116599999999994,0.0014116499999999985,0.006390867703215269,0.005424,0.007951,13.714862255702592,0.8276053132888784,0.02401024642855815,0.005016707614580396,-0.05225173415124218,53.799123275077264,test,0,0.0051093262080239114,0
2025-01-28,-0.004617,-0.004192,-0.008012,-0.004967,0.006205,-0.003029599999999994,0.0023918999999999985,0.005941326216520273,0.005611,0.007264,13.668753808868505,0.7999294842498228,0.02370499681834245,0.009333067180394394,-0.04595767037991583,56.94207263803232,test,0,0.005615046990008188,0
2025-01-29,0.00664,-0.004617,-0.004192,-0.008012,-0.004967,-4.045999999999935e-4,0.0017847499999999986,0.006418349375899625,0.007295,0.006103,13.467189196921835,0.6591279015640878,0.021061073140096656,0.015772517043732392,-0.03817617698637532,60.5181066116582,test,0,0.007823558857706638,0
2025-01-30,0.008158,0.00664,-0.004617,-0.004192,-0.008012,0.0010196000000000064,0.0020887999999999987,0.006414497957318597,0.006023,0.005787,14.21363545921335,1.3879759798304774,0.017692833801478534,0.01278406088250228,-0.03903171526550098,59.928794679679335,test,0,0.008250487500748062,0
2025-01-31,-8.91e-4,0.008158,0.00664,-0.004617,-0.004192,0.0042174000000000066,0.0022688999999999986,0.006822733359064304,0.006764,0.006037,13.890221848085105,0.9958019740494489,0.021531755708901566,0.022426091254287295,-0.027696720554928445,64.81709774501905,test,0,0.00803094088510182,0
2025-02-03,0.011797,-8.91e-4,0.008158,0.00664,-0.004617,0.007400400000000006,0.0024280999999999986,0.007443325965812147,0.005109,0.006238,13.759142302455228,0.8802074001450512,0.022751761517307338,0.03147352163263473,-0.016709621078191295,68.79128253774564,test,0,0.0069404046135654075,0
2025-02-04,0.011298,0.011797,-8.91e-4,0.008158,0.00664,0.006531800000000006,0.0029237499999999984,0.007307651552387478,0.005615,0.005775,14.004919440228846,1.1229228039643555,0.02324540029200448,0.030835429210289922,-0.014451852009627508,69.55239815437875,test,0,0.007207074704760594,0
2025-02-05,0.002297,0.011298,0.011797,-8.91e-4,0.008158,0.0036552000000000064,0.0023976999999999987,0.007445677255219225,0.007824,0.006113,13.933276704589149,1.0656752151681963,0.02503011508547907,0.021988713469214494,-0.02058616796949886,64.91981433029548,test,0,0.007348066800186291,0
2025-02-06,-0.006225,0.002297,0.011298,0.011797,-8.91e-4,0.006424000000000006,0.0030708499999999987,0.007381877972440346,0.008251,0.006504,13.884432893630299,1.007830975737291,0.028652293156090164,0.03206679252306621,-0.007902191739973197,69.45072996938295,test,0,0.005210883926936005,0
2025-02-07,0.012953,-0.006225,0.002297,0.011298,0.011797,0.004037000000000006,0.0028246999999999986,0.007000439951253858,0.008031,0.006529,13.986759370901858,1.0989767672200292,0.024912198095075774,0.02903432330120337,-0.008037089891868465,69.34814253001696,test,0,0.006607091553777653,0
2025-02-10,-1.38e-4,0.012953,-0.006225,0.002297,0.011298,0.002049200000000006,0.0027828999999999987,0.006400399949308723,0.00694,0.006536,13.848993688780823,0.9424246484078441,0.023555050465563682,0.027591573756440058,-0.006688108372915336,69.82810213500582,test,0,0.006267728519966384,0
2025-02-11,0.001359,-1.38e-4,0.012953,-0.006225,0.002297,0.001116400000000006,0.0021684999999999986,0.006726391693256579,0.007207,0.006406,13.983065286515142,1.0921591551725292,0.022538233124702007,0.02295320584667193,-0.009041726128352079,67.83238229471914,test,1,0.014567154440727263,1
2025-02-12,-0.002367,0.001359,-1.38e-4,0.012953,-0.006225,0.0010078000000000062,0.0017824499999999986,0.007290255692056044,0.007348,0.006709,14.003788506848272,1.1101031359379738,0.02125385046442984,0.014249195574525864,-0.015747584258095748,62.36344959309612,test,1,0.014797932666423375,1
2025-02-13,-0.006768,-0.002367,0.001359,-1.38e-4,0.012953,-0.003862599999999994,0.0012621499999999988,0.008468443186980186,0.005211,0.007312,13.856189822299061,0.9612372880526868,0.01985265465708331,0.0014600065619914115,-0.02696898052496688,54.451992030612445,test,1,0.014461783437736854,1
2025-02-14,-0.011399,-0.006768,-0.002367,0.001359,-1.38e-4,-0.002752399999999994,0.0010768499999999988,0.007801983808265975,0.006607,0.007147,13.760411081880049,0.9261509889035996,0.022058336139737143,0.005827706186084525,-0.021700852698318118,57.19730330200498,test,1,0.014397720958540626,1
2025-02-17,0.005413,-0.011399,-0.006768,-0.002367,0.001359,-0.004207599999999994,5.313499999999988e-4,0.007052843505360878,0.006268,0.007248,14.19810955108596,1.4084482686900708,0.02245640773551318,-6.285515625689131e-4,-0.026910480737125653,53.388613598405016,test,1,0.01453374501634042,1
2025-02-18,-0.005917,0.005413,-0.011399,-0.006768,-0.002367,0.0012310000000000068,0.001462399999999999,0.010835171588140376,0.014567,0.009,13.696034214471034,0.8457813938387014,0.02652617382174776,0.022715413021997755,-0.0027493020182861594,64.11931507194481,test,0,0.00925426701581492,0
2025-02-19,0.024826,-0.005917,0.005413,-0.011399,-0.006768,9.168000000000069e-4,0.001293799999999999,0.011014698715302607,0.014798,0.009157,13.913338474698222,1.0435830562174582,0.025793374383452583,0.012912533742073462,-0.011068249468965674,59.07636355028932,test,0,0.008825065733466239,0
2025-02-20,-0.008339,0.024826,-0.005917,0.005413,-0.011399,0.0012548000000000066,0.001208949999999999,0.010596935735810088,0.014462,0.009255,13.918987300434992,1.0335860960293208,0.02401591919006883,0.0019183869705221568,-0.020669494114220366,53.81560925531194,test,1,0.018567095699112447,1
2025-02-21,-0.009709,-0.008339,0.024826,-0.005917,0.005413,0.0010584000000000066,0.001640099999999999,0.010750181404154175,0.014398,0.009191,13.66312016126254,0.802009663965523,0.02378903137255258,0.004767884464881966,-0.013617000056989848,55.73475085985487,test,1,0.01883724428625376,1
2025-02-24,0.004431,-0.009709,-0.008339,0.024826,-0.005917,0.004758800000000007,0.002500199999999999,0.011561658293207289,0.014534,0.009377,13.613554703705878,0.7663447581207681,0.027766152349155478,0.01493791687878021,-0.0012039095001995515,60.7446288513546,test,1,0.016998497589493018,1
2025-02-25,0.012585,0.004431,-0.009709,-0.008339,0.024826,-3.2999999999993463e-5,0.0022115499999999988,0.011524698241409862,0.009254,0.009332,13.727046489966177,0.856364713379604,0.023729744576683108,0.013632868551005428,-3.383769305294049e-4,61.07543696805337,test,1,0.01820728413300567,1
2025-02-26,8.67e-4,0.012585,0.004431,-0.009709,-0.008339,0.003704800000000006,0.002321149999999999,0.011580034281277218,0.008825,0.009418,14.223084108411543,1.3557583897677972,0.024590942130508647,0.021795704279504946,0,64.88515134188823,test,1,0.015172515668141522,1
2025-02-27,0.01035,8.67e-4,0.012585,0.004431,-0.009709,-9.80199999999993e-4,7.089999999999993e-4,0.01573392991135894,0.018567,0.012312,13.98160533648656,1.0799180616509612,0.03424629071844482,-0.01267543145731087,-0.03313208398868672,48.38990597838189,test,1,0.01703754005717962,1
2025-02-28,-0.033134,0.01035,8.67e-4,0.012585,0.004431,-0.004295399999999993,-4.881000000000006e-4,0.016056160121066722,0.018837,0.012341,14.18326479919407,1.2994016581575858,0.03557814674119049,-0.024130552629488156,-0.04487554749931233,44.109565014373814,test,1,0.01635246634914746,1
2025-03-03,-0.012145,-0.033134,0.01035,8.67e-4,0.012585,-0.010667399999999994,-0.0020167500000000007,0.016982454259552054,0.016999,0.012693,14.412694045226461,1.5728204646345132,0.03814104007180673,-0.040978027949329365,-0.06328774659510095,38.37769173537186,test,1,0.017443551487584173,1
2025-03-04,-0.019275,-0.012145,-0.033134,0.01035,8.67e-4,-0.017652999999999995,-0.0038346500000000006,0.016481463035112442,0.018207,0.014515,14.6626244014214,1.9256897501131067,0.04640754643168665,-0.07010838206853742,-0.09519258574844291,30.88764978212879,test,1,0.01592796161785933,1
2025-03-05,-0.034061,-0.019275,-0.012145,-0.033134,0.01035,-0.01929179999999999,-0.0034156000000000004,0.01684721241861032,0.015172,0.014563,14.48473639093252,1.5586247146808243,0.04868206747723021,-0.06492301185402327,-0.09324239496124309,31.764291889887545,test,1,0.01754005666467472,1
2025-03-06,0.002156,-0.034061,-0.019275,-0.012145,-0.033134,-0.020729199999999996,-0.006079300000000001,0.019762806700410186,0.017037,0.016193,13.696255063772707,0.7136830589194321,0.050451920318255426,-0.09725486896284263,-0.12980230073140964,25.28838719579626,test,1,0.012698551484322926,0
2025-03-07,-0.040321,0.002156,-0.034061,-0.019275,-0.012145,-0.023050199999999996,-0.007259900000000001,0.01934578914733988,0.016352,0.016592,14.506464334771996,1.5540933863394117,0.05027212828819322,-0.11243709972025895,-0.15046797525761568,22.496456763890606,test,0,0.010255033388536578,0
2025-03-10,-0.02375,-0.040321,0.002156,-0.034061,-0.019275,-0.021118999999999992,-0.0078088,0.017146413591963384,0.017443,0.016474,14.206600841567031,1.1318659262113735,0.044046539159452336,-0.11424944709506324,-0.15864255436200903,21.485951566777615,test,0,0.009522047584422166,0
2025-03-11,-0.009619,-0.02375,-0.040321,0.002156,-0.034061,-0.017289399999999993,-0.0084361,0.01612848115601714,0.015928,0.016494,14.459408669073865,1.4182661525546718,0.038932806865438555,-0.12025250829422507,-0.1711900748337224,20.00086934676075,test,0,0.002446399640287743,0
2025-03-12,-0.014913,-0.009619,-0.02375,-0.040321,0.002156,-0.016283599999999995,-0.007738450000000001,0.01554226655178281,0.01754,0.01686,14.342604925148885,1.2394415352658539,0.039966427869865644,-0.10715376880024685,-0.16523370550355831,22.73115881864679,test,0,0.003686333707086215,0
2025-03-13,0.007185,-0.014913,-0.009619,-0.02375,-0.040321,-0.007660399999999993,-0.00702875,0.015751923189813295,0.012698,0.016996,13.76733765325102,0.6995194336013162,0.027982365544266512,-0.09841182300886298,-0.16289911906390842,23.828468317618515,test,0,0.003689222912755476,0
2025-03-14,0.002795,0.007185,-0.014913,-0.009619,-0.02375,-0.0014103999999999935,-0.0069244000000000016,0.017194888846850845,0.010255,0.017082,13.789950669398793,0.7147735540443173,0.02696798838429959,-0.08532259255108732,-0.15662183226243287,26.837055570798128,test,0,0.0034791235534254884,0
2025-03-17,0.0075,0.002795,0.007185,-0.014913,-0.009619,0.0017872000000000068,-0.006310100000000001,0.01792429298435196,0.009522,0.017339,13.809903869821511,0.742010909715125,0.028370740501789067,-0.07360222668344152,-0.1512508728249906,29.406271621436318,test,0,0.0035711568853804224,0
2025-03-18,0.006369,0.0075,0.002795,0.007185,-0.014913,0.006665200000000006,-0.00707755,0.016577415972407226,0.002446,0.01619,14.15161129701738,1.024690375438886,0.025949050908229677,-0.05796931461658961,-0.14320677664849313,33.19033837233415,test,0,0.002740662602364618,0
2025-03-19,0.009477,0.006369,0.0075,0.002795,0.007185,0.005295200000000006,-0.0066438500000000015,0.01649606720672806,0.003686,0.016271,13.810595498826324,0.7314872199586716,0.021217985845644022,-0.051147867654580015,-0.14292112483336983,33.32701271702278,test,0,0.0031796138130282424,0
2025-03-20,3.35e-4,0.009477,0.006369,0.0075,0.002795,0.005291800000000006,-0.006019500000000001,0.011149753430756516,0.003689,0.016386,14.086894026851924,0.9571437848455286,0.021635994505215785,-0.042532105975599754,-0.1405406930406754,34.52900072540011,test,0,0.00411527505763588,0
2025-03-21,0.002778,3.35e-4,0.009477,0.006369,0.0075,0.004680200000000007,-0.00601895,0.007900904047428159,0.003479,0.016386,14.050487023394883,0.9094455712342673,0.021947606998108174,-0.03216770388071122,-0.136721422475508,36.5068202735137,test,0,0.0038798848307649548,0
2025-03-24,0.004442,0.002778,3.35e-4,0.009477,0.006369,0.003703000000000006,-0.0065740500000000006,0.0068545680705157,0.003571,0.015904,13.982271676640172,0.8384934906275107,0.01820300515976126,-0.02392936949132296,-0.13544127915588122,37.19170510953956,test,0,0.0036348902046691865,0
2025-03-25,0.001483,0.004442,0.002778,3.35e-4,0.009477,0.0012420000000000066,-0.006758800000000001,0.0037640426907485755,0.002741,0.015834,13.368854637330855,0.4585258224660552,0.019617585550923876,-0.019624710078800622,-0.13788518912971404,36.3848012849511,test,0,0.003927052546121582,0
2025-03-26,-0.002828,0.001483,0.004442,0.002778,3.35e-4,7.130000000000066e-4,-0.007391800000000001,0.00404540058310395,0.003179,0.01536,14.094668402194962,0.9536942671368471,0.021504057128066544,-0.01404900730009917,-0.13987769870433975,35.7046579328251,test,0,0.004145731696576613,0
2025-03-27,-0.00231,-0.002828,0.001483,0.004442,0.002778,-0.0010805999999999936,-0.0060446000000000015,0.004985558281454323,0.004115,0.014115,13.701034174303404,0.6501365232534944,0.024668881251382852,-0.013818615013808877,-0.14520281278873748,33.8817709837987,test,0,0.004987597267221964,0
2025-03-28,-0.00619,-0.00231,-0.002828,0.001483,0.004442,-0.0012243999999999933,-0.005251200000000001,0.004664189591391461,0.00388,0.0142,13.994442208847518,0.8797969448669856,0.021050512548483228,-0.004566561282384973,-0.1420183240349553,35.98652688681945,test,0,0.0066516429023212005,0
2025-03-31,0.003723,-0.00619,-0.00231,-0.002828,0.001483,-0.0016013999999999935,-0.004307550000000001,0.004399545451268549,0.003635,0.013841,13.572377286853174,0.5996563874772224,0.02217879139571508,-3.8206069853174984e-4,-0.14236392746559834,35.853134616488205,test,0,0.006777198255916674,0
2025-04-01,-4.02e-4,0.003723,-0.00619,-0.00231,-0.002828,-0.0020267999999999935,-0.0028522500000000015,0.003627740747811692,0.003927,0.011949,13.519241052159122,0.6054144423749319,0.02129181183176715,-0.0023454290519048238,-0.14661343903626012,34.17566980144478,test,0,0.006984835595774606,0
2025-04-02,-0.004955,-4.02e-4,0.003723,-0.00619,-0.00231,-0.0025543999999999936,-0.0032074500000000014,0.0038855558461220623,0.004146,0.011898,14.309607229850334,1.3517190508721488,0.01971899678699766,-0.003931078103237118,-0.1508382646475902,32.54536113450109,test,0,0.007816715889681549,0
2025-04-03,-0.004948,-0.004955,-4.02e-4,0.003723,-0.00619,-0.0031829999999999936,-0.0016580500000000012,0.004450925941119817,0.004988,0.008277,13.576264301193628,0.6519295486017616,0.020048314980485628,-0.011547273294584048,-0.1587624575930484,29.68500045069058,test,0,0.0064959589977154255,0
2025-04-04,-0.009333,-0.004948,-0.004955,-4.02e-4,0.003723,-0.0022913999999999934,-6.150000000000106e-5,0.005164382945823355,0.006652,0.006726,14.102036712600395,1.1340842387689902,0.02278753895679784,-0.0033800969003933146,-0.15188212807075696,35.02472337695181,test,0,0.006860712295381581,0
2025-04-07,0.008181,-0.009333,-0.004948,-0.004955,-4.02e-4,-0.0020151999999999935,4.68399999999999e-4,0.0051315954644838395,0.006777,0.006339,13.845114990232714,0.8942108695226604,0.022371664458795536,-0.0028469376469704155,-0.15104985858471864,35.661200958296504,test,0,0.008516679047610049,0
2025-04-08,9.79e-4,0.008181,-0.009333,-0.004948,-0.004955,-0.002334599999999993,8.86449999999999e-4,0.005344525050096698,0.006985,0.00549,13.710479987868425,0.817169159753427,0.02305918764848356,-0.010226633115915429,-0.1566112525655764,33.31290993293079,test,0,0.008184446957491997,0
2025-04-09,-0.006552,9.79e-4,0.008181,-0.009333,-0.004948,1.8600000000006923e-5,8.68099999999999e-4,0.006052578669000878,0.007817,0.005469,13.804302987116008,0.9272232146976209,0.023557634603021585,-0.0043202237956561085,-0.1508629506069219,37.867168594389675,test,0,0.00701460474296307,0
2025-04-10,0.006818,-0.006552,9.79e-4,0.008181,-0.009333,0.0010584000000000069,5.21649999999999e-4,0.005899794008645085,0.006496,0.005559,13.490235992755327,0.6847127961740282,0.022343071970222467,-0.008930200685145273,-0.1543718833976343,36.24017310466407,test,0,0.007094428919934289,0
2025-04-11,-0.004134,0.006818,-0.006552,9.79e-4,0.008181,-0.0027581999999999936,-3.9845000000000104e-4,0.006375296608350426,0.006861,0.005858,13.812071651698426,0.9436943086748653,0.025383882812548227,-0.01933368989064921,-0.1635903259251945,32.31229092710413,test,0,0.006310499885112114,0
2025-04-14,-0.010902,-0.004134,0.006818,-0.006552,9.79e-4,-0.0012499999999999937,-2.90900000000001e-4,0.0072672842275807855,0.008517,0.006007,13.544824563752602,0.7303903672910242,0.0301086206590686,-0.010678897276362065,-0.15646666337520532,37.9124833259423,test,0,0.005291620810299997,0
2025-04-15,0.00852,-0.010902,-0.004134,0.006818,-0.006552,-7.289999999999938e-4,-9.62100000000001e-4,0.007222936303501813,0.008184,0.005594,13.716648879046277,0.8883069706662028,0.030684816269031034,-0.013623790938752878,-0.1597957413193587,36.39695689496292,test,0,0.011457481114974617,0
2025-04-16,-0.003947,0.00852,-0.010902,-0.004134,0.006818,-0.002676799999999994,-0.001124900000000001,0.007144429538691898,0.007014,0.005601,14.04683495472326,1.219975089727753,0.030810709575447393,-0.01538816077563987,-0.16225023099004798,35.27726603889552,test,1,0.012758657245180624,0
2025-04-17,-0.002921,-0.003947,0.00852,-0.010902,-0.004134,-0.0017141999999999943,-0.0012298500000000009,0.0065771650165976185,0.007094,0.005544,13.879057963108613,1.0439795271814458,0.028115308198609322,-0.013491269238374848,-0.16167892735980138,35.772538604860515,test,1,0.012824613943507228,0
2025-04-18,6.79e-4,-0.002921,-0.003947,0.00852,-0.010902,0.002364400000000006,-9.77400000000001e-4,0.006775525440059161,0.00631,0.005918,13.444967031124678,0.6959311467089115,0.025116866585648812,-0.003131777677433223,-0.15372299532377398,42.3845711313705,test,1,0.014247330809663963,1
2025-04-21,0.009491,6.79e-4,-0.002921,-0.003947,0.00852,7.624000000000062e-4,-0.001026050000000001,0.0067681006329529244,0.005291,0.005901,14.028382334767839,1.2437170213201207,0.022813160776854136,-0.0015752301299772897,-0.1532927543182796,42.72794120260088,test,1,0.014246457156079192,1
2025-04-22,5.1e-4,0.009491,6.79e-4,-0.002921,-0.003947,-0.0027549999999999944,-0.001961350000000001,0.009447503326864252,0.011458,0.007474,14.344363705049425,1.619813829533371,0.02501029258396954,-0.021133073759400434,-0.17152509856750908,33.59164274685237,test,1,0.01276043293544541,0
2025-04-23,-0.021534,5.1e-4,0.009491,6.79e-4,-0.002921,-2.0279999999999417e-4,-0.001353850000000001,0.009793726720031894,0.012759,0.007924,14.2105919413177,1.4060922280680543,0.030325657665131067,-0.010125687033132769,-0.16337167885682846,39.791712243834155,test,0,0.011917683512327385,0
2025-04-24,0.00984,-0.021534,5.1e-4,0.009491,6.79e-4,-0.001044599999999994,-0.0012208500000000012,0.009777113232215098,0.012825,0.007861,14.002179318626888,1.1248714575818888,0.03574768107372194,-0.012388075446000846,-0.16632694084538824,38.39256997485874,test,1,0.013685118194593717,0
2025-04-25,-0.00353,0.00984,-0.021534,5.1e-4,0.009491,1.4780000000000587e-4,-6.343500000000011e-4,0.010453700380992156,0.014247,0.008648,13.773707874392336,0.9051208568730499,0.03669072162515977,0.003552447990970098,-0.15344439663988818,47.12111533307092,test,1,0.013175020576834028,0
2025-04-28,0.015453,-0.00353,0.00984,-0.021534,5.1e-4,1.1400000000000585e-4,-5.972000000000011e-4,0.010137401735926005,0.014247,0.00865,13.524094857523203,0.7064137724805082,0.03306685729589258,0.0045377868275546795,-0.15315521825914613,47.30160611375429,test,1,0.014043868295451933,1
2025-04-29,3.41e-4,0.015453,-0.00353,0.00984,-0.021534,9.148000000000059e-4,-0.001225950000000001,0.011595395009801664,0.012761,0.009407,14.277462484072007,1.4429816554464894,0.029861507447550156,-0.011816161214651455,-0.1679985329487026,39.79343846979497,test,0,0.010109431403397522,0
2025-04-30,-0.01753,3.41e-4,0.015453,-0.00353,0.00984,-4.1139999999999395e-4,-8.18100000000001e-4,0.011639811209331915,0.011918,0.009414,13.811188230149536,0.9325036312111177,0.026578980514383115,-0.007791578421360579,-0.16532892277526612,41.589216855256296,test,0,0.00978956708440164,0
2025-05-01,0.003209,-0.01753,3.41e-4,0.015453,-0.00353,0.003476000000000007,4.438999999999989e-4,0.012728368543882162,0.013685,0.009892,13.795163962744367,0.9094759309686402,0.02501416290822736,0.007590051323204339,-0.15205140322045962,49.635370845908014,test,0,0.01050763195491734,0
2025-05-02,0.015907,0.003209,-0.01753,3.41e-4,0.015453,0.0029768000000000064,6.826999999999989e-4,0.013022538206680158,0.013175,0.010144,13.714233914160602,0.8557741122940319,0.026202089708142574,0.019988014478108607,-0.14106615131787748,55.14117725185782,test,0,0.009377047563065894,0
2025-05-05,0.012957,0.015907,0.003209,-0.01753,3.41e-4,0.005908200000000007,0.0013836499999999989,0.013681694976622354,0.014044,0.010637,14.110501356489628,1.2533298956003223,0.0298047930483732,0.03388240588208968,-0.12818360711237753,60.58311865194606,test,0,0.0073302710591082515,0
2025-05-06,0.014998,0.012957,0.015907,0.003209,-0.01753,0.007852600000000006,0.0013208499999999988,0.011452557599360357,0.010109,0.01069,13.684290777219404,0.8192874765576725,0.03097375894608414,0.024497444541229818,-0.1349898787566739,56.671445162853715,test,0,0.0069138427809720985,0
2025-05-07,-0.007808,0.014998,0.012957,0.015907,0.003209,0.008740200000000007,0.0013622999999999988,0.011357066681146149,0.00979,0.010714,13.429265554577778,0.6441681185482264,0.030546032946143154,0.0309561305869146,-0.12837756822141178,59.41317522389892,test,0,0.00429571121003263,0
2025-05-08,0.007647,-0.007808,0.014998,0.012957,0.015907,0.004473600000000006,0.0012976999999999986,0.011514527884372855,0.010508,0.010753,13.645840235752443,0.7953540271286818,0.027199665072118028,0.024074614495177116,-0.13310669271623143,56.65209725305286,test,0,0.006832914956297935,0
2025-05-09,-0.005426,0.007647,-0.007808,0.014998,0.012957,0.0023110000000000066,0.0019499999999999986,0.010786560449106204,0.009377,0.010363,14.1472035349537,1.2890070753034728,0.023193047568928024,0.02431333023143245,-0.13124819263512044,57.48822317119406,test,0,0.007778637489946424,0
2025-05-12,0.002144,-0.005426,0.007647,-0.007808,0.014998,-0.002655399999999993,0.0010322999999999986,0.011485210559671947,0.00733,0.010561,14.02354290801369,1.1149132011060818,0.020804595446544567,0.01324635495213311,-0.13978953456386956,52.478294792418005,test,0,0.006082043883432608,0
2025-05-13,-0.009834,0.002144,-0.005426,0.007647,-0.007808,-0.0020549999999999935,9.893499999999987e-4,0.009691970591967124,0.006914,0.010584,13.751755729659239,0.8483389786188034,0.02216925989326307,0.007436113665716171,-0.1439226694691107,50.198571450721694,test,0,0.007803055023514829,0
2025-05-14,-0.004806,-0.009834,0.002144,-0.005426,0.007647,-0.0045963999999999935,8.823999999999987e-4,0.010010090924772973,0.004296,0.010636,14.15882433776584,1.2660029094668142,0.02162894740530637,0.001511045059330307,-0.14825681861462403,47.85108458241002,test,0,0.007403837336138606,0
2025-05-15,-0.00506,-0.004806,-0.009834,0.002144,-0.005426,-0.0020035999999999934,0.0012253499999999987,0.009026390468448,0.006833,0.010739,14.002495391429132,1.076019457456761,0.02356681048026461,0.007886258617343822,-0.1418349426227774,51.47222168789145,test,0,0.006742272109608155,0
2025-05-16,0.007538,-0.00506,-0.004806,-0.009834,0.002144,-0.0010811999999999933,0.0010885999999999986,0.00831673307187918,0.007779,0.010646,13.748863148016389,0.825930250266511,0.024627723754933734,0.013642699709586203,-0.13603726874545952,54.54120256042314,test,0,0.006918835942555655,0
2025-05-19,0.006756,0.007538,-0.00506,-0.004806,-0.009834,0.0013986000000000068,0.0011913499999999986,0.006699782885371071,0.006082,0.01065,13.774032098017734,0.8574993361188782,0.024451805198633485,0.015081679948505178,-0.133822585536849,55.69388572435745,test,0,0.008574919171630715,0
2025-05-20,0.002565,0.006756,0.007538,-0.00506,-0.004806,2.6920000000000665e-4,0.0017453999999999987,0.007057386381972044,0.007803,0.009646,13.897839573120809,0.9977687848768071,0.02118759265740467,0.002789307921151618,-0.1428752794803253,50.101540248032535,test,0,0.007015909720057692,0
2025-05-21,-0.010453,0.002565,0.006756,0.007538,-0.00506,8.526000000000068e-4,0.0011462499999999986,0.006388433740405825,0.007404,0.009488,13.607537599088166,0.7701573816645937,0.022904441904147713,-4.5129236532825967e-4,-0.11540411501019454,49.02555690749633,test,0,0.007872481552852315,0
2025-05-22,-0.002143,-0.010453,0.002565,0.006756,0.007538,-0.0017787999999999931,0.0010417999999999985,0.006400643870389569,0.006742,0.009553,13.81663592450175,0.9585453085926362,0.020900341893005842,-0.007043958451020904,-0.10956036287508719,46.22846486611798,test,1,0.01344910378054984,0
2025-05-23,-0.005619,-0.002143,-0.010453,0.002565,0.006756,-0.0016685999999999934,6.344999999999987e-4,0.006947202193849134,0.006919,0.009068,13.892638251879724,1.0282745025896538,0.020224954608062833,-3.7692588139348615e-4,-0.0854203060056623,50.187283349230874,test,1,0.01838375150234576,1
2025-05-26,0.007307,-0.005619,-0.002143,-0.010453,0.002565,-2.2659999999999304e-4,0.0011061999999999986,0.007060730006325283,0.008575,0.009294,13.393768191139335,0.6271103867467389,0.024394828298030823,0.008319734294652159,-0.04597428458086028,54.992481569327914,test,1,0.023021298297446216,1
2025-05-27,0.009775,0.007307,-0.005619,-0.002143,-0.010453,0.003624200000000007,0.0024227499999999987,0.007215590297712617,0.007016,0.00833,13.768179928156183,0.940377915239864,0.02561497899374828,0.014788369096565335,-0.03757749239660546,58.877615384099286,test,1,0.02171330037787899,1
2025-05-28,0.008801,0.009775,0.007307,-0.005619,-0.002143,0.002914400000000007,0.001977699999999999,0.007286201879809077,0.007873,0.008522,13.739745521329544,0.9171193437663127,0.026705621099639087,0.0070793768969559245,-0.005689808453891554,55.51216074313061,test,1,0.021775038319139645,1
2025-05-29,-0.005692,0.008801,0.009775,0.007307,-0.005619,-2.7499999999999286e-4,1.0404999999999883e-4,0.01006092572999346,0.013449,0.009375,14.072527473890247,1.2597208659708425,0.031333144071511235,-0.014702216976286597,-0.02713569869877963,45.05785575289478,test,1,0.026334510517569906,1
2025-05-30,-0.021566,-0.005692,0.008801,0.009775,0.007307,-0.008087399999999993,-0.002131550000000001,0.013525009443414242,0.018384,0.011285,13.885014232302566,1.0358399966295795,0.04076888672823796,-0.04394431416539435,-0.05802958053826879,34.87019462298042,test,1,0.02017557461883056,1
2025-06-02,-0.031755,-0.021566,-0.005692,0.008801,0.009775,-0.004914599999999993,-0.0015995000000000013,0.0165629473236029,0.023022,0.012337,14.25076227407949,1.4788091379348622,0.04556266073625909,-0.017790749171964215,-0.03387618200921361,45.286000594962125,test,1,0.018857798426645672,1
2025-06-03,0.025639,-0.031755,-0.021566,-0.005692,0.008801,-0.008109399999999992,-0.0015677500000000014,0.016421378452086983,0.021714,0.012321,14.225699822983717,1.400000836041566,0.04467629423270618,-0.023247067111693998,-0.04080659500525341,43.15347418577155,test,1,0.01852388086498075,1
2025-06-04,-0.007173,0.025639,-0.031755,-0.021566,-0.005692,-0.009663599999999993,-0.0026232500000000014,0.016799564307842428,0.021775,0.012394,14.586156135258964,1.8783241677334117,0.04337316758711713,-0.033815787274925624,-0.05372181362644468,39.427365341553866,test,1,0.016492945573790024,1
2025-06-05,-0.013463,-0.007173,0.025639,-0.031755,-0.021566,5.732000000000056e-4,-8.710500000000014e-4,0.019718400754681457,0.026335,0.014307,14.33525211639397,1.4101859946295137,0.043721901182000235,-0.004228586084468078,-0.025693041299603925,49.598516102610716,test,0,0.011687380489228542,0
2025-06-06,0.029618,-0.013463,-0.007173,0.025639,-0.031755,0.011488800000000006,1.6289999999999862e-4,0.020918183313142234,0.020176,0.015252,14.795162117767509,2.1206905886436958,0.03721564334340931,0.018444582519492547,-0.003455103855168451,55.92243553805561,test,1,0.02563582314457642,1
2025-06-09,0.022823,0.029618,-0.013463,-0.007173,0.025639,0.006459000000000006,6.790999999999987e-4,0.020725142780904763,0.018858,0.015069,14.51169213009803,1.5494380705534605,0.032351713310104946,0.01835487186260476,-0.002966135941162129,56.053005334627876,test,1,0.025004333758370766,1
2025-06-10,4.9e-4,0.022823,0.029618,-0.013463,-0.007173,0.006847400000000006,6.578499999999987e-4,0.020595768087427843,0.018524,0.015078,14.243582853642328,1.1583828315898101,0.03322485403880342,0.012465492803197087,-0.008183140709609682,54.20793240801449,test,1,0.02293514531674042,1
2025-06-11,-0.005231,4.9e-4,0.022823,0.029618,-0.013463,0.008525200000000007,6.571499999999986e-4,0.02057981563355491,0.016493,0.015078,14.750893861182968,1.8445826266157623,0.036361969954781394,0.0067756051826741714,-0.013214256849591766,52.4160611289438,test,1,0.01955292690877762,1
2025-06-12,-0.005074,-0.005231,4.9e-4,0.022823,0.029618,0.004101800000000006,6.552999999999986e-4,0.019297474712453383,0.011687,0.015077,14.602461784678473,1.5350734273594682,0.036661178329928296,0.013765012021979661,-0.005815081225248431,54.783322903929175,test,1,0.037084605454285206,1
2025-06-13,0.007501,-0.005074,-0.005231,4.9e-4,0.022823,0.010647600000000005,0.0030950999999999986,0.021753073860951235,0.025636,0.019435,14.905828207697908,1.9408023828037344,0.050807591940833605,0.06685049496632423,0,67.70015189769877,test,1,0.03092145443700862,1
2025-06-16,0.055552,0.007501,-0.005074,-0.005231,4.9e-4,0.013416800000000006,0.003683649999999999,0.021198428990270846,0.025004,0.019595,14.357929611741346,1.0949313207347324,0.05183695152787302,0.07820397711306781,0,70.19768786142441,test,1,0.031263792736966514,1
2025-06-17,0.014336,0.055552,0.007501,-0.005074,-0.005231,0.019455200000000006,0.0054543499999999984,0.02074718659400996,0.022935,0.019849,14.48505486944764,1.2099520419454814,0.0616981881304053,0.09905771268123953,0,74.01855530668468,test,1,0.031288969051408516,1
2025-06-18,0.024961,0.014336,0.055552,0.007501,-0.005074,0.028564800000000008,0.0075851999999999985,0.02005908145121971,0.019553,0.02123,14.804901554425388,1.5744572267817118,0.06547238931625822,0.13467780633966098,0,78.8679111426032,test,1,0.020588413557144223,1
2025-06-19,0.040474,0.024961,0.014336,0.055552,0.007501,0.018786800000000006,0.005796699999999998,0.027052570960385016,0.037084,0.023757,14.99741810517668,1.7903103256250763,0.07257738937396616,0.08157054194601732,-0.04138989156823791,64.97274769756658,test,1,0.01329720646602135,0
2025-06-20,-0.041389,0.040474,0.024961,0.014336,0.055552,0.010404000000000007,0.006113249999999999,0.026777842091301282,0.030921,0.023821,13.795646568785493,0.5397562691555466,0.057483699622309904,0.08974652002250894,-0.0283182753440554,66.9529764175844,test,0,0.010101609683609835,0
2025-06-23,0.013638,-0.041389,0.040474,0.024961,0.014336,0.007135400000000007,0.0055241499999999985,0.02689321627990557,0.031264,0.023871,14.1591279215463,0.7605568027982539,0.053979353647633455,0.0817086908923268,-0.030265490505991144,66.35121065767983,test,0,0.010700829720166564,0
2025-06-24,-0.002007,0.013638,-0.041389,0.040474,0.024961,-0.001812599999999993,0.004095149999999999,0.02818762571708846,0.031289,0.024511,13.780475950830525,0.5206513593460222,0.04386211705536466,0.05621109032720217,-0.04944573784147466,60.57581436176864,test,0,0.008782776184100333,0
2025-06-25,-0.019779,-0.002007,0.013638,-0.041389,0.040474,-0.013242399999999993,0.0035459999999999984,0.02904862556243697,0.020588,0.024863,13.344541662999443,0.3394542398780351,0.03539411895426163,0.035215200498503796,-0.06529756437913381,56.22033314911393,test,0,0.008533261293315704,0
2025-06-26,-0.016675,-0.019779,-0.002007,0.013638,-0.041389,-0.006523599999999995,0.004234549999999998,0.029457833360019312,0.013297,0.024315,13.065077426020048,0.26255010720546745,0.02228245067058267,0.023155348194228376,-0.07258449205094797,54.2879632550815,test,1,0.014143534430968802,1
2025-06-27,-0.007795,-0.016675,-0.019779,-0.002007,0.013638,-0.008331199999999993,0.006052299999999998,0.02382863531412014,0.010102,0.022794,13.433163164408763,0.38353164502312465,0.02192777706590055,0.02211930329378964,-0.06831628185138505,55.258022035965645,test,1,0.013926772382716678,0
2025-06-30,0.0046,-0.007795,-0.016675,-0.019779,-0.002007,-0.007677799999999994,0.004833349999999998,0.02337212776792049,0.010701,0.022339,13.810583439627719,0.5681752486489361,0.022507336797252014,0.018833402862042714,-0.06714510490755177,55.53684539148167,test,1,0.01421558771208563,1
2025-07-01,0.00126,0.0046,-0.007795,-0.016675,-0.019779,-0.003356999999999994,0.005283249999999998,0.021680790000981668,0.008783,0.022175,13.799035587870394,0.5701723344518719,0.023607067265748703,0.015726031647833594,-0.06543995671273062,55.967090215338786,test,1,0.015285638710894615,1
2025-07-02,0.001825,0.00126,0.0046,-0.007795,-0.016675,0.003169600000000005,0.006754299999999998,0.017192316256591685,0.008533,0.021839,13.973810048134986,0.6991144976578662,0.024398177315939316,0.0254752079103695,-0.05052791957681002,59.64477641559011,test,0,0.011624209456991042,0
2025-07-03,0.015958,0.001825,0.00126,0.0046,-0.007795,1.698000000000051e-4,0.004133699999999999,0.013414026957297763,0.014143,0.022094,14.20876677325397,0.8895810129608671,0.03139682934206426,-0.0016470615273240785,-0.07216799447517752,52.75833534954663,test,1,0.013856350547673077,0
2025-07-04,-0.022794,0.015958,0.001825,0.00126,0.0046,-8.389999999999949e-4,0.0029703499999999983,0.012130414854589452,0.013926,0.021667,14.069128220652129,0.8069458209112143,0.02882497128050108,-0.0047446775185564505,-0.07258093224260798,52.633454792602194,test,1,0.01619644661029079,1
2025-07-07,-4.44e-4,-0.022794,0.015958,0.001825,0.00126,1.50000000000052e-5,0.003222349999999998,0.01253577410808319,0.014215,0.021666,14.242866960257695,0.9744871632429456,0.02919764939816453,-0.0021445249858110804,-0.06745124842478478,54.08732946959582,test,1,0.015157493988123499,1
2025-07-08,0.00553,-4.44e-4,-0.022794,0.015958,0.001825,-0.0029905999999999947,0.0028237499999999986,0.011754371553691087,0.015285,0.021901,14.354541058118974,1.083422120519228,0.02882433777504667,-0.017765612164329925,-0.07976462547256447,50.11119310620596,test,1,0.017737684606509384,1
2025-07-09,-0.013203,0.00553,-4.44e-4,-0.022794,0.015958,-0.006073999999999994,0.0031044999999999983,0.010777370982242788,0.011624,0.021831,14.748672172788469,1.6071050955465345,0.03269696879578486,-0.01992550741184007,-0.07926625230497597,50.2705392794003,test,1,0.017728930785583207,1
2025-07-10,5.41e-4,-0.013203,0.00553,-4.44e-4,-0.022794,-0.007264999999999995,0.0012919999999999984,0.013769300371155794,0.013856,0.022924,14.148847169361295,0.9050662502565247,0.036573799108961795,-0.04903735336576631,-0.1057369871206133,42.50495541774658,test,0,0.008778603117808665,0
2025-07-11,-0.028749,5.41e-4,-0.013203,0.00553,-4.44e-4,-0.004850399999999995,-9.041500000000014e-4,0.014396557505567472,0.016197,0.019264,14.040871648719438,0.860491448094581,0.04086999358724089,-0.036967127804442224,-0.09533878695970999,46.03171645939245,test,0,0.008580088618423472,0
2025-07-14,0.011629,-0.028749,5.41e-4,-0.013203,0.00553,-0.006976999999999995,-0.0018761000000000014,0.014335466476927463,0.015158,0.018942,13.660161159961376,0.606022252160573,0.03979952078886331,-0.03995467773194239,-0.09995229856824495,44.720980939382684,test,0,0.007436131373234339,0
2025-07-15,-0.005103,0.011629,-0.028749,5.41e-4,-0.013203,-0.0010161999999999949,-0.002294100000000001,0.01564484459778648,0.017738,0.018403,13.598080652642633,0.5936826146963424,0.04265431058015238,-0.02161217232260182,-0.08501178296560508,49.71463190548891,test,0,0.004701023080139046,0
2025-07-16,0.016601,-0.005103,0.011629,-0.028749,5.41e-4,-0.0011063999999999948,-0.004313300000000001,0.014373747495579106,0.017729,0.015441,13.679911887134727,0.6905864139557782,0.03731856178212314,-0.01706135929153596,-0.08492990737378703,49.74142615313276,test,0,0.0046817086410839365,0
2025-07-17,9e-5,0.016601,-0.005103,0.011629,-0.028749,0.006358200000000006,-0.0018151500000000015,0.013081913886482105,0.008779,0.012971,14.08422003354929,1.1212438459715932,0.028655745284492478,-0.006729459631862333,-0.0770840897926055,52.361002067453185,test,0,0.0026817643073171068,0
2025-07-18,0.008574,9e-5,0.016601,-0.005103,0.011629,0.0040172000000000055,-0.0025008500000000015,0.013082460855834597,0.00858,0.012464,13.78231048433326,0.8295148811374107,0.024367029281342698,-0.004189097284202692,-0.07715528595940391,52.33434510190772,test,0,0.003767914409855935,0
2025-07-21,-7.6e-5,0.008574,9e-5,0.016601,-0.005103,0.005058600000000005,-0.0023953000000000012,0.012919932333844133,0.007436,0.012477,13.641881908133954,0.7388761046545356,0.022861275031245135,-0.0015646583611020892,-0.07705917113422611,52.369598862611866,test,0,0.003717986175337396,0
2025-07-22,1.04e-4,-7.6e-5,0.008574,9e-5,0.016601,8.740000000000053e-4,-0.0016224500000000014,0.012273876653282776,0.004701,0.011804,14.047037272171131,1.0937923492421753,0.020158684308574377,-0.004175644395341682,-0.0810461564749354,50.69465221555713,test,0,0.0037608240187490824,0
2025-07-23,-0.004322,1.04e-4,-7.6e-5,0.008574,9e-5,0.0011166000000000053,-7.235500000000014e-4,0.012280462590364149,0.004682,0.01127,14.351197170388494,1.4160099731093183,0.02085290749603189,-0.0020926547451683986,-0.07985006087272262,51.198915262936595,test,0,0.009920559747312648,0
2025-07-24,0.001303,-0.004322,1.04e-4,-7.6e-5,0.008574,-1.9399999999994813e-5,-1.8910000000000134e-4,0.0069817809284833145,0.002682,0.01117,13.867930317651489,0.8527915396885017,0.02023619763803221,0.0010449474128091385,-0.07718732423446317,52.366852226824555,test,0,0.009963049919577839,0
2025-07-25,0.002894,0.001303,-0.004322,1.04e-4,-7.6e-5,-0.0011889999999999947,-7.153000000000013e-4,0.006823339805403217,0.003768,0.01118,14.123970517286097,1.0721803350605388,0.021786506129248713,-0.004111934270885187,-0.08265518984457876,49.734626726869564,test,0,0.00999834008723448,0
2025-07-28,-0.005924,0.002894,0.001303,-0.004322,1.04e-4,-0.0013397999999999947,-8.108000000000013e-4,0.006487823555622401,0.003718,0.011171,14.074530003988981,1.0085227814501596,0.027399265603875057,-0.0038865474709590675,-0.08324967783734516,49.44363079573311,test,0,0.010083560358325822,0
2025-07-29,-6.5e-4,-0.005924,0.002894,0.001303,-0.004322,-0.0013815999999999948,-0.0011286000000000013,0.004185862311267404,0.003761,0.011182,13.66410028645246,0.672267520697767,0.026826758269290964,-0.007215819735013285,-0.08740397417003065,47.358353949771086,test,0,0.008829982701002307,0
2025-07-30,-0.004531,-6.5e-4,-0.005924,0.002894,0.001303,0.0021072000000000057,-9.891500000000014e-4,0.00733179398161793,0.009921,0.011422,13.82216834562834,0.7924994229525996,0.028354580683540936,0.01248455833793538,-0.07029553528837995,55.65327911813291,test,0,0.008236060423527744,0
2025-07-31,0.018747,-0.004531,-6.5e-4,-0.005924,0.002894,0.0014548000000000057,1.3214999999999858e-4,0.006922187018726251,0.009963,0.010204,13.494874071367317,0.588814649925488,0.027668584698616817,0.01202803524388596,-0.07063727688901222,55.4652711300701,test,0,0.008422953300357304,0
2025-08-01,-3.68e-4,0.018747,-0.004531,-6.5e-4,-0.005924,0.005182000000000005,7.899499999999985e-4,0.007874925301233023,0.009998,0.010582,13.764274104066535,0.7816011349190652,0.030452696991796657,0.024126767208420885,-0.058822273008821147,60.44094752425634,test,0,0.005136709111873087,0
2025-08-04,0.012712,-3.68e-4,0.018747,-0.004531,-6.5e-4,0.005069000000000006,4.526999999999985e-4,0.007921056582159844,0.010084,0.01053,13.658962005537015,0.7236606673048597,0.026807709255860505,0.022466904831461854,-0.05996497148593516,59.745695283228756,test,0,0.008538259266384454,0
2025-08-05,-0.001215,0.012712,-3.68e-4,0.018747,-0.004531,0.006460000000000006,0.0012340499999999985,0.007617059024175785,0.00883,0.010032,13.714788158485902,0.7923727905656017,0.023665437440607888,0.02371579181646921,-0.05768669414838701,60.71595272687368,test,0,0.008525203018110477,0
2025-08-06,0.002424,-0.001215,0.012712,-3.68e-4,0.018747,6.664000000000054e-4,6.959499999999985e-4,0.008629346245354988,0.008236,0.010354,13.628035745929518,0.7855054280457414,0.02377780045765939,0.012593700077431658,-0.06731953551620773,54.7113461742211,test,0,0.006901735810649376,0
2025-08-07,-0.010221,0.002424,-0.001215,0.012712,-3.68e-4,9.460000000000538e-5,0.0019720499999999986,0.008727093089275998,0.008423,0.00779,13.743736322066939,0.9017136648991325,0.027716122373915648,0.0073915549112835155,-0.07032757356343933,52.95032737837759,test,0,0.005161620017010163,0
2025-08-08,-0.003227,-0.010221,0.002424,-0.001215,0.012712,-0.0020409999999999946,0.0014922999999999985,0.008405287109247898,0.005137,0.007452,13.948568338452272,1.1126436302433984,0.022691784535674015,0.007970698674002463,-0.06843731533494235,53.95334185815071,test,0,0.005022042632236409,0
2025-08-11,0.002034,-0.003227,-0.010221,0.002424,-0.001215,8.096000000000052e-4,0.0023993499999999984,0.009090144016094207,0.008538,0.007706,13.785636746112411,0.940116726129767,0.022623491216525064,0.018706704648028705,-0.056291249279138644,59.87287939450565,test,0,0.005818294956428387,0
2025-08-12,0.013038,0.002034,-0.003227,-0.010221,0.002424,7.50000000000005e-4,0.0016755999999999982,0.008718441336232832,0.008525,0.006944,13.349416078028394,0.6130210701811952,0.022781303925980243,0.01918366329131893,-0.05428351737542447,60.770630109304406,test,0,0.007516268356039452,0
2025-08-13,0.002126,0.013038,0.002034,-0.003227,-0.010221,0.005078200000000005,0.002242099999999998,0.007531611470624626,0.006902,0.007263,13.628979754709098,0.8124735678776901,0.02098867223154316,0.028522476464765578,-0.04348661868045023,65.27044795452136,test,0,0.009487908689484738,0
2025-08-14,0.01142,0.002126,0.013038,0.002034,-0.003227,0.006818800000000005,0.0020871999999999983,0.007478792372064118,0.005162,0.007153,13.43566056364065,0.6907676468609927,0.020716793549896022,0.03200211159924238,-0.03824658080408949,67.2347879838783,test,0,0.011116069435731318,0
2025-08-15,0.005476,0.01142,0.002126,0.013038,0.002034,0.009085800000000005,0.0027594499999999984,0.0075714446471227955,0.005022,0.007559,13.876524750946832,1.0683314553937289,0.02600738252071102,0.04290276673096671,-0.02538855308030208,71.49527252087809,test,0,0.011314114812922839,0
2025-08-18,0.013369,0.005476,0.01142,0.002126,0.013038,0.006453800000000005,0.0027481499999999983,0.007503037859575428,0.005818,0.007564,13.941339361669936,1.1233009410629722,0.02666015539704314,0.03990510677861647,-0.025509586563859377,71.40115572985654,test,1,0.014092898708214716,1
2025-08-19,-1.22e-4,0.013369,0.005476,0.01142,0.002126,0.009923000000000005,0.003937849999999998,0.008987975476527885,0.007516,0.008235,13.879647123328446,1.0663566321753295,0.030129257533144847,0.05595807027776489,-0.00653224830375132,76.60208936402448,test,0,0.011522160569962563,0
2025-08-20,0.019472,-1.22e-4,0.013369,0.005476,0.01142,0.006932400000000005,0.003696049999999998,0.007882558933775532,0.009488,0.008386,13.618658340604133,0.859541572664947,0.029224128539194743,0.048334472423034125,-0.010045779135251287,73.92169974588161,test,0,0.011403385470990622,0
2025-08-21,-0.003533,0.019472,-1.22e-4,0.013369,0.005476,0.004680800000000005,0.0032622499999999987,0.008247995673023976,0.011116,0.00865,13.877223528490806,1.1125941767142313,0.025142288943871237,0.03889784431092713,-0.015766391137501112,69.64850655553889,test,0,0.011034671531133132,0
2025-08-22,-0.005782,-0.003533,0.019472,-1.22e-4,0.013369,1.4100000000000522e-4,0.0030919499999999983,0.009504057860841453,0.011314,0.008871,13.697981864960056,0.953572035489098,0.023851605414237063,0.026078552202994265,-0.02495069665449201,63.31988384632128,test,0,0.00772667315213993,0
2025-08-25,-0.00933,-0.005782,-0.003533,0.019472,-1.22e-4,0.003965000000000005,0.004074349999999998,0.010248765315338667,0.014093,0.0095,13.530952932673259,0.8311031213246931,0.026323715619936034,0.041363870316135865,-0.006425454053553659,69.36631258354888,test,1,0.014302232476085683,1
2025-08-26,0.018998,-0.00933,-0.005782,-0.003533,0.019472,0.0014518000000000053,0.004646199999999998,0.010200332077383014,0.011522,0.009297,14.000992947392687,1.3049958846197522,0.026962875208191323,0.04374902277124071,0,71.25581456826208,test,1,0.02282320375188374,1
2025-08-27,0.006906,0.018998,-0.00933,-0.005782,-0.003533,0.0016938000000000053,0.0035926999999999986,0.010267736799747493,0.011403,0.008795,14.020016706844057,1.3143689616185354,0.027809849462590852,0.037621231224818974,-0.0023235457379126023,69.687196478717,test,1,0.0230219687646387,1
2025-08-28,-0.002323,0.006906,0.018998,-0.00933,-0.005782,0.004918600000000006,0.0041281999999999985,0.010442782058542743,0.011035,0.008867,14.052733724671569,1.3197649036942254,0.030310102862431732,0.044062217016545,0,72.57467157344334,test,1,0.023208058115663188,1
2025-08-29,0.010342,-0.002323,0.006906,0.018998,-0.00933,0.007955000000000005,0.003785199999999998,0.010019365570955301,0.007727,0.008648,13.663422915278382,0.8984342230371827,0.030843122284960566,0.046210785362132745,0,74.09403982656838,test,1,0.023832746373424946,1
2025-09-01,0.005852,0.010342,-0.002323,0.006906,0.018998,0.011243400000000004,0.005617949999999998,0.013924767532869066,0.014302,0.011076,14.640979024264656,2.2220567566410097,0.03601599933341988,0.07716305454014405,0,80.99855703693089,test,1,0.013518077592616489,0
2025-09-02,0.03544,0.005852,0.010342,-0.002323,0.006906,0.004300000000000006,0.004106199999999999,0.017110477176604723,0.022823,0.013362,14.22274277049001,1.4211803542979993,0.03767704271824351,0.04299480018908408,-0.02780988276126195,65.68066321549756,test,0,0.008926351438297732,0
2025-09-03,-0.027811,0.03544,0.005852,0.010342,-0.002323,0.0038194000000000053,0.004380949999999999,0.017164201837286553,0.023022,0.013106,14.5095138719374,1.7937129680026336,0.04105609151300712,0.03365241437991928,-0.032405885323635086,63.541971221318114,test,0,0.010070725237042265,0
2025-09-04,-0.004726,-0.027811,0.03544,0.005852,0.010342,9.600000000000522e-5,0.004128549999999998,0.017319402819124887,0.023208,0.013307,14.218410378534122,1.3075650607036304,0.04231594242325356,0.021037818593083735,-0.04041499598358178,59.88265074230181,test,1,0.012945509808423922,0
2025-09-05,-0.008275,-0.004726,-0.027811,0.03544,0.005852,-0.004162199999999995,0.003254899999999999,0.017881932068120852,0.023833,0.014007,13.75951464462929,0.8335234864644542,0.041537779287085276,0.0021919263118705956,-0.05522998654415168,53.71987296513685,test,0,0.009908703563029827,0
2025-09-08,-0.015439,-0.008275,-0.004726,-0.027811,0.03544,-0.009483599999999995,0.0030446499999999986,0.017072363713518602,0.013518,0.013884,13.21021490137163,0.4904173703690395,0.03216877641932812,0.008125056463836655,-0.04688532702456283,56.43921074747399,test,0,0.011061285381907475,0
2025-09-09,0.008833,-0.015439,-0.008275,-0.004726,-0.027811,-0.004283999999999994,0.0028476999999999986,0.016952633875989102,0.008926,0.013925,13.74003133838808,0.8219624198872749,0.02737693594652616,0.0035961088514762096,-0.048610522676663104,55.71039247979697,test,0,0.01086227993102737,0
2025-09-10,-0.001813,0.008833,-0.015439,-0.008275,-0.004726,-0.002085399999999995,0.0025900499999999987,0.01703880821340898,0.010071,0.013805,13.838282302478,0.8991226190992532,0.026491723983435245,0.0074074708136233625,-0.04264859899877638,57.741286807182426,test,1,0.0128410727744998,0
2025-09-11,0.006267,-0.001813,0.008833,-0.015439,-0.008275,0.003415200000000005,0.0032776499999999987,0.017802445101726898,0.012946,0.014291,13.712997096709197,0.785699042339901,0.029682265339115898,0.02354381518209081,-0.024240863072339636,63.3320463664023,test,0,0.01043500382366964,0
2025-09-12,0.019228,0.006267,-0.001813,0.008833,-0.015439,0.005241400000000005,0.0022937999999999986,0.017906541499934845,0.009909,0.014237,14.785185456827604,2.148424951767944,0.029926858853058437,0.014870189166005021,-0.030395981548202,60.45208567174116,test,0,0.01019855488782602,0
2025-09-15,-0.006308,0.019228,0.006267,-0.001813,0.008833,0.0019686000000000052,0.0019233499999999986,0.013115910763903003,0.011061,0.014398,14.05552223906696,1.0299389108134172,0.034417654524200286,0.005411706879688172,-0.0377001006646579,57.13193287736173,test,0,0.009487254544914456,0
2025-09-16,-0.007531,-0.006308,0.019228,0.006267,-0.001813,0.002768400000000005,0.0010590499999999984,0.010083079146107435,0.010862,0.013796,14.205243224321567,1.176724290788973,0.03604941778941132,0.006637993891616345,-0.035595294181447246,57.850338758470016,test,0,0.009445565626260822,0
2025-09-17,0.002186,-0.007531,-0.006308,0.019228,0.006267,0.005079000000000005,0.0021266999999999987,0.011516038070640633,0.012841,0.014241,14.119919945548247,1.0579538218119873,0.03904888825713052,0.022495335170431785,-0.018407735926436852,63.264254889761226,test,0,0.009388269105644555,0
2025-09-18,0.01782,0.002186,-0.007531,-0.006308,0.019228,3.966000000000052e-4,0.0022065999999999987,0.011198620852091067,0.010435,0.014198,13.674565465943529,0.6829210414145463,0.032773698616581214,0.016079755616041247,-0.02251566742023925,61.23963399661858,test,0,0.009900586159415007,0
2025-09-19,-0.004184,0.01782,0.002186,-0.007531,-0.006308,7.186000000000052e-4,0.002438199999999999,0.009774746441724205,0.010199,0.014037000000000001,14.073363121536774,1.0016247451963403,0.030680479761025538,0.0089710018512148,-0.02710828060019188,58.967573289474565,test,1,0.012116273135745991,0
2025-09-22,-0.004698,-0.004184,0.01782,0.002186,-0.007531,0.003986400000000005,0.0019286999999999985,0.009773086197989524,0.009487,0.013582,14.185018209368119,1.0906248763455955,0.02666067511464242,0.015989335180274233,-0.0185399218408413,61.81408517749861,test,0,0.011346034650925407,0
2025-09-23,0.008808,-0.004698,-0.004184,0.01782,0.002186,0.004225000000000005,0.0017523499999999987,0.009627134973027482,0.009446,0.013537,13.640311575309125,0.6413858685030202,0.023209781656701362,0.017725998113051977,-0.01522171645104542,62.88780926631291,test,0,0.01115138411588445,0
2025-09-24,0.003379,0.008808,-0.004698,-0.004184,0.01782,-0.0025405999999999944,0.0010680999999999985,0.011339590172880538,0.009388,0.014088,13.634758169381671,0.6475397829788,0.022455896318997665,4.6839489276351287e-4,-0.030985734089391648,54.978624865533455,test,0,0.008498338114007938,0
2025-09-25,-0.016008,0.003379,0.008808,-0.004698,-0.004184,-0.003594399999999994,7.834999999999849e-5,0.009817579736257699,0.0099,0.014098,13.526227204145519,0.592875517519044,0.023725129719017496,-0.00897505482772698,-0.04014723477235205,50.96684259787269,test,0,0.006731336308638872,0
2025-09-26,-0.009453,-0.016008,0.003379,0.008808,-0.004698,-1.8279999999999406e-4,4.0374999999999846e-4,0.010568767882040198,0.012116,0.014311,14.142081798229638,1.0751110413780711,0.02395964534538416,0.0029654043159901278,-0.028284396300150116,55.49535446179336,test,0,0.004566895192578871,0
2025-09-29,0.01236,-0.009453,-0.016008,0.003379,0.008808,-0.001231399999999994,-0.0011900000000000016,0.01023624061036733,0.011346,0.01175,14.095761588487953,1.0661153050301062,0.02169549477087817,0.007831716525349197,-0.024820447466267215,56.751399587624,test,0,0.006350966776798631,0
2025-09-30,0.003565,0.01236,-0.009453,-0.016008,0.003379,-0.003056799999999994,-8.685000000000162e-5,0.010471388737889544,0.011151,0.010029,13.789014620360307,0.8015590800341331,0.022901805985050525,0.0021768021590402586,-0.030423096607567035,54.09225691536606,test,0,0.006446543570007108,0
2025-10-01,-0.005748,0.003565,0.01236,-0.009453,-0.016008,-5.77999999999936e-5,9.879999999999839e-5,0.008543068207617214,0.008498,0.009972,13.46648485527144,0.6133000489900992,0.020619848747904467,0.0011091010746300256,-0.03140601750954952,53.61759734743185,test,0,0.00680114481539689,0
2025-10-02,-0.001013,-0.005748,0.003565,0.01236,-0.009453,0.0019240000000000062,5.353499999999983e-4,0.00849484697135073,0.006731,0.009776,13.488843691194841,0.6490294529717641,0.023216084671380765,0.00107564607042554,-0.030965397794867733,53.81325396507981,test,0,0.006746783070471438,0
2025-10-03,4.56e-4,-0.001013,-0.005748,0.003565,0.01236,6.992000000000064e-4,0.0016190999999999983,0.008644762290928922,0.004567,0.009089,13.858167667630253,0.9348641355066564,0.020542569862551173,0.005744243258616333,-0.024922128938886012,56.52220693415874,test,0,0.006375829961659894,0
2025-10-06,0.006236,4.56e-4,-0.001013,-0.005748,0.003565,-0.0021169999999999935,6.516499999999984e-4,0.008680948767911898,0.006351,0.009308,13.952844337344981,1.0007463217451447,0.023964041866609016,-0.005431743512278264,-0.03517501076128915,51.051410401550356,test,0,0.006038683606548699,0
2025-10-07,-0.010516,0.006236,4.56e-4,-0.001013,-0.005748,-0.0022429999999999937,4.233999999999984e-4,0.008597808783508609,0.006446,0.009427,13.298973655852912,0.528033832656389,0.023620689701636322,-0.012147293066345988,-0.041330129237151736,48.04495743670742,test,0,0.00572364732491442,0
2025-10-08,-0.006378,-0.010516,0.006236,4.56e-4,-0.001013,-0.0015335999999999937,2.367499999999984e-4,0.007298053394189744,0.006801,0.009341,13.735182976384685,0.8204186187393465,0.022360225354393422,-0.00983436771669366,-0.038899942041560553,49.31413254909742,test,0,0.007011196046324764,0
2025-10-09,0.002534,-0.006378,-0.010516,0.006236,4.56e-4,-0.0017145999999999936,-7.471000000000016e-4,0.006636752938498363,0.006747,0.008203,14.220083935265345,1.2979780117771873,0.019661206254684725,-0.009507934053395783,-0.039330393608980496,49.08540657615763,test,0,0.0070066084662980845,0
2025-10-10,-4.49e-4,0.002534,-0.006378,-0.010516,0.006236,-0.001976799999999994,-1.8545000000000155e-4,0.005415342377603346,0.006376,0.008186,13.7611325106148,0.8850225055692722,0.021656203163754478,-0.004413762971054114,-0.034598815749782186,51.73536749996014,test,0,0.006863663365871028,0
2025-10-13,0.004925,-4.49e-4,0.002534,-0.006378,-0.010516,-0.0017707999999999938,-2.8320000000000157e-4,0.0058452407126558005,0.006039,0.00829,14.187919963462106,1.3448356404097612,0.022185999915039938,-0.013550141186639109,-0.04375692705032208,46.6720130243695,test,0,0.0035812605601938546,0
2025-10-14,-0.009486,0.004925,-4.49e-4,0.002534,-0.006378,1.4620000000000616e-4,-2.3215000000000155e-4,0.005883526365105275,0.005724,0.008309,13.97777140416142,1.1053265132341705,0.022032803445550933,-0.010129080905343035,-0.04069292534207336,48.48846150431693,test,0,0.005699715080598328,0
2025-10-15,0.003207,-0.009486,0.004925,-4.49e-4,0.002534,0.0014560000000000063,-6.690000000000014e-4,0.0066998676073155026,0.007011,0.0075,13.544440407001435,0.737183931916707,0.02364859852507691,-4.374774699102968e-4,-0.03197882313863587,53.35470734930211,test,0,0.003876920840048195,0
2025-10-16,0.009083,0.003207,-0.009486,0.004925,-4.49e-4,0.0023948000000000064,-2.475500000000015e-4,0.006836702396298639,0.007007,0.007529,13.742341836883822,0.8958734709472753,0.023845455486758718,0.00408191843164718,-0.027870891644833362,55.48941334409139,test,0,0.006048252780762392,0
2025-10-17,0.004245,0.009083,0.003207,-0.009486,0.004925,0.0017024000000000063,6.04999999999985e-5,0.006539500589154768,0.006864,0.007463,13.783336478865534,0.9482522163779048,0.025010098712355006,0.005517928234551883,-0.026447351028169086,56.236842864211894,test,0,0.006077781889801575,0
2025-10-20,0.001463,0.004245,0.009083,0.003207,-0.009486,0.003516200000000006,-4.0075000000000153e-4,0.005447174905908158,0.003581,0.007173,13.577381533215444,0.7974827061778825,0.022277472979615787,0.005529579168521259,-0.02685407691864461,55.947770647337514,test,0,0.0069385323952547776,0
2025-10-21,-4.17e-4,0.001463,0.004245,0.009083,0.003207,0.0016090000000000058,-8.861500000000016e-4,0.005439945081422136,0.005699,0.007232,13.573042739921222,0.7962297127018431,0.02449059499567097,8.535633993411729e-5,-0.03301258477692781,51.620941859561235,test,0,0.006475374985280775,0
2025-10-22,-0.006329,-4.17e-4,0.001463,0.004245,0.009083,-2.5279999999999444e-4,-9.705000000000155e-5,0.005416533684521454,0.003877,0.006296,14.192202321944556,1.4335908023875952,0.02459891863024975,-2.2962993995845338e-5,-0.03322950525184809,51.46995108595242,test,0,0.006542318763252062,0
2025-10-23,-2.26e-4,-0.006329,-4.17e-4,0.001463,0.004245,9.838000000000056e-4,8.969999999999985e-4,0.006215330491793837,0.006048,0.00631,13.571170182913539,0.7690946539436893,0.027371642177451867,0.009515843334478857,-0.023149481932896898,57.66655542762412,test,0,0.0032687000780126643,0
2025-10-24,0.010428,-2.26e-4,-0.006329,-4.17e-4,0.001463,5.708000000000056e-4,2.488999999999984e-4,0.006140923984041634,0.006078,0.005708,14.085119287046172,1.290698473849584,0.02470572232439819,0.00866947624022818,-0.023739234474086435,57.20632003139317,test,0,0.004419182051013513,0
2025-10-27,-6.02e-4,0.010428,-2.26e-4,-0.006329,-4.17e-4,-6.993999999999943e-4,-2.677500000000016e-4,0.005659827680926141,0.006938,0.005858,13.706388532244938,0.9027709465189713,0.026848188743402147,0.002130287866466851,-0.030345140811892546,52.18256237358159,test,0,0.0038104378619785943,0
2025-10-28,-0.006768,-6.02e-4,0.010428,-2.26e-4,-0.006329,-1.511999999999943e-4,-1.5975000000000158e-4,0.00582537259561805,0.006475,0.005771,13.809100054522943,0.9994310864197432,0.023442608975861555,-0.0012915707360515727,-0.03382603655787875,49.70552465404891,test,0,0.00376140355452589,0
2025-10-29,-0.003588,-0.006768,-6.02e-4,0.010428,-2.26e-4,2.854000000000057e-4,-1.125000000000159e-5,0.005077772347310492,0.006542,0.005786,13.955971386496381,1.132182930729151,0.023462120888305873,6.90736821563176e-4,-0.03193476116716765,51.064707383028455,test,0,0.005258033358585699,0
2025-10-30,0.001957,-0.003588,-0.006768,-6.02e-4,0.010428,-0.002327799999999994,-1.659500000000016e-4,0.004904417328626647,0.003269,0.005814,13.665870689114687,0.8413047572542087,0.020400681299671992,-0.0017657907564234687,-0.03448696612990143,49.13498919251901,test,0,0.0030747270285344033,0
2025-10-31,-0.002638,0.001957,-0.003588,-0.006768,-6.02e-4,-0.0013609999999999942,-2.661500000000016e-4,0.005112121095983545,0.004419,0.005714,13.95748656921813,1.1201974729419422,0.020852675285493553,0.002740923571539655,-0.030402760313043342,52.245045371245936,test,0,0.0072400439708609505,0
2025-11-03,0.004232,-0.002638,0.001957,-0.003588,-0.006768,8.992000000000056e-4,4.862999999999984e-4,0.005344150269219607,0.00381,0.005267,13.303902961870934,0.5986353218314757,0.020391132763929946,0.00680990938689785,-0.026006731313487408,55.405625342805266,test,0,0.00900224683065289,0
2025-11-04,0.004533,0.004232,-0.002638,0.001957,-0.003588,0.0031092000000000055,0.0011782999999999982,0.00527983661363367,0.003761,0.005227,13.92543703374288,1.086346616957842,0.023515513079595006,0.013138677446509872,-0.018739895403658502,60.105931668032305,test,0,0.008636490710931147,0
2025-11-05,0.007462,0.004533,0.004232,-0.002638,0.001957,0.0050654000000000055,0.0016384999999999982,0.006136560730572133,0.005258,0.005733,13.198377674223158,0.535042475998963,0.021037984702292196,0.02335976611235524,-0.007219384555939956,66.19009781653551,test,0,0.006344079247613478,0
2025-11-06,0.011738,0.007462,0.004533,0.004232,-0.002638,0.007256400000000006,0.0020767999999999984,0.0058707903130668865,0.003075,0.005898,13.75879839747966,0.963538656509155,0.020769128233377853,0.02972821827330452,0,69.75066637716313,test,0,0.0034411230288962347,0
2025-11-07,0.008317,0.011738,0.007462,0.004533,0.004232,0.004985200000000006,0.0014743499999999982,0.0065699252735476376,0.00724,0.006199,14.029070735088483,1.2440857523021547,0.023263549121216115,0.020895846628015802,-0.007123872081802651,63.52777502714809,test,0,0.003356147151124336,0
2025-11-10,-0.007124,0.008317,0.011738,0.007462,0.004533,0.0027030000000000053,0.001604749999999998,0.006585959601893849,0.009002,0.00598,13.971084224865024,1.1909246034253935,0.02115312034137986,0.012271212798753206,-0.013953173407371011,58.1699627948646,test,0,0.0030792579138487243,0
2025-11-11,-0.0068780000000000004,-0.007124,0.008317,0.011738,0.007462,0.0011594000000000053,0.0014315999999999984,0.006363549097965869,0.008637,0.005981,13.49090720663272,0.7542210072046641,0.02101025718969775,0.010585060124203682,-0.014207113714469477,57.97416922411936,test,0,0.0023720391438591393,0
2025-11-12,-2.56e-4,-0.0068780000000000004,-0.007124,0.008317,0.011738,-0.0018399999999999949,8.144999999999982e-4,0.006589456208384894,0.006344,0.005784,13.523093292158979,0.7795463656034514,0.02274964862971941,0.006488242174527814,-0.017420305066955577,55.43174608680972,test,0,0.0025806914383552323,0
2025-11-13,-0.003259,-2.56e-4,-0.0068780000000000004,-0.007124,0.008317,-0.005254799999999994,1.6439999999999825e-4,0.007276342255709404,0.003441,0.0061,13.643341687785803,0.8831946194010802,0.020812461099975706,-0.002470425291828504,-0.02602380267145188,49.20901407405056,test,0,0.006006710730508004,0
2025-11-14,-0.008757,-0.003259,-2.56e-4,-0.0068780000000000004,-0.007124,-0.004466799999999995,-6.795000000000176e-5,0.007288336203978397,0.003356,0.006136,13.862063936678977,1.0945688633358703,0.02018459211474923,-0.005561879924084412,-0.02912526028881479,47.153991975548536,test,0,0.005937546041926749,0
2025-11-17,-0.003184,-0.008757,-0.003259,-2.56e-4,-0.0068780000000000004,-0.003780399999999994,-2.1940000000000176e-4,0.007204746106252153,0.003079,0.006183,13.307525894845275,0.63483336688405,0.021940181892179954,-0.008754375540058867,-0.03247050060099199,44.972445397445426,test,0,0.010159652946828449,0
2025-11-18,-0.003446,-0.003184,-0.008757,-0.003259,-2.56e-4,-0.004734199999999994,-1.5420000000000174e-4,0.006730514825941789,0.002372,0.006121,13.812204097644118,1.0399404519504145,0.0251341476137106,-0.013567998023798267,-0.03733261101423746,41.93567575593718,test,0,0.008874760233380956,0
2025-11-19,-0.005025,-0.003446,-0.003184,-0.008757,-0.003259,-0.004517599999999995,-0.00025170000000000173,0.0047790409730637615,0.00258,0.006138,13.893367493963025,1.1504616962873204,0.023681999631867613,-0.01545012545418567,-0.039425079144728925,40.66309743179323,test,0,0.008826288132618378,0
2025-11-20,-0.002176,-0.005025,-0.003446,-0.003184,-0.008757,-8.105999999999943e-4,-2.842000000000017e-4,0.005175421508330398,0.006006,0.00608,13.744751127029602,0.9838100260375144,0.02632141180765991,-0.005527374345311253,-0.030036059523607994,48.2514140125176,test,0,0.008905182631479266,0
2025-11-21,0.009778,-0.002176,-0.005025,-0.003446,-0.003184,2.1500000000000571e-4,-1.569000000000017e-4,0.0051733380036490945,0.005937,0.0061,13.946840529237946,1.2149895563727862,0.02740527430112451,-0.0034201218994566185,-0.028150129509556532,49.6444362223305,test,0,0.008875411049635955,0
2025-11-24,0.001944,0.009778,-0.002176,-0.005025,-0.003446,0.004929000000000005,0.0011876999999999983,0.00843560990418331,0.01016,0.007393,13.871440884680503,1.1171721091081055,0.027908732645944578,0.015452806576958134,-0.008589954121451138,61.28493113165204,test,0,0.0021984786785411406,0
2025-11-25,0.020124,0.001944,0.009778,-0.002176,-0.005025,0.006276800000000006,0.0014527999999999982,0.008437068066968919,0.008875,0.007307,13.680096250911316,0.9285121234146274,0.0240234568056436,0.015740497366887318,-0.006890246999271987,62.10470728633568,test,0,0.007397030383877032,0
2025-11-26,0.001714,0.020124,0.001944,0.009778,-0.002176,0.006317800000000005,0.0012563999999999982,0.008378332205423967,0.008826,0.007345,13.331463175230889,0.6743678785961863,0.022332821112341528,0.012491506567591681,-0.008847280299310811,60.515820418815984,test,0,0.008522856580982693,0
2025-11-27,-0.001971,0.001714,0.020124,0.001944,0.009778,0.004438800000000006,0.0014074499999999982,0.007676963425296055,0.008905,0.007292,13.84886312564248,1.1207580589562869,0.021816333080045564,0.011482993629616356,-0.008468062774043883,60.72549896664649,test,0,0.008459429165138744,0
2025-11-28,3.83e-4,-0.001971,0.001714,0.020124,0.001944,0.004530400000000006,0.0013159499999999985,0.00747340611100454,0.008876,0.007266,13.577240678404163,0.8713946212042085,0.022502333497523754,0.012603428122790472,-0.006087795628840875,62.08646457747703,test,0,0.00848883059084112,0
2025-12-01,0.002402,3.83e-4,-0.001971,0.001714,0.020124,0.0012720000000000055,0.0012808999999999984,0.007192909691726522,0.002198,0.007251,13.67092399580561,0.9431127690982297,0.023326049290556247,0.015204887089497632,-0.002278691022363666,64.22305654183404,test,0,0.011434207261546382,0
2025-12-02,0.003832,0.002402,3.83e-4,-0.001971,0.001714,0.0043220000000000055,0.0017559999999999982,0.007770762999860438,0.007397,0.007955,13.935291596283331,1.2277657049450015,0.025734209130456077,0.030623520506302793,0,71.82199388146172,test,0,0.008476924990820669,0
2025-12-03,0.016964,0.003832,0.002402,3.83e-4,-0.001971,0.0034336000000000054,8.484499999999983e-4,0.008319764353634062,0.008523,0.00779,14.169843762169515,1.4808842205558759,0.02795107667374775,0.02316185048763142,-0.006413700358059438,66.01628027055449,test,0,0.008926161397823816,0
2025-12-04,-0.006413,0.016964,0.003832,0.002402,3.83e-4,0.004801400000000006,7.936999999999982e-4,0.008190682883618435,0.008459,0.007738,13.805995432395546,1.026773619962943,0.03155230024752336,0.02974747838053937,0,69.03321541794769,test,0,0.009329996264736658,0
2025-12-05,0.007222,-0.006413,0.016964,0.003832,0.002402,0.004723400000000005,0.0012504999999999984,0.008188242159069038,0.008489,0.007512,13.954026507020753,1.1961434701905318,0.02973714964135741,0.03053314039750754,0,69.84150378598079,test,0,0.009271292628323194,0
2025-12-08,0.002012,0.007222,-0.006413,0.016964,0.003832,0.0015132000000000058,9.834499999999981e-4,0.007763469015559704,0.011434,0.007901,13.454390032770366,0.7440258374941534,0.029654649858759076,0.016962798740166818,-0.012219511951627848,59.633705971293004,test,0,0.009675889891891082,0
2025-12-09,-0.012219,0.002012,0.007222,-0.006413,0.016964,-5.763999999999941e-4,0.0013220499999999982,0.00793223430482652,0.008477,0.00799,13.876890659040257,1.114948823175519,0.028098693253976244,0.022255130436627413,-0.0057836361034665495,62.723911021633036,test,0,0.009439596919360487,0
2025-12-10,0.006516,-0.012219,0.002012,0.007222,-0.006413,0.0028044000000000064,0.002009549999999998,0.00823442299132125,0.008926,0.008165,13.800533966600495,1.0202175789639873,0.028700499585748128,0.030915091277606388,0,67.11697374111975,test,0,0.00878547490463663,0
2025-12-11,0.010491,0.006516,-0.012219,0.002012,0.007222,5.86000000000065e-5,0.002122049999999998,0.00876025410590355,0.00933,0.008023,14.122817300702355,1.371402994245033,0.024242597806173372,0.022066251402024895,-0.006505486934372029,62.172051815989896,test,0,0.00868498748991615,0
2025-12-12,-0.006507,0.010491,0.006516,-0.012219,0.002012,-2.8799999999999345e-4,0.002295199999999998,0.008786693045610378,0.009271,0.007939,13.68039505415504,0.8888980463351519,0.025976372698248578,0.020041941608142322,-0.006230560551707676,62.298469359621606,test,0,0.008616942700285294,0
2025-12-15,2.79e-4,-0.006507,0.010491,0.006516,-0.012219,-5.347999999999933e-4,0.0017948499999999982,0.010044022675756518,0.009676,0.008607,13.75510110049833,0.9415764014925729,0.025930296434455664,0.004573292575497323,-0.019599269954521104,53.019714602570915,test,0,0.007691863116306738,0
2025-12-16,-0.013453,2.79e-4,-0.006507,0.010491,0.006516,-0.0037819999999999937,0.0015600999999999983,0.008625199950017261,0.00944,0.008863,14.080213623764017,1.2836511124534975,0.028295383579580842,-0.006672397435421584,-0.029128947098201574,47.5796174753806,test,0,0.006616587753517669,0
2025-12-17,-0.00972,-0.013453,2.79e-4,-0.006507,0.010491,-0.004133399999999994,0.0021055999999999983,0.009115166716949162,0.008786,0.008957,13.79250187676527,0.9676530432699796,0.026732708455355865,-2.3843985253235722e-5,-0.020649289994335795,52.272333323524855,test,0,0.003794805093809167,0
2025-12-18,0.008734,-0.00972,-0.013453,2.79e-4,-0.006507,-0.0035081999999999934,0.0014476499999999982,0.008703233802571445,0.008685,0.008846,13.53830013260195,0.756962157684977,0.025864536600359516,-0.004781282460429415,-0.023958343684477246,50.377079990331424,test,1,0.013436164434093532,0
2025-12-19,-0.003381,0.008734,-0.00972,-0.013453,2.79e-4,-0.005267999999999993,9.244499999999983e-4,0.008837013535251726,0.008617,0.00912,14.453418775477044,1.8217589688047078,0.026837003213427947,-0.014115139189948112,-0.03227569485158932,45.87477191770012,test,1,0.023883260445341212,1
2025-12-22,-0.00852,-0.003381,0.008734,-0.00972,-0.013453,-0.002140199999999993,2.7549999999998332e-5,0.008283810760889111,0.007692,0.007938,13.545862228994311,0.7456427774424039,0.02726713975599407,-0.011959690501122,-0.030162405307735396,47.16678788944996,test,1,0.026406746386103686,1
2025-12-23,0.002186,-0.00852,-0.003381,0.008734,-0.00972,-9.619999999999935e-4,-2.496000000000017e-4,0.007827458037788088,0.006617,0.007973,13.799335443281347,0.9555955055044915,0.024861800239429327,-0.01547044575082579,-0.03387556765673283,45.12839611150455,test,1,0.027280366278699415,1
2025-12-24,-0.003829,0.002186,-0.00852,-0.003381,0.008734,-0.0033921999999999932,-3.2190000000000164e-4,0.006391955913490017,0.003795,0.007996,13.902181710417432,1.035265191429575,0.025877748041259835,-0.018491830557510136,-0.037174684248705514,43.336378068052,test,1,0.033530015548758695,1
